photo,row,col,gt,pred,conf,threshold,fg_frac,comps,largest_frac
3bor2sty6q0d1.webp,1,1,1,1,1.0,adaptive,0.1894,23,0.0794
3bor2sty6q0d1.webp,1,2,7,7,0.9999,adaptive,0.1354,41,0.0491
3bor2sty6q0d1.webp,1,3,5,5,1.0,adaptive,0.1905,34,0.1146
3bor2sty6q0d1.webp,1,4,6,6,1.0,adaptive,0.2472,34,0.1267
3bor2sty6q0d1.webp,1,5,9,9,0.7014,adaptive,0.1731,38,0.0696
3bor2sty6q0d1.webp,1,6,4,4,1.0,adaptive,0.2208,44,0.1063
3bor2sty6q0d1.webp,1,7,3,3,1.0,adaptive,0.2084,29,0.1049
3bor2sty6q0d1.webp,1,8,2,4,0.9887,adaptive,0.1791,48,0.0691
3bor2sty6q0d1.webp,1,9,8,8,0.9993,adaptive,0.1931,40,0.098
3bor2sty6q0d1.webp,2,1,4,4,1.0,adaptive,0.1949,25,0.1072
3bor2sty6q0d1.webp,2,2,0,8,0.4828,adaptive,0.0973,32,0.0087
3bor2sty6q0d1.webp,2,3,0,0,0.9866,adaptive,0.0923,49,0.0046
3bor2sty6q0d1.webp,2,4,0,5,0.3972,adaptive,0.1455,50,0.0298
3bor2sty6q0d1.webp,2,5,0,6,0.4561,adaptive,0.1187,60,0.0064
3bor2sty6q0d1.webp,2,6,5,5,0.9885,adaptive,0.2107,58,0.0879
3bor2sty6q0d1.webp,2,7,9,9,1.0,adaptive,0.2472,47,0.124
3bor2sty6q0d1.webp,2,8,1,4,0.5164,adaptive,0.1641,65,0.0478
3bor2sty6q0d1.webp,2,9,6,6,0.9998,adaptive,0.1887,56,0.073
3bor2sty6q0d1.webp,3,1,9,2,0.5427,adaptive,0.1568,18,0.0702
3bor2sty6q0d1.webp,3,2,6,6,0.7198,adaptive,0.1646,8,0.0686
3bor2sty6q0d1.webp,3,3,0,1,0.9918,adaptive,0.1088,27,0.0569
3bor2sty6q0d1.webp,3,4,1,1,1.0,adaptive,0.2128,18,0.0863
3bor2sty6q0d1.webp,3,5,3,3,1.0,adaptive,0.2245,36,0.1049
3bor2sty6q0d1.webp,3,6,0,4,0.4151,adaptive,0.1393,64,0.0067
3bor2sty6q0d1.webp,3,7,4,4,0.971,adaptive,0.2229,36,0.0737
3bor2sty6q0d1.webp,3,8,5,5,0.9962,adaptive,0.1761,51,0.073
3bor2sty6q0d1.webp,3,9,7,7,0.9999,adaptive,0.2117,50,0.0911
3bor2sty6q0d1.webp,4,1,2,9,0.8992,adaptive,0.1377,27,0.0732
3bor2sty6q0d1.webp,4,2,0,0,0.9866,adaptive,0.0631,15,0.0037
3bor2sty6q0d1.webp,4,3,4,4,1.0,adaptive,0.1697,16,0.1111
3bor2sty6q0d1.webp,4,4,0,5,0.3599,adaptive,0.115,35,0.0416
3bor2sty6q0d1.webp,4,5,6,6,0.472,adaptive,0.2039,40,0.1026
3bor2sty6q0d1.webp,4,6,1,1,1.0,adaptive,0.2068,52,0.0847
3bor2sty6q0d1.webp,4,7,5,5,0.7612,adaptive,0.2124,32,0.082
3bor2sty6q0d1.webp,4,8,7,7,0.9999,adaptive,0.1977,50,0.0909
3bor2sty6q0d1.webp,4,9,9,9,0.6144,adaptive,0.1878,55,0.0824
3bor2sty6q0d1.webp,5,1,6,6,0.9999,adaptive,0.1664,24,0.0971
3bor2sty6q0d1.webp,5,2,1,9,0.3995,adaptive,0.112,20,0.0475
3bor2sty6q0d1.webp,5,3,7,7,0.9999,adaptive,0.1522,19,0.0937
3bor2sty6q0d1.webp,5,4,0,5,0.3651,adaptive,0.1219,25,0.0438
3bor2sty6q0d1.webp,5,5,5,5,0.9953,adaptive,0.1919,33,0.104
3bor2sty6q0d1.webp,5,6,9,2,0.5635,adaptive,0.168,54,0.0643
3bor2sty6q0d1.webp,5,7,8,8,1.0,adaptive,0.2617,33,0.1352
3bor2sty6q0d1.webp,5,8,0,5,0.4421,adaptive,0.1322,73,0.0092
3bor2sty6q0d1.webp,5,9,2,2,0.9941,adaptive,0.1763,66,0.0737
3bor2sty6q0d1.webp,6,1,5,5,0.9428,adaptive,0.2103,15,0.1208
3bor2sty6q0d1.webp,6,2,9,9,1.0,adaptive,0.205,16,0.1327
3bor2sty6q0d1.webp,6,3,0,1,0.9851,adaptive,0.0769,13,0.0496
3bor2sty6q0d1.webp,6,4,2,2,1.0,adaptive,0.2091,5,0.1123
3bor2sty6q0d1.webp,6,5,0,1,0.5668,adaptive,0.1141,30,0.0326
3bor2sty6q0d1.webp,6,6,0,3,0.5461,adaptive,0.124,36,0.0328
3bor2sty6q0d1.webp,6,7,6,6,1.0,adaptive,0.2507,21,0.1331
3bor2sty6q0d1.webp,6,8,0,0,0.9118,adaptive,0.1515,51,0.0165
3bor2sty6q0d1.webp,6,9,1,4,0.5229,adaptive,0.1687,57,0.0427
3bor2sty6q0d1.webp,7,1,3,3,1.0,adaptive,0.1761,10,0.1171
3bor2sty6q0d1.webp,7,2,2,4,0.5325,adaptive,0.1226,14,0.0822
3bor2sty6q0d1.webp,7,3,1,5,0.4782,adaptive,0.0657,7,0.039
3bor2sty6q0d1.webp,7,4,5,5,0.9999,adaptive,0.1749,12,0.095
3bor2sty6q0d1.webp,7,5,8,8,1.0,adaptive,0.2176,23,0.1412
3bor2sty6q0d1.webp,7,6,6,6,1.0,adaptive,0.2149,27,0.1348
3bor2sty6q0d1.webp,7,7,7,7,0.9997,adaptive,0.1894,28,0.0831
3bor2sty6q0d1.webp,7,8,9,9,0.7211,adaptive,0.1912,56,0.0748
3bor2sty6q0d1.webp,7,9,4,4,0.9998,adaptive,0.2004,61,0.0776
3bor2sty6q0d1.webp,8,1,8,8,0.958,adaptive,0.1754,25,0.104
3bor2sty6q0d1.webp,8,2,5,6,0.82,adaptive,0.1543,23,0.1031
3bor2sty6q0d1.webp,8,3,9,9,1.0,adaptive,0.1612,7,0.1393
3bor2sty6q0d1.webp,8,4,0,4,0.499,adaptive,0.0875,12,0.0427
3bor2sty6q0d1.webp,8,5,0,0,0.9866,adaptive,0.0719,25,0.0037
3bor2sty6q0d1.webp,8,6,0,6,0.4047,adaptive,0.0932,36,0.0076
3bor2sty6q0d1.webp,8,7,1,1,0.4681,adaptive,0.1538,41,0.0542
3bor2sty6q0d1.webp,8,8,6,6,0.6198,adaptive,0.2254,57,0.1051
3bor2sty6q0d1.webp,8,9,3,3,1.0,adaptive,0.2241,49,0.1157
3bor2sty6q0d1.webp,9,1,7,7,0.9984,adaptive,0.1469,18,0.0597
3bor2sty6q0d1.webp,9,2,4,4,0.9688,adaptive,0.1416,23,0.0698
3bor2sty6q0d1.webp,9,3,6,6,1.0,adaptive,0.1915,14,0.1478
3bor2sty6q0d1.webp,9,4,9,9,1.0,adaptive,0.2424,13,0.1439
3bor2sty6q0d1.webp,9,5,1,7,0.8199,adaptive,0.155,35,0.0627
3bor2sty6q0d1.webp,9,6,3,3,1.0,adaptive,0.2355,29,0.1157
3bor2sty6q0d1.webp,9,7,2,2,1.0,adaptive,0.2371,31,0.1205
3bor2sty6q0d1.webp,9,8,8,8,1.0,adaptive,0.2273,46,0.1107
3bor2sty6q0d1.webp,9,9,5,5,1.0,adaptive,0.2243,50,0.1288
w9y7j9hnxszc1.webp,1,1,6,6,1.0,adaptive,0.1738,1,0.1148
w9y7j9hnxszc1.webp,1,2,8,8,1.0,adaptive,0.1855,1,0.1283
w9y7j9hnxszc1.webp,1,4,0,0,0.6324,adaptive,0.0744,1,0.0142
w9y7j9hnxszc1.webp,1,5,9,9,1.0,adaptive,0.1814,2,0.1104
w9y7j9hnxszc1.webp,1,6,0,4,0.2853,adaptive,0.0579,1,0.0266
w9y7j9hnxszc1.webp,1,9,3,3,0.9999,adaptive,0.1669,2,0.1088
w9y7j9hnxszc1.webp,2,2,9,9,1.0,adaptive,0.1667,1,0.1095
w9y7j9hnxszc1.webp,2,3,0,0,0.9866,adaptive,0.0429,0,0.0
w9y7j9hnxszc1.webp,2,4,6,6,1.0,adaptive,0.1848,2,0.1127
w9y7j9hnxszc1.webp,2,5,5,5,1.0,adaptive,0.168,2,0.1093
w9y7j9hnxszc1.webp,2,7,8,8,1.0,adaptive,0.1995,2,0.1283
w9y7j9hnxszc1.webp,2,8,2,2,0.9997,adaptive,0.1618,2,0.1028
w9y7j9hnxszc1.webp,3,2,5,5,1.0,adaptive,0.1694,1,0.112
w9y7j9hnxszc1.webp,3,6,7,7,0.9999,adaptive,0.1345,2,0.0755
w9y7j9hnxszc1.webp,3,7,6,6,1.0,adaptive,0.1837,2,0.1125
w9y7j9hnxszc1.webp,3,8,9,9,1.0,adaptive,0.1697,2,0.1107
w9y7j9hnxszc1.webp,3,9,0,4,0.2234,adaptive,0.059,1,0.0282
w9y7j9hnxszc1.webp,4,1,0,1,0.5316,adaptive,0.0735,1,0.0278
w9y7j9hnxszc1.webp,4,2,7,7,0.9999,adaptive,0.1458,2,0.0753
w9y7j9hnxszc1.webp,4,3,1,1,0.9994,adaptive,0.1141,2,0.0686
w9y7j9hnxszc1.webp,4,5,6,6,1.0,adaptive,0.194,3,0.1116
w9y7j9hnxszc1.webp,4,7,0,0,0.489,adaptive,0.0877,1,0.0691
w9y7j9hnxszc1.webp,4,8,8,8,1.0,adaptive,0.1993,3,0.1263
w9y7j9hnxszc1.webp,4,9,9,9,1.0,adaptive,0.1834,3,0.1107
w9y7j9hnxszc1.webp,5,1,0,1,0.6032,adaptive,0.0579,1,0.0266
w9y7j9hnxszc1.webp,5,2,2,2,0.9997,adaptive,0.1462,2,0.1012
w9y7j9hnxszc1.webp,5,3,0,0,0.9807,adaptive,0.045,1,0.0142
w9y7j9hnxszc1.webp,5,5,0,0,0.6753,adaptive,0.0597,1,0.0558
w9y7j9hnxszc1.webp,5,6,8,8,1.0,adaptive,0.1841,2,0.1247
w9y7j9hnxszc1.webp,5,7,0,4,0.499,adaptive,0.0716,2,0.0427
w9y7j9hnxszc1.webp,5,8,0,0,0.6325,adaptive,0.0597,1,0.056
w9y7j9hnxszc1.webp,5,9,0,0,0.5486,adaptive,0.0716,1,0.0682
w9y7j9hnxszc1.webp,6,2,0,1,0.5297,adaptive,0.0556,1,0.0282
w9y7j9hnxszc1.webp,6,4,3,3,1.0,adaptive,0.1807,3,0.1081
w9y7j9hnxszc1.webp,6,5,0,0,0.6753,adaptive,0.0595,1,0.0558
w9y7j9hnxszc1.webp,6,7,2,2,0.9991,adaptive,0.1717,3,0.0999
w9y7j9hnxszc1.webp,6,8,0,0,0.6325,adaptive,0.0597,1,0.056
w9y7j9hnxszc1.webp,6,9,0,0,0.5806,adaptive,0.0684,1,0.0643
w9y7j9hnxszc1.webp,7,1,0,1,0.9525,adaptive,0.0739,1,0.0427
w9y7j9hnxszc1.webp,7,3,0,1,0.9525,adaptive,0.0691,1,0.0427
w9y7j9hnxszc1.webp,7,4,0,0,0.9211,adaptive,0.0888,1,0.0562
w9y7j9hnxszc1.webp,7,5,0,1,0.986,adaptive,0.0721,2,0.0432
w9y7j9hnxszc1.webp,7,6,0,1,0.986,adaptive,0.0723,2,0.0432
w9y7j9hnxszc1.webp,7,7,4,4,1.0,adaptive,0.1938,2,0.1049
w9y7j9hnxszc1.webp,7,9,2,2,0.9995,adaptive,0.1873,3,0.1047
w9y7j9hnxszc1.webp,8,1,0,1,0.9791,adaptive,0.0714,1,0.0397
w9y7j9hnxszc1.webp,8,3,0,1,0.7052,adaptive,0.0565,1,0.0292
w9y7j9hnxszc1.webp,8,6,6,6,1.0,adaptive,0.1843,2,0.1118
w9y7j9hnxszc1.webp,8,8,7,7,0.9999,adaptive,0.1508,2,0.0785
w9y7j9hnxszc1.webp,8,9,8,8,1.0,adaptive,0.211,2,0.1272
w9y7j9hnxszc1.webp,9,1,2,2,0.9997,adaptive,0.1756,2,0.1045
w9y7j9hnxszc1.webp,9,2,0,1,0.9543,adaptive,0.0705,1,0.0409
w9y7j9hnxszc1.webp,9,3,0,1,0.7018,adaptive,0.045,1,0.0278
w9y7j9hnxszc1.webp,9,4,0,1,0.9676,adaptive,0.0852,2,0.0381
w9y7j9hnxszc1.webp,9,5,0,0,0.7439,adaptive,0.0721,1,0.068
w9y7j9hnxszc1.webp,9,6,0,0,0.6831,adaptive,0.0595,1,0.0558
w9y7j9hnxszc1.webp,9,8,1,0,0.5483,adaptive,0.1481,2,0.082
kt8h5700va8c1.webp,1,1,5,5,0.9999,adaptive,0.1724,3,0.0838
kt8h5700va8c1.webp,1,2,2,2,0.9999,adaptive,0.1745,2,0.082
kt8h5700va8c1.webp,1,3,7,7,1.0,adaptive,0.146,2,0.0611
kt8h5700va8c1.webp,1,5,3,3,0.9999,adaptive,0.1678,3,0.0817
kt8h5700va8c1.webp,1,6,4,4,1.0,adaptive,0.1736,3,0.0751
kt8h5700va8c1.webp,2,1,4,4,1.0,adaptive,0.1483,2,0.0758
kt8h5700va8c1.webp,2,2,9,9,1.0,adaptive,0.1747,1,0.0918
kt8h5700va8c1.webp,2,5,2,2,0.9999,adaptive,0.1683,2,0.082
kt8h5700va8c1.webp,2,6,1,1,1.0,adaptive,0.1428,2,0.0579
kt8h5700va8c1.webp,2,7,7,7,0.9999,adaptive,0.1618,2,0.0636
kt8h5700va8c1.webp,2,9,5,5,0.9999,adaptive,0.1439,2,0.0859
kt8h5700va8c1.webp,3,2,1,1,1.0,adaptive,0.1483,1,0.0624
kt8h5700va8c1.webp,3,4,9,9,0.9999,adaptive,0.1894,2,0.0911
kt8h5700va8c1.webp,3,5,5,5,0.9999,adaptive,0.1715,2,0.0843
kt8h5700va8c1.webp,3,6,7,7,0.9999,adaptive,0.1506,3,0.0652
kt8h5700va8c1.webp,4,1,1,1,1.0,adaptive,0.1455,3,0.059
kt8h5700va8c1.webp,4,2,7,7,1.0,adaptive,0.149,2,0.0634
kt8h5700va8c1.webp,4,4,5,5,1.0,adaptive,0.1843,2,0.0872
kt8h5700va8c1.webp,4,5,8,8,1.0,adaptive,0.1924,2,0.0925
kt8h5700va8c1.webp,4,6,2,2,1.0,adaptive,0.1823,3,0.0831
kt8h5700va8c1.webp,4,8,9,9,1.0,adaptive,0.1756,3,0.0902
kt8h5700va8c1.webp,4,9,4,4,1.0,adaptive,0.1485,2,0.0751
kt8h5700va8c1.webp,5,3,2,2,1.0,adaptive,0.1655,2,0.0829
kt8h5700va8c1.webp,5,4,1,0,0.5176,adaptive,0.1472,2,0.0693
kt8h5700va8c1.webp,5,6,3,3,0.9997,adaptive,0.155,2,0.0822
kt8h5700va8c1.webp,5,8,7,7,1.0,adaptive,0.1247,2,0.0647
kt8h5700va8c1.webp,6,4,7,7,1.0,adaptive,0.1481,3,0.0611
kt8h5700va8c1.webp,6,6,6,6,1.0,adaptive,0.1609,3,0.09
kt8h5700va8c1.webp,7,2,3,3,0.9999,adaptive,0.1781,2,0.0817
kt8h5700va8c1.webp,7,4,2,0,0.5828,adaptive,0.1997,2,0.1019
kt8h5700va8c1.webp,7,5,7,0,0.7238,adaptive,0.1616,2,0.0939
kt8h5700va8c1.webp,7,6,8,8,1.0,adaptive,0.1837,2,0.0941
kt8h5700va8c1.webp,7,8,1,1,1.0,adaptive,0.1449,3,0.0599
kt8h5700va8c1.webp,8,1,7,7,1.0,adaptive,0.1607,3,0.0613
kt8h5700va8c1.webp,8,3,1,1,1.0,adaptive,0.1327,2,0.0599
kt8h5700va8c1.webp,8,4,3,3,0.9999,adaptive,0.1697,2,0.081
kt8h5700va8c1.webp,8,5,6,6,1.0,adaptive,0.1687,2,0.0909
kt8h5700va8c1.webp,9,1,2,2,1.0,adaptive,0.183,3,0.0831
kt8h5700va8c1.webp,9,4,4,0,0.7029,adaptive,0.177,2,0.0824
kt8h5700va8c1.webp,9,5,1,0,0.7062,adaptive,0.1476,2,0.0829
kt8h5700va8c1.webp,9,9,7,0,0.7406,adaptive,0.1515,2,0.0817
ju8gg6b80v0d1.webp,1,1,0,0,0.9866,adaptive,0.0588,0,0.0
ju8gg6b80v0d1.webp,1,2,0,0,0.9866,adaptive,0.0303,0,0.0
ju8gg6b80v0d1.webp,1,3,0,0,0.9866,adaptive,0.0303,0,0.0
ju8gg6b80v0d1.webp,1,4,2,2,0.9996,adaptive,0.1623,2,0.0886
ju8gg6b80v0d1.webp,1,5,0,0,0.304,adaptive,0.0436,1,0.0129
ju8gg6b80v0d1.webp,1,6,0,6,0.2841,adaptive,0.0448,1,0.014
ju8gg6b80v0d1.webp,1,7,0,4,0.499,adaptive,0.0732,1,0.0427
ju8gg6b80v0d1.webp,1,8,0,0,0.5656,adaptive,0.0438,1,0.0131
ju8gg6b80v0d1.webp,1,9,0,0,0.5656,adaptive,0.0438,1,0.0131
ju8gg6b80v0d1.webp,2,1,0,0,0.9866,adaptive,0.0303,0,0.0
ju8gg6b80v0d1.webp,2,2,0,0,0.9866,adaptive,0.0009,0,0.0
ju8gg6b80v0d1.webp,2,3,8,8,1.0,adaptive,0.11,1,0.109
ju8gg6b80v0d1.webp,2,4,0,5,0.3169,adaptive,0.0455,1,0.0285
ju8gg6b80v0d1.webp,2,5,0,0,0.2781,adaptive,0.0149,1,0.0135
ju8gg6b80v0d1.webp,2,6,7,7,0.9999,adaptive,0.0845,3,0.0693
ju8gg6b80v0d1.webp,2,7,3,3,1.0,adaptive,0.1251,2,0.0797
ju8gg6b80v0d1.webp,2,8,0,0,0.2226,adaptive,0.0158,1,0.0142
ju8gg6b80v0d1.webp,2,9,0,0,0.2226,adaptive,0.0158,1,0.0142
ju8gg6b80v0d1.webp,3,1,6,6,1.0,adaptive,0.1297,1,0.0994
ju8gg6b80v0d1.webp,3,2,7,7,1.0,adaptive,0.0696,1,0.0686
ju8gg6b80v0d1.webp,3,3,0,0,0.9866,adaptive,0.0009,0,0.0
ju8gg6b80v0d1.webp,3,4,0,5,0.3169,adaptive,0.0455,1,0.0285
ju8gg6b80v0d1.webp,3,5,0,0,0.2831,adaptive,0.0147,1,0.0133
ju8gg6b80v0d1.webp,3,6,9,9,1.0,adaptive,0.115,2,0.1001
ju8gg6b80v0d1.webp,3,7,0,4,0.499,adaptive,0.0455,1,0.0427
ju8gg6b80v0d1.webp,3,8,0,0,0.2226,adaptive,0.0158,1,0.0142
ju8gg6b80v0d1.webp,3,9,0,0,0.2226,adaptive,0.0158,1,0.0142
ju8gg6b80v0d1.webp,4,1,0,1,0.5059,adaptive,0.0735,1,0.0285
ju8gg6b80v0d1.webp,4,2,0,1,0.5059,adaptive,0.0455,1,0.0285
ju8gg6b80v0d1.webp,4,3,0,1,0.5059,adaptive,0.0455,1,0.0285
ju8gg6b80v0d1.webp,4,4,0,0,0.6798,adaptive,0.0884,1,0.0556
ju8gg6b80v0d1.webp,4,5,0,1,0.5059,adaptive,0.0581,2,0.0285
ju8gg6b80v0d1.webp,4,6,0,1,0.5059,adaptive,0.0583,2,0.0285
ju8gg6b80v0d1.webp,4,7,0,0,0.4998,adaptive,0.0884,1,0.0696
ju8gg6b80v0d1.webp,4,8,7,7,0.9998,adaptive,0.1272,3,0.0684
ju8gg6b80v0d1.webp,4,9,0,1,0.5059,adaptive,0.0592,2,0.0285
ju8gg6b80v0d1.webp,5,1,4,4,1.0,adaptive,0.1189,2,0.0753
ju8gg6b80v0d1.webp,5,2,5,5,1.0,adaptive,0.0966,3,0.081
ju8gg6b80v0d1.webp,5,3,0,0,0.9801,adaptive,0.0156,2,0.0138
ju8gg6b80v0d1.webp,5,4,0,5,0.3169,adaptive,0.0583,2,0.0285
ju8gg6b80v0d1.webp,5,5,9,9,1.0,adaptive,0.1258,4,0.0966
ju8gg6b80v0d1.webp,5,6,0,0,0.9783,adaptive,0.0298,2,0.0147
ju8gg6b80v0d1.webp,5,7,0,4,0.499,adaptive,0.0581,2,0.0427
ju8gg6b80v0d1.webp,5,8,0,6,0.1612,adaptive,0.0296,2,0.0147
ju8gg6b80v0d1.webp,5,9,0,6,0.1612,adaptive,0.0294,2,0.0147
ju8gg6b80v0d1.webp,6,1,0,1,0.3662,adaptive,0.0556,1,0.0243
ju8gg6b80v0d1.webp,6,2,2,2,0.9995,adaptive,0.1141,3,0.0868
ju8gg6b80v0d1.webp,6,3,3,3,1.0,adaptive,0.0983,3,0.0781
ju8gg6b80v0d1.webp,6,4,5,5,1.0,adaptive,0.14,3,0.0815
ju8gg6b80v0d1.webp,6,5,0,0,0.8956,adaptive,0.0292,3,0.0135
ju8gg6b80v0d1.webp,6,6,0,0,0.9094,adaptive,0.0303,2,0.0154
ju8gg6b80v0d1.webp,6,7,0,4,0.499,adaptive,0.0581,2,0.0427
ju8gg6b80v0d1.webp,6,8,0,6,0.1451,adaptive,0.0315,2,0.0156
ju8gg6b80v0d1.webp,6,9,9,9,1.0,adaptive,0.1276,2,0.0969
ju8gg6b80v0d1.webp,7,1,0,1,0.9525,adaptive,0.0735,1,0.0427
ju8gg6b80v0d1.webp,7,2,0,1,0.9525,adaptive,0.0455,1,0.0427
ju8gg6b80v0d1.webp,7,3,0,1,0.9525,adaptive,0.0455,1,0.0427
ju8gg6b80v0d1.webp,7,4,3,3,1.0,adaptive,0.1786,2,0.0781
ju8gg6b80v0d1.webp,7,5,4,4,1.0,adaptive,0.1325,3,0.0758
ju8gg6b80v0d1.webp,7,6,0,1,0.9525,adaptive,0.0689,2,0.0427
ju8gg6b80v0d1.webp,7,7,0,0,0.7056,adaptive,0.0888,1,0.0833
ju8gg6b80v0d1.webp,7,8,9,9,1.0,adaptive,0.1577,3,0.0996
ju8gg6b80v0d1.webp,7,9,8,8,1.0,adaptive,0.1657,3,0.1074
ju8gg6b80v0d1.webp,8,1,0,0,0.9117,adaptive,0.0438,1,0.0131
ju8gg6b80v0d1.webp,8,2,3,3,1.0,adaptive,0.0932,2,0.0774
ju8gg6b80v0d1.webp,8,3,0,0,0.8274,adaptive,0.0161,1,0.0142
ju8gg6b80v0d1.webp,8,4,0,5,0.3169,adaptive,0.0732,2,0.0285
ju8gg6b80v0d1.webp,8,5,7,7,0.9998,adaptive,0.0985,3,0.07
ju8gg6b80v0d1.webp,8,6,0,4,0.2979,adaptive,0.0425,2,0.0253
ju8gg6b80v0d1.webp,8,7,0,4,0.499,adaptive,0.0583,2,0.0427
ju8gg6b80v0d1.webp,8,8,0,0,0.9117,adaptive,0.0303,3,0.0131
ju8gg6b80v0d1.webp,8,9,0,0,0.918,adaptive,0.0308,1,0.0289
ju8gg6b80v0d1.webp,9,1,0,0,0.9117,adaptive,0.0438,1,0.0131
ju8gg6b80v0d1.webp,9,2,0,0,0.8274,adaptive,0.0158,1,0.0142
ju8gg6b80v0d1.webp,9,3,4,4,1.0,adaptive,0.0909,3,0.0753
ju8gg6b80v0d1.webp,9,4,6,6,1.0,adaptive,0.171,3,0.0973
ju8gg6b80v0d1.webp,9,5,0,0,0.9361,adaptive,0.0285,2,0.0147
ju8gg6b80v0d1.webp,9,6,0,4,0.3354,adaptive,0.0427,2,0.0253
ju8gg6b80v0d1.webp,9,7,0,4,0.499,adaptive,0.0583,2,0.0427
ju8gg6b80v0d1.webp,9,8,0,0,0.9209,adaptive,0.0301,2,0.0152
ju8gg6b80v0d1.webp,9,9,2,2,0.9993,adaptive,0.1166,2,0.0859
wnijnnxmeyzc1.webp,1,3,5,5,1.0,adaptive,0.1169,1,0.0865
wnijnnxmeyzc1.webp,1,4,4,4,1.0,adaptive,0.1345,2,0.0755
wnijnnxmeyzc1.webp,1,5,8,8,1.0,adaptive,0.1359,2,0.1079
wnijnnxmeyzc1.webp,1,6,3,3,1.0,adaptive,0.1205,2,0.0794
wnijnnxmeyzc1.webp,1,9,6,6,1.0,adaptive,0.1412,2,0.0994
wnijnnxmeyzc1.webp,2,7,3,3,1.0,adaptive,0.1396,2,0.079
wnijnnxmeyzc1.webp,2,8,4,4,1.0,adaptive,0.0932,2,0.0781
wnijnnxmeyzc1.webp,3,1,7,7,0.9998,adaptive,0.0987,1,0.0682
wnijnnxmeyzc1.webp,3,2,4,4,1.0,adaptive,0.0971,1,0.082
wnijnnxmeyzc1.webp,3,3,3,3,1.0,adaptive,0.1141,1,0.081
wnijnnxmeyzc1.webp,3,5,1,1,1.0,adaptive,0.0916,2,0.0636
wnijnnxmeyzc1.webp,4,1,3,3,1.0,adaptive,0.1391,2,0.0801
wnijnnxmeyzc1.webp,4,2,9,9,1.0,adaptive,0.1476,2,0.1022
wnijnnxmeyzc1.webp,4,3,4,4,1.0,adaptive,0.1391,2,0.0771
wnijnnxmeyzc1.webp,4,4,2,2,0.9996,adaptive,0.1763,2,0.0875
wnijnnxmeyzc1.webp,4,5,6,6,1.0,adaptive,0.157,4,0.0999
wnijnnxmeyzc1.webp,4,6,7,7,0.9999,adaptive,0.1421,3,0.0709
wnijnnxmeyzc1.webp,5,5,9,9,1.0,adaptive,0.1428,3,0.0992
wnijnnxmeyzc1.webp,5,9,7,7,0.9998,adaptive,0.1054,4,0.0682
wnijnnxmeyzc1.webp,6,1,6,6,1.0,adaptive,0.1295,2,0.0989
wnijnnxmeyzc1.webp,6,2,5,5,1.0,adaptive,0.1001,2,0.0849
wnijnnxmeyzc1.webp,6,3,7,7,0.9999,adaptive,0.1051,2,0.073
wnijnnxmeyzc1.webp,6,4,8,8,1.0,adaptive,0.1963,2,0.107
wnijnnxmeyzc1.webp,6,6,1,1,0.9999,adaptive,0.1063,3,0.0636
wnijnnxmeyzc1.webp,7,1,4,4,1.0,adaptive,0.1543,2,0.0808
wnijnnxmeyzc1.webp,7,3,9,9,1.0,adaptive,0.1742,2,0.1008
wnijnnxmeyzc1.webp,7,6,8,8,1.0,adaptive,0.1951,3,0.1102
wnijnnxmeyzc1.webp,8,1,8,8,1.0,adaptive,0.1524,2,0.1104
wnijnnxmeyzc1.webp,8,2,7,7,0.9999,adaptive,0.0985,2,0.0682
wnijnnxmeyzc1.webp,8,3,6,6,1.0,adaptive,0.1407,2,0.0994
wnijnnxmeyzc1.webp,8,6,9,9,1.0,adaptive,0.1582,3,0.101
wnijnnxmeyzc1.webp,8,9,5,5,1.0,adaptive,0.1389,5,0.0829
wnijnnxmeyzc1.webp,9,1,5,5,1.0,adaptive,0.1166,2,0.0868
wnijnnxmeyzc1.webp,9,7,9,9,1.0,adaptive,0.1719,3,0.0987
wnijnnxmeyzc1.webp,9,8,8,8,1.0,adaptive,0.1364,2,0.1056
xlqt9nwk960d1.webp,1,2,7,7,0.9999,adaptive,0.1405,2,0.0675
xlqt9nwk960d1.webp,1,4,3,3,0.9998,adaptive,0.1618,5,0.0877
xlqt9nwk960d1.webp,1,5,4,4,1.0,adaptive,0.155,6,0.0797
xlqt9nwk960d1.webp,1,8,2,2,0.9999,adaptive,0.1628,12,0.0856
xlqt9nwk960d1.webp,1,9,9,9,1.0,adaptive,0.1639,5,0.0944
xlqt9nwk960d1.webp,2,1,2,2,0.9997,adaptive,0.1467,3,0.084
xlqt9nwk960d1.webp,2,3,4,4,1.0,adaptive,0.1357,8,0.0794
xlqt9nwk960d1.webp,2,5,7,7,1.0,adaptive,0.1173,9,0.0696
xlqt9nwk960d1.webp,2,8,5,5,1.0,adaptive,0.1478,12,0.0921
xlqt9nwk960d1.webp,3,2,8,8,1.0,adaptive,0.141,6,0.098
xlqt9nwk960d1.webp,3,3,9,9,1.0,adaptive,0.1419,7,0.0955
xlqt9nwk960d1.webp,3,4,2,2,0.9999,adaptive,0.1373,18,0.0852
xlqt9nwk960d1.webp,3,6,6,6,1.0,adaptive,0.1398,8,0.0944
xlqt9nwk960d1.webp,3,8,4,4,1.0,adaptive,0.1435,4,0.0831
xlqt9nwk960d1.webp,4,2,9,9,1.0,adaptive,0.1669,7,0.0927
xlqt9nwk960d1.webp,4,3,7,7,0.9999,adaptive,0.1423,6,0.0686
xlqt9nwk960d1.webp,4,7,2,2,1.0,adaptive,0.1791,5,0.0852
xlqt9nwk960d1.webp,5,5,8,8,1.0,adaptive,0.1699,7,0.0989
xlqt9nwk960d1.webp,5,7,5,5,1.0,adaptive,0.1876,8,0.0907
xlqt9nwk960d1.webp,6,4,7,7,1.0,adaptive,0.1322,6,0.0668
xlqt9nwk960d1.webp,6,5,3,3,0.9998,adaptive,0.1552,17,0.0852
xlqt9nwk960d1.webp,6,9,4,4,1.0,adaptive,0.1577,8,0.0776
xlqt9nwk960d1.webp,7,1,7,7,1.0,adaptive,0.1628,3,0.0636
xlqt9nwk960d1.webp,7,2,4,4,1.0,adaptive,0.1506,2,0.0803
xlqt9nwk960d1.webp,7,3,3,3,0.9998,adaptive,0.1442,5,0.0824
xlqt9nwk960d1.webp,7,6,1,0,0.783,adaptive,0.1584,5,0.0783
xlqt9nwk960d1.webp,7,8,8,8,1.0,adaptive,0.1958,5,0.0957
xlqt9nwk960d1.webp,7,9,2,2,0.9999,adaptive,0.1722,9,0.084
xlqt9nwk960d1.webp,8,1,9,9,1.0,adaptive,0.1644,2,0.0921
xlqt9nwk960d1.webp,8,2,6,6,0.9999,adaptive,0.1474,3,0.0911
xlqt9nwk960d1.webp,8,5,2,2,1.0,adaptive,0.1469,3,0.0847
xlqt9nwk960d1.webp,8,6,3,3,0.9999,adaptive,0.1483,8,0.0829
xlqt9nwk960d1.webp,8,9,5,5,0.9999,adaptive,0.1547,6,0.0863
xlqt9nwk960d1.webp,9,6,7,7,0.9999,adaptive,0.1329,8,0.0647
xlqt9nwk960d1.webp,9,8,3,3,0.9999,adaptive,0.1453,3,0.0829
0t1g4k7u4lec1.jpeg,1,1,3,3,0.9996,adaptive,0.2045,4,0.0902
0t1g4k7u4lec1.jpeg,1,2,0,0,0.9807,adaptive,0.0865,1,0.0142
0t1g4k7u4lec1.jpeg,1,3,0,0,0.9807,adaptive,0.1143,1,0.0142
0t1g4k7u4lec1.jpeg,1,4,0,0,0.7826,adaptive,0.1297,1,0.0562
0t1g4k7u4lec1.jpeg,1,5,6,6,1.0,adaptive,0.2002,2,0.0994
0t1g4k7u4lec1.jpeg,1,6,0,0,0.8706,adaptive,0.1111,1,0.0422
0t1g4k7u4lec1.jpeg,1,7,0,7,0.4909,adaptive,0.1292,1,0.0833
0t1g4k7u4lec1.jpeg,1,8,0,0,0.8163,adaptive,0.0923,1,0.0466
0t1g4k7u4lec1.jpeg,1,9,0,0,0.803,adaptive,0.1006,1,0.0551
0t1g4k7u4lec1.jpeg,2,1,8,8,1.0,adaptive,0.1889,2,0.1019
0t1g4k7u4lec1.jpeg,2,2,0,0,0.9866,adaptive,0.0581,0,0.0
0t1g4k7u4lec1.jpeg,2,3,0,0,0.9866,adaptive,0.0865,0,0.0
0t1g4k7u4lec1.jpeg,2,4,0,4,0.499,adaptive,0.1026,1,0.0427
0t1g4k7u4lec1.jpeg,2,5,0,5,0.3045,adaptive,0.0728,1,0.0278
0t1g4k7u4lec1.jpeg,2,6,0,5,0.3169,adaptive,0.0859,1,0.0285
0t1g4k7u4lec1.jpeg,2,7,7,5,0.5922,adaptive,0.1662,2,0.0705
0t1g4k7u4lec1.jpeg,2,8,0,4,0.473,adaptive,0.0728,1,0.0413
0t1g4k7u4lec1.jpeg,2,9,0,4,0.3035,adaptive,0.0732,1,0.0416
0t1g4k7u4lec1.jpeg,3,1,0,0,0.6533,adaptive,0.1136,1,0.0138
0t1g4k7u4lec1.jpeg,3,2,0,0,0.9866,adaptive,0.0861,0,0.0
0t1g4k7u4lec1.jpeg,3,3,4,4,1.0,adaptive,0.1931,1,0.0797
0t1g4k7u4lec1.jpeg,3,4,5,5,0.9999,adaptive,0.2202,2,0.0902
0t1g4k7u4lec1.jpeg,3,5,0,5,0.2934,adaptive,0.0996,1,0.0269
0t1g4k7u4lec1.jpeg,3,6,1,1,0.9996,adaptive,0.1607,2,0.05
0t1g4k7u4lec1.jpeg,3,7,0,5,0.6162,adaptive,0.1398,1,0.0693
0t1g4k7u4lec1.jpeg,3,8,0,4,0.4805,adaptive,0.0992,1,0.0402
0t1g4k7u4lec1.jpeg,3,9,0,4,0.3019,adaptive,0.0996,1,0.0406
0t1g4k7u4lec1.jpeg,4,1,1,1,0.9995,adaptive,0.1781,3,0.0491
0t1g4k7u4lec1.jpeg,4,2,0,1,0.9525,adaptive,0.1028,1,0.0427
0t1g4k7u4lec1.jpeg,4,3,0,1,0.9486,adaptive,0.1295,1,0.042
0t1g4k7u4lec1.jpeg,4,4,0,0,0.7088,adaptive,0.1421,1,0.0824
0t1g4k7u4lec1.jpeg,4,5,9,9,1.0,adaptive,0.2126,2,0.0964
0t1g4k7u4lec1.jpeg,4,6,3,3,0.9998,adaptive,0.2183,2,0.0891
0t1g4k7u4lec1.jpeg,4,7,0,7,0.42,adaptive,0.1529,1,0.1086
0t1g4k7u4lec1.jpeg,4,8,6,6,1.0,adaptive,0.2151,2,0.0987
0t1g4k7u4lec1.jpeg,4,9,7,0,0.7538,adaptive,0.1763,2,0.082
0t1g4k7u4lec1.jpeg,5,1,0,0,0.9476,adaptive,0.0882,1,0.0282
0t1g4k7u4lec1.jpeg,5,2,9,9,0.9999,adaptive,0.1545,2,0.096
0t1g4k7u4lec1.jpeg,5,3,0,0,0.9807,adaptive,0.0884,1,0.0142
0t1g4k7u4lec1.jpeg,5,4,0,0,0.7859,adaptive,0.1035,1,0.056
0t1g4k7u4lec1.jpeg,5,5,0,0,0.8666,adaptive,0.073,1,0.0413
0t1g4k7u4lec1.jpeg,5,6,0,0,0.8706,adaptive,0.0863,1,0.0422
0t1g4k7u4lec1.jpeg,5,7,0,7,0.5068,adaptive,0.115,1,0.0826
0t1g4k7u4lec1.jpeg,5,8,3,3,0.998,adaptive,0.1607,2,0.0877
0t1g4k7u4lec1.jpeg,5,9,0,0,0.7984,adaptive,0.0732,1,0.0551
0t1g4k7u4lec1.jpeg,6,1,7,7,1.0,adaptive,0.1637,2,0.0624
0t1g4k7u4lec1.jpeg,6,2,3,3,0.9999,adaptive,0.1621,2,0.0895
0t1g4k7u4lec1.jpeg,6,3,0,1,0.5059,adaptive,0.1015,1,0.0285
0t1g4k7u4lec1.jpeg,6,4,1,0,0.4986,adaptive,0.1657,2,0.0693
0t1g4k7u4lec1.jpeg,6,5,8,8,1.0,adaptive,0.1892,2,0.1022
0t1g4k7u4lec1.jpeg,6,6,0,0,0.6764,adaptive,0.1006,1,0.056
0t1g4k7u4lec1.jpeg,6,7,0,7,0.6352,adaptive,0.1189,1,0.0875
0t1g4k7u4lec1.jpeg,6,8,0,0,0.518,adaptive,0.0879,1,0.0691
0t1g4k7u4lec1.jpeg,6,9,2,2,0.999,adaptive,0.1775,2,0.0898
0t1g4k7u4lec1.jpeg,7,1,0,1,0.9992,adaptive,0.1313,2,0.0707
0t1g4k7u4lec1.jpeg,7,2,0,1,0.9992,adaptive,0.1139,1,0.0707
0t1g4k7u4lec1.jpeg,7,3,1,1,0.9992,adaptive,0.1915,2,0.0696
0t1g4k7u4lec1.jpeg,7,4,0,0,0.711,adaptive,0.1527,1,0.1088
0t1g4k7u4lec1.jpeg,7,5,0,0,0.777,adaptive,0.1228,1,0.0911
0t1g4k7u4lec1.jpeg,7,6,6,6,0.9998,adaptive,0.2252,2,0.0978
0t1g4k7u4lec1.jpeg,7,7,2,0,0.5956,adaptive,0.2247,2,0.1093
0t1g4k7u4lec1.jpeg,7,8,0,0,0.6076,adaptive,0.115,1,0.0955
0t1g4k7u4lec1.jpeg,7,9,0,0,0.6739,adaptive,0.115,1,0.0955
0t1g4k7u4lec1.jpeg,8,1,0,0,0.9007,adaptive,0.1001,1,0.0539
0t1g4k7u4lec1.jpeg,8,2,0,1,0.9597,adaptive,0.0721,1,0.0416
0t1g4k7u4lec1.jpeg,8,3,8,8,1.0,adaptive,0.1885,2,0.0994
0t1g4k7u4lec1.jpeg,8,4,0,0,0.6983,adaptive,0.1164,1,0.082
0t1g4k7u4lec1.jpeg,8,5,0,0,0.8636,adaptive,0.0813,1,0.0631
0t1g4k7u4lec1.jpeg,8,6,0,0,0.8044,adaptive,0.1001,1,0.0691
0t1g4k7u4lec1.jpeg,8,7,0,0,0.6461,adaptive,0.1152,1,0.0957
0t1g4k7u4lec1.jpeg,8,8,0,0,0.7042,adaptive,0.0872,1,0.0824
0t1g4k7u4lec1.jpeg,8,9,5,5,1.0,adaptive,0.1738,2,0.0865
0t1g4k7u4lec1.jpeg,9,1,0,0,0.9043,adaptive,0.101,1,0.0551
0t1g4k7u4lec1.jpeg,9,2,0,1,0.9524,adaptive,0.0723,1,0.0422
0t1g4k7u4lec1.jpeg,9,3,0,1,0.9504,adaptive,0.1019,1,0.0416
0t1g4k7u4lec1.jpeg,9,4,0,0,0.6487,adaptive,0.1166,1,0.0822
0t1g4k7u4lec1.jpeg,9,5,1,0,0.9037,adaptive,0.1253,2,0.0562
0t1g4k7u4lec1.jpeg,9,6,0,0,0.7518,adaptive,0.1003,1,0.0698
0t1g4k7u4lec1.jpeg,9,7,0,0,0.5967,adaptive,0.1152,1,0.0957
0t1g4k7u4lec1.jpeg,9,8,0,0,0.6336,adaptive,0.0872,1,0.0824
0t1g4k7u4lec1.jpeg,9,9,4,0,0.7582,adaptive,0.1483,2,0.0728
rq5fm77urk0d1.webp,1,1,8,8,1.0,adaptive,0.1534,1,0.0937
rq5fm77urk0d1.webp,1,2,5,5,0.9989,adaptive,0.1274,1,0.0829
rq5fm77urk0d1.webp,1,5,2,2,0.9998,adaptive,0.1306,2,0.0735
rq5fm77urk0d1.webp,1,6,9,9,0.9999,adaptive,0.1513,2,0.0934
rq5fm77urk0d1.webp,1,7,7,5,0.5207,adaptive,0.1407,2,0.056
rq5fm77urk0d1.webp,1,8,6,6,0.9998,adaptive,0.1612,2,0.09
rq5fm77urk0d1.webp,2,1,2,2,0.9997,adaptive,0.1129,1,0.0691
rq5fm77urk0d1.webp,2,3,7,7,0.9999,adaptive,0.098,3,0.0544
rq5fm77urk0d1.webp,2,4,6,6,0.9998,adaptive,0.1671,2,0.0939
rq5fm77urk0d1.webp,2,6,8,8,1.0,adaptive,0.1368,2,0.0923
rq5fm77urk0d1.webp,2,7,5,5,0.9995,adaptive,0.1685,2,0.0836
rq5fm77urk0d1.webp,2,9,9,9,0.9999,adaptive,0.1341,2,0.09
rq5fm77urk0d1.webp,3,1,6,6,0.9997,adaptive,0.1508,2,0.0932
rq5fm77urk0d1.webp,3,4,7,7,0.9998,adaptive,0.1361,3,0.0496
rq5fm77urk0d1.webp,3,6,5,5,0.9997,adaptive,0.1389,3,0.0803
rq5fm77urk0d1.webp,3,8,2,2,0.9995,adaptive,0.1428,3,0.0719
rq5fm77urk0d1.webp,3,9,8,8,1.0,adaptive,0.1517,3,0.0941
rq5fm77urk0d1.webp,4,1,9,9,0.9999,adaptive,0.1662,2,0.0918
rq5fm77urk0d1.webp,4,2,7,7,0.9998,adaptive,0.1214,2,0.0528
rq5fm77urk0d1.webp,4,3,2,2,0.9998,adaptive,0.157,3,0.0721
rq5fm77urk0d1.webp,4,4,8,8,1.0,adaptive,0.2055,2,0.0923
rq5fm77urk0d1.webp,4,7,6,0,0.6556,adaptive,0.2068,2,0.096
rq5fm77urk0d1.webp,4,9,5,5,0.9998,adaptive,0.1671,3,0.0806
rq5fm77urk0d1.webp,5,1,3,3,0.9997,adaptive,0.1341,2,0.0764
rq5fm77urk0d1.webp,5,2,8,8,1.0,adaptive,0.1508,2,0.0939
rq5fm77urk0d1.webp,5,4,5,5,0.9995,adaptive,0.1703,3,0.084
rq5fm77urk0d1.webp,5,5,6,6,0.9999,adaptive,0.1648,2,0.0907
rq5fm77urk0d1.webp,5,7,2,2,0.999,adaptive,0.1531,3,0.0675
rq5fm77urk0d1.webp,5,8,9,9,1.0,adaptive,0.1449,2,0.0918
rq5fm77urk0d1.webp,5,9,7,7,0.9999,adaptive,0.101,2,0.0558
rq5fm77urk0d1.webp,6,1,5,5,0.9999,adaptive,0.1375,2,0.0797
rq5fm77urk0d1.webp,6,3,6,6,0.9995,adaptive,0.1485,3,0.0904
rq5fm77urk0d1.webp,6,4,9,9,0.9999,adaptive,0.1775,3,0.0907
rq5fm77urk0d1.webp,6,5,7,7,0.9997,adaptive,0.0948,2,0.0496
rq5fm77urk0d1.webp,6,6,2,2,0.9996,adaptive,0.1313,2,0.0716
rq5fm77urk0d1.webp,6,8,8,8,1.0,adaptive,0.1536,2,0.0948
rq5fm77urk0d1.webp,7,2,2,2,0.9997,adaptive,0.1545,2,0.0712
rq5fm77urk0d1.webp,7,3,5,5,0.9993,adaptive,0.1701,3,0.0843
rq5fm77urk0d1.webp,7,5,9,9,0.9999,adaptive,0.1903,3,0.0923
rq5fm77urk0d1.webp,7,7,8,0,0.5557,adaptive,0.2084,2,0.109
rq5fm77urk0d1.webp,7,8,7,1,0.9931,adaptive,0.1543,3,0.0569
rq5fm77urk0d1.webp,7,9,6,6,0.9997,adaptive,0.1775,3,0.0911
rq5fm77urk0d1.webp,8,2,6,6,0.9999,adaptive,0.1485,2,0.0921
rq5fm77urk0d1.webp,8,3,8,8,1.0,adaptive,0.1534,3,0.0948
rq5fm77urk0d1.webp,8,5,5,5,0.9974,adaptive,0.1453,2,0.0831
rq5fm77urk0d1.webp,8,6,7,0,0.797,adaptive,0.1171,2,0.0579
rq5fm77urk0d1.webp,8,7,9,9,1.0,adaptive,0.1908,3,0.0923
rq5fm77urk0d1.webp,8,8,3,3,0.9995,adaptive,0.1366,2,0.0767
rq5fm77urk0d1.webp,8,9,2,2,0.9995,adaptive,0.127,2,0.0684
rq5fm77urk0d1.webp,9,1,7,7,0.9998,adaptive,0.1088,2,0.0507
rq5fm77urk0d1.webp,9,4,2,2,1.0,adaptive,0.1614,3,0.0746
rq5fm77urk0d1.webp,9,5,8,8,1.0,adaptive,0.1545,2,0.096
rq5fm77urk0d1.webp,9,6,6,6,0.9997,adaptive,0.1508,2,0.0911
rq5fm77urk0d1.webp,9,7,1,5,0.5117,adaptive,0.1318,3,0.0569
rq5fm77urk0d1.webp,9,8,5,5,0.9978,adaptive,0.1384,2,0.0792
rq5fm77urk0d1.webp,9,9,4,4,1.0,adaptive,0.1338,2,0.0742
1fpguv3t969c1.webp,1,1,1,1,0.9993,adaptive,0.1107,1,0.0514
1fpguv3t969c1.webp,1,2,8,8,1.0,adaptive,0.1568,1,0.0992
1fpguv3t969c1.webp,1,4,9,9,1.0,adaptive,0.1747,2,0.0875
1fpguv3t969c1.webp,1,5,2,2,0.9999,adaptive,0.1403,2,0.082
1fpguv3t969c1.webp,1,7,4,4,1.0,adaptive,0.1561,2,0.0826
1fpguv3t969c1.webp,1,8,7,7,0.9999,adaptive,0.1189,2,0.0608
1fpguv3t969c1.webp,1,9,6,6,1.0,adaptive,0.1458,2,0.0875
1fpguv3t969c1.webp,2,2,9,9,1.0,adaptive,0.1439,1,0.0865
1fpguv3t969c1.webp,2,3,7,7,0.9999,adaptive,0.1205,1,0.0636
1fpguv3t969c1.webp,2,5,1,1,0.9989,adaptive,0.1116,2,0.0528
1fpguv3t969c1.webp,2,6,6,6,1.0,adaptive,0.1462,2,0.0875
1fpguv3t969c1.webp,2,7,2,2,0.9998,adaptive,0.1373,2,0.0787
1fpguv3t969c1.webp,2,8,8,8,1.0,adaptive,0.155,2,0.0994
1fpguv3t969c1.webp,2,9,3,3,0.9999,adaptive,0.129,2,0.0838
1fpguv3t969c1.webp,3,1,6,6,1.0,adaptive,0.1439,1,0.0863
1fpguv3t969c1.webp,3,2,2,2,0.9999,adaptive,0.1414,1,0.0836
1fpguv3t969c1.webp,3,4,8,8,1.0,adaptive,0.1724,2,0.1003
1fpguv3t969c1.webp,3,5,7,7,1.0,adaptive,0.1279,2,0.0645
1fpguv3t969c1.webp,3,7,9,9,1.0,adaptive,0.1439,2,0.0859
1fpguv3t969c1.webp,3,8,1,1,0.999,adaptive,0.1086,2,0.0468
1fpguv3t969c1.webp,3,9,5,5,1.0,adaptive,0.129,2,0.0879
1fpguv3t969c1.webp,4,1,2,2,0.9998,adaptive,0.1687,2,0.081
1fpguv3t969c1.webp,4,2,5,5,1.0,adaptive,0.1433,2,0.0868
1fpguv3t969c1.webp,4,3,1,1,0.9985,adaptive,0.1499,2,0.0514
1fpguv3t969c1.webp,4,4,6,6,1.0,adaptive,0.1873,2,0.0872
1fpguv3t969c1.webp,4,5,8,8,1.0,adaptive,0.1855,3,0.1001
1fpguv3t969c1.webp,4,6,9,9,1.0,adaptive,0.1708,3,0.0863
1fpguv3t969c1.webp,4,7,3,3,0.9999,adaptive,0.1726,2,0.0838
1fpguv3t969c1.webp,4,8,4,4,1.0,adaptive,0.1538,3,0.0808
1fpguv3t969c1.webp,4,9,7,7,0.9999,adaptive,0.1336,3,0.0606
1fpguv3t969c1.webp,5,2,3,3,0.9999,adaptive,0.1403,2,0.0826
1fpguv3t969c1.webp,5,4,1,1,0.9993,adaptive,0.1281,3,0.0528
1fpguv3t969c1.webp,5,5,5,5,1.0,adaptive,0.1504,2,0.0868
1fpguv3t969c1.webp,5,6,7,7,0.9999,adaptive,0.1458,2,0.0597
1fpguv3t969c1.webp,5,7,6,6,1.0,adaptive,0.1586,3,0.087
1fpguv3t969c1.webp,5,8,2,2,0.9998,adaptive,0.1517,2,0.0799
1fpguv3t969c1.webp,5,9,9,9,1.0,adaptive,0.1579,2,0.0856
1fpguv3t969c1.webp,6,1,7,7,0.9999,adaptive,0.1201,2,0.062
1fpguv3t969c1.webp,6,2,6,6,1.0,adaptive,0.1455,2,0.0872
1fpguv3t969c1.webp,6,3,9,9,1.0,adaptive,0.1577,2,0.0865
1fpguv3t969c1.webp,6,4,3,3,0.9998,adaptive,0.1561,3,0.0833
1fpguv3t969c1.webp,6,5,4,4,1.0,adaptive,0.1671,2,0.0822
1fpguv3t969c1.webp,6,6,2,2,0.9996,adaptive,0.1657,2,0.0806
1fpguv3t969c1.webp,6,7,8,8,1.0,adaptive,0.1738,3,0.098
1fpguv3t969c1.webp,6,8,5,5,1.0,adaptive,0.1437,2,0.0836
1fpguv3t969c1.webp,6,9,1,0,0.5539,adaptive,0.1334,2,0.065
1fpguv3t969c1.webp,7,1,3,3,0.9999,adaptive,0.171,2,0.0831
1fpguv3t969c1.webp,7,2,4,4,1.0,adaptive,0.1625,2,0.0769
1fpguv3t969c1.webp,7,5,6,6,1.0,adaptive,0.1607,3,0.0859
1fpguv3t969c1.webp,7,6,1,1,0.999,adaptive,0.1233,3,0.0484
1fpguv3t969c1.webp,7,7,7,0,0.7056,adaptive,0.1485,2,0.0833
1fpguv3t969c1.webp,7,8,9,9,1.0,adaptive,0.1582,3,0.0865
1fpguv3t969c1.webp,8,1,9,9,1.0,adaptive,0.1556,2,0.0843
1fpguv3t969c1.webp,8,2,1,1,0.999,adaptive,0.1102,2,0.0514
1fpguv3t969c1.webp,8,3,2,2,0.9999,adaptive,0.1382,2,0.0799
1fpguv3t969c1.webp,8,4,7,7,0.9999,adaptive,0.1446,3,0.0588
1fpguv3t969c1.webp,8,5,3,3,1.0,adaptive,0.1568,2,0.0854
1fpguv3t969c1.webp,8,6,8,8,1.0,adaptive,0.1683,2,0.0971
1fpguv3t969c1.webp,8,7,5,5,1.0,adaptive,0.1556,3,0.0838
1fpguv3t969c1.webp,8,8,6,6,1.0,adaptive,0.1462,2,0.0861
1fpguv3t969c1.webp,8,9,4,4,1.0,adaptive,0.1387,2,0.079
1fpguv3t969c1.webp,9,2,7,7,0.9999,adaptive,0.1189,2,0.0606
1fpguv3t969c1.webp,9,3,6,6,1.0,adaptive,0.1453,2,0.087
1fpguv3t969c1.webp,9,5,9,9,1.0,adaptive,0.1453,2,0.0868
1fpguv3t969c1.webp,9,7,1,1,0.9987,adaptive,0.1488,3,0.0517
1fpguv3t969c1.webp,9,8,3,3,1.0,adaptive,0.1419,2,0.0822
tayjwio31f0d1.webp,1,1,5,5,0.9996,adaptive,0.1534,1,0.0815
tayjwio31f0d1.webp,1,2,8,8,1.0,adaptive,0.1318,1,0.0882
tayjwio31f0d1.webp,1,3,3,3,0.9998,adaptive,0.1309,1,0.0735
tayjwio31f0d1.webp,1,4,7,7,0.9999,adaptive,0.1263,2,0.0519
tayjwio31f0d1.webp,1,6,4,4,1.0,adaptive,0.1348,2,0.0714
tayjwio31f0d1.webp,1,7,1,4,0.4964,adaptive,0.1295,2,0.0422
tayjwio31f0d1.webp,1,9,9,9,1.0,adaptive,0.1586,2,0.087
tayjwio31f0d1.webp,2,4,5,5,0.9977,adaptive,0.1536,2,0.0815
tayjwio31f0d1.webp,2,6,8,8,1.0,adaptive,0.1467,2,0.0875
tayjwio31f0d1.webp,2,7,3,3,0.9999,adaptive,0.1609,2,0.0744
tayjwio31f0d1.webp,2,8,7,7,0.9999,adaptive,0.1159,2,0.0521
tayjwio31f0d1.webp,2,9,4,4,1.0,adaptive,0.1129,2,0.0698
tayjwio31f0d1.webp,3,1,4,4,1.0,adaptive,0.124,2,0.0663
tayjwio31f0d1.webp,3,3,7,7,0.9999,adaptive,0.1113,2,0.0528
tayjwio31f0d1.webp,3,5,3,3,0.9997,adaptive,0.1325,2,0.0742
tayjwio31f0d1.webp,3,7,8,8,1.0,adaptive,0.1719,3,0.087
tayjwio31f0d1.webp,3,9,5,5,0.9994,adaptive,0.1389,2,0.0797
tayjwio31f0d1.webp,4,1,9,9,1.0,adaptive,0.1848,2,0.0847
tayjwio31f0d1.webp,4,6,7,1,0.9931,adaptive,0.1465,3,0.0569
tayjwio31f0d1.webp,4,8,5,5,0.9997,adaptive,0.1653,3,0.0792
tayjwio31f0d1.webp,4,9,8,8,1.0,adaptive,0.1722,3,0.0856
tayjwio31f0d1.webp,5,3,5,5,0.9994,adaptive,0.1524,2,0.0808
tayjwio31f0d1.webp,5,4,6,6,1.0,adaptive,0.1687,3,0.0836
tayjwio31f0d1.webp,5,7,9,9,1.0,adaptive,0.1706,3,0.0859
tayjwio31f0d1.webp,5,8,1,0,0.7498,adaptive,0.1118,2,0.0675
tayjwio31f0d1.webp,5,9,7,0,0.7448,adaptive,0.1244,2,0.0684
tayjwio31f0d1.webp,6,2,7,7,0.9999,adaptive,0.095,2,0.0517
tayjwio31f0d1.webp,6,8,3,3,0.9999,adaptive,0.1329,2,0.073
tayjwio31f0d1.webp,6,9,2,2,0.9997,adaptive,0.1423,2,0.0716
tayjwio31f0d1.webp,7,1,3,3,1.0,adaptive,0.1738,2,0.0742
tayjwio31f0d1.webp,7,2,5,5,0.9999,adaptive,0.1522,2,0.0799
tayjwio31f0d1.webp,7,3,4,4,1.0,adaptive,0.1449,2,0.0702
tayjwio31f0d1.webp,7,4,8,8,1.0,adaptive,0.1905,2,0.087
tayjwio31f0d1.webp,7,5,7,1,0.9931,adaptive,0.1373,2,0.0569
tayjwio31f0d1.webp,7,6,1,1,0.9926,adaptive,0.1272,3,0.0572
tayjwio31f0d1.webp,7,7,2,0,0.4591,adaptive,0.1729,2,0.0831
tayjwio31f0d1.webp,7,8,9,9,1.0,adaptive,0.1724,3,0.0865
tayjwio31f0d1.webp,7,9,6,6,1.0,adaptive,0.1841,3,0.0861
tayjwio31f0d1.webp,8,1,7,7,1.0,adaptive,0.1249,2,0.0528
tayjwio31f0d1.webp,8,3,2,2,0.9997,adaptive,0.1341,2,0.0705
tayjwio31f0d1.webp,8,7,5,5,0.9999,adaptive,0.1561,3,0.079
tayjwio31f0d1.webp,8,8,8,8,1.0,adaptive,0.1474,2,0.0877
tayjwio31f0d1.webp,8,9,1,7,0.4417,adaptive,0.1127,2,0.0686
tayjwio31f0d1.webp,9,2,1,1,0.9918,adaptive,0.0783,3,0.0411
tayjwio31f0d1.webp,9,4,2,2,0.9999,adaptive,0.1474,4,0.0689
tayjwio31f0d1.webp,9,7,7,7,0.9999,adaptive,0.138,3,0.051
tayjwio31f0d1.webp,9,8,4,4,1.0,adaptive,0.1297,2,0.0702
tayjwio31f0d1.webp,9,9,3,3,0.9999,adaptive,0.1465,2,0.0735
cjfirkkia7fc1.webp,1,1,9,9,0.9986,adaptive,0.2369,1,0.1706
cjfirkkia7fc1.webp,1,4,8,8,1.0,adaptive,0.256,2,0.1823
cjfirkkia7fc1.webp,1,6,5,5,1.0,adaptive,0.2287,2,0.1628
cjfirkkia7fc1.webp,1,8,1,1,0.9986,adaptive,0.1605,2,0.1028
cjfirkkia7fc1.webp,2,1,1,1,0.9993,adaptive,0.14,1,0.1028
cjfirkkia7fc1.webp,2,2,3,3,1.0,adaptive,0.157,1,0.1568
cjfirkkia7fc1.webp,2,5,2,2,0.7086,adaptive,0.2176,2,0.1878
cjfirkkia7fc1.webp,2,7,9,9,0.9903,adaptive,0.228,2,0.1547
cjfirkkia7fc1.webp,3,2,4,4,0.9999,adaptive,0.1768,1,0.1476
cjfirkkia7fc1.webp,3,4,3,3,0.999,adaptive,0.2296,2,0.157
cjfirkkia7fc1.webp,3,5,9,9,0.9994,adaptive,0.2149,1,0.1706
cjfirkkia7fc1.webp,3,6,1,1,0.9951,adaptive,0.1761,2,0.1028
cjfirkkia7fc1.webp,4,2,7,0,0.9807,adaptive,0.0455,1,0.0142
cjfirkkia7fc1.webp,4,4,9,9,0.9942,adaptive,0.2596,2,0.1598
cjfirkkia7fc1.webp,4,5,1,1,0.9972,adaptive,0.1724,2,0.0989
cjfirkkia7fc1.webp,4,6,3,3,0.9999,adaptive,0.2355,3,0.157
cjfirkkia7fc1.webp,4,8,2,2,0.7333,adaptive,0.273,3,0.1855
cjfirkkia7fc1.webp,5,2,9,9,0.9943,adaptive,0.1947,1,0.1644
cjfirkkia7fc1.webp,5,3,1,1,0.9996,adaptive,0.1641,2,0.1065
cjfirkkia7fc1.webp,5,5,8,8,0.9999,adaptive,0.2234,2,0.1795
cjfirkkia7fc1.webp,5,8,7,0,0.5165,adaptive,0.09,1,0.0863
cjfirkkia7fc1.webp,6,1,3,3,0.9997,adaptive,0.2335,2,0.157
cjfirkkia7fc1.webp,6,2,8,8,1.0,adaptive,0.2119,2,0.1802
cjfirkkia7fc1.webp,6,3,2,2,0.8289,adaptive,0.2443,2,0.186
cjfirkkia7fc1.webp,6,5,7,0,0.6973,adaptive,0.1869,5,0.1067
cjfirkkia7fc1.webp,6,7,1,1,0.9995,adaptive,0.1905,3,0.1038
cjfirkkia7fc1.webp,6,9,9,9,0.9984,adaptive,0.2484,2,0.1694
cjfirkkia7fc1.webp,7,2,1,1,0.9963,adaptive,0.1579,2,0.0983
cjfirkkia7fc1.webp,7,3,3,3,0.9956,adaptive,0.2383,2,0.1529
cjfirkkia7fc1.webp,7,5,5,5,1.0,adaptive,0.2525,5,0.1623
cjfirkkia7fc1.webp,7,6,8,8,1.0,adaptive,0.2812,3,0.1825
cjfirkkia7fc1.webp,7,8,9,9,0.9639,adaptive,0.2468,3,0.16
cjfirkkia7fc1.webp,7,9,6,6,0.9997,adaptive,0.2546,3,0.1692
cjfirkkia7fc1.webp,8,6,9,9,0.9993,adaptive,0.2408,2,0.171
cjfirkkia7fc1.webp,8,7,5,5,1.0,adaptive,0.2495,3,0.1607
cjfirkkia7fc1.webp,8,8,3,3,0.9902,adaptive,0.2027,2,0.1504
cjfirkkia7fc1.webp,8,9,1,1,0.9981,adaptive,0.1612,2,0.1049
cjfirkkia7fc1.webp,9,2,5,5,0.9997,adaptive,0.1873,2,0.1579
cjfirkkia7fc1.webp,9,3,9,9,0.9992,adaptive,0.2316,3,0.169
cjfirkkia7fc1.webp,9,4,1,1,0.9999,adaptive,0.1791,3,0.1008
cjfirkkia7fc1.webp,9,5,3,3,1.0,adaptive,0.2094,9,0.1568
cjfirkkia7fc1.webp,9,7,4,4,1.0,adaptive,0.2353,3,0.149
cjfirkkia7fc1.webp,9,8,8,8,1.0,adaptive,0.2316,2,0.1729
nwx857mo030d1.webp,1,3,5,5,1.0,adaptive,0.1494,1,0.0863
nwx857mo030d1.webp,1,4,7,7,1.0,adaptive,0.1506,3,0.065
nwx857mo030d1.webp,1,5,8,8,1.0,adaptive,0.1556,3,0.0971
nwx857mo030d1.webp,1,6,3,3,0.9999,adaptive,0.1421,3,0.0826
nwx857mo030d1.webp,2,3,2,2,1.0,adaptive,0.1481,1,0.0859
nwx857mo030d1.webp,2,7,7,7,1.0,adaptive,0.1467,2,0.064
nwx857mo030d1.webp,3,1,7,7,0.9999,adaptive,0.1364,2,0.0643
nwx857mo030d1.webp,3,2,1,1,1.0,adaptive,0.1185,1,0.0599
nwx857mo030d1.webp,3,8,5,5,1.0,adaptive,0.1596,2,0.0875
nwx857mo030d1.webp,4,1,5,5,1.0,adaptive,0.1873,4,0.0891
nwx857mo030d1.webp,4,3,7,7,1.0,adaptive,0.1524,2,0.0643
nwx857mo030d1.webp,4,8,9,9,1.0,adaptive,0.1928,2,0.0921
nwx857mo030d1.webp,5,2,9,9,0.9999,adaptive,0.1527,2,0.0932
nwx857mo030d1.webp,5,4,6,6,1.0,adaptive,0.1697,3,0.093
nwx857mo030d1.webp,5,7,5,5,0.9999,adaptive,0.1618,2,0.0868
nwx857mo030d1.webp,5,9,7,7,0.9999,adaptive,0.1253,2,0.0657
nwx857mo030d1.webp,6,1,6,6,1.0,adaptive,0.1628,4,0.0914
nwx857mo030d1.webp,6,7,3,3,0.9998,adaptive,0.1662,2,0.0836
nwx857mo030d1.webp,7,3,6,6,1.0,adaptive,0.1777,2,0.0907
nwx857mo030d1.webp,7,4,1,0,0.8224,adaptive,0.1625,2,0.0725
nwx857mo030d1.webp,7,7,2,0,0.5843,adaptive,0.1832,2,0.0946
nwx857mo030d1.webp,7,8,8,8,1.0,adaptive,0.1834,2,0.0969
nwx857mo030d1.webp,8,2,7,7,1.0,adaptive,0.1371,2,0.0638
nwx857mo030d1.webp,8,4,9,9,1.0,adaptive,0.1841,2,0.0937
nwx857mo030d1.webp,8,6,8,8,1.0,adaptive,0.1726,2,0.0992
nwx857mo030d1.webp,9,8,7,0,0.7598,adaptive,0.1382,2,0.0698
nwx857mo030d1.webp,9,9,1,0,0.739,adaptive,0.1368,2,0.0691
xaobe6n28i0d1.webp,1,1,0,0,0.9866,adaptive,0.0425,0,0.0
xaobe6n28i0d1.webp,1,2,0,0,0.9866,adaptive,0.0156,0,0.0
xaobe6n28i0d1.webp,1,3,6,6,1.0,adaptive,0.1132,1,0.098
xaobe6n28i0d1.webp,1,4,0,5,0.3025,adaptive,0.0725,1,0.0282
xaobe6n28i0d1.webp,1,5,2,2,0.9981,adaptive,0.1146,2,0.0854
xaobe6n28i0d1.webp,1,6,0,6,0.1926,adaptive,0.0331,1,0.0172
xaobe6n28i0d1.webp,1,7,0,5,0.5117,adaptive,0.0739,1,0.0569
xaobe6n28i0d1.webp,1,8,0,0,0.602,adaptive,0.0292,1,0.0133
xaobe6n28i0d1.webp,1,9,0,0,0.602,adaptive,0.0292,1,0.0133
xaobe6n28i0d1.webp,2,1,0,0,0.9866,adaptive,0.0152,0,0.0
xaobe6n28i0d1.webp,2,2,2,2,0.9994,adaptive,0.0877,1,0.087
xaobe6n28i0d1.webp,2,4,0,5,0.3169,adaptive,0.0604,1,0.0285
xaobe6n28i0d1.webp,2,5,1,1,1.0,adaptive,0.0764,2,0.0613
xaobe6n28i0d1.webp,2,6,0,6,0.1804,adaptive,0.0152,1,0.0138
xaobe6n28i0d1.webp,2,7,0,5,0.5117,adaptive,0.0606,1,0.0569
xaobe6n28i0d1.webp,2,8,0,0,0.6363,adaptive,0.0154,1,0.014
xaobe6n28i0d1.webp,2,9,0,0,0.6363,adaptive,0.0154,1,0.014
xaobe6n28i0d1.webp,3,1,0,0,0.9866,adaptive,0.0152,0,0.0
xaobe6n28i0d1.webp,3,2,0,0,0.9866,adaptive,0.0005,0,0.0
xaobe6n28i0d1.webp,3,3,8,8,1.0,adaptive,0.109,1,0.1084
xaobe6n28i0d1.webp,3,4,5,5,1.0,adaptive,0.1437,2,0.0831
xaobe6n28i0d1.webp,3,5,0,0,0.6533,adaptive,0.0152,1,0.0138
xaobe6n28i0d1.webp,3,6,9,9,1.0,adaptive,0.1143,2,0.0992
xaobe6n28i0d1.webp,3,7,0,5,0.5117,adaptive,0.0606,1,0.0569
xaobe6n28i0d1.webp,3,8,0,0,0.6363,adaptive,0.0156,1,0.014
xaobe6n28i0d1.webp,3,9,6,6,1.0,adaptive,0.1139,2,0.0985
xaobe6n28i0d1.webp,4,1,3,3,1.0,adaptive,0.138,2,0.0787
xaobe6n28i0d1.webp,4,2,0,1,0.5059,adaptive,0.0455,1,0.0285
xaobe6n28i0d1.webp,4,3,0,1,0.5059,adaptive,0.0455,1,0.0285
xaobe6n28i0d1.webp,4,4,0,0,0.6756,adaptive,0.109,1,0.0546
xaobe6n28i0d1.webp,4,5,0,1,0.5059,adaptive,0.0735,2,0.0285
xaobe6n28i0d1.webp,4,6,0,1,0.5059,adaptive,0.0737,2,0.0285
xaobe6n28i0d1.webp,4,7,0,7,0.4956,adaptive,0.1143,1,0.082
xaobe6n28i0d1.webp,4,8,2,2,0.9991,adaptive,0.1577,3,0.0888
xaobe6n28i0d1.webp,4,9,7,7,0.9999,adaptive,0.1288,3,0.0698
xaobe6n28i0d1.webp,5,1,0,0,0.9688,adaptive,0.0292,1,0.0133
xaobe6n28i0d1.webp,5,2,5,5,1.0,adaptive,0.0978,2,0.0824
xaobe6n28i0d1.webp,5,3,4,4,1.0,adaptive,0.0902,2,0.0746
xaobe6n28i0d1.webp,5,4,0,5,0.3889,adaptive,0.073,2,0.0278
xaobe6n28i0d1.webp,5,5,0,0,0.9673,adaptive,0.0296,3,0.0135
xaobe6n28i0d1.webp,5,7,0,5,0.5117,adaptive,0.073,2,0.0569
xaobe6n28i0d1.webp,5,8,0,0,0.6064,adaptive,0.0294,3,0.0135
xaobe6n28i0d1.webp,5,9,3,3,1.0,adaptive,0.1088,3,0.079
xaobe6n28i0d1.webp,6,1,0,0,0.8996,adaptive,0.0292,1,0.0133
xaobe6n28i0d1.webp,6,2,8,8,1.0,adaptive,0.1226,2,0.1072
xaobe6n28i0d1.webp,6,3,0,0,0.9428,adaptive,0.0156,1,0.0142
xaobe6n28i0d1.webp,6,5,0,0,0.9204,adaptive,0.0298,2,0.0147
xaobe6n28i0d1.webp,6,6,0,0,0.9054,adaptive,0.0305,2,0.0156
xaobe6n28i0d1.webp,6,7,0,5,0.5117,adaptive,0.0732,2,0.0569
xaobe6n28i0d1.webp,6,8,0,0,0.8331,adaptive,0.0308,1,0.0287
xaobe6n28i0d1.webp,6,9,4,4,1.0,adaptive,0.1074,3,0.0771
xaobe6n28i0d1.webp,7,1,0,1,0.9934,adaptive,0.0732,1,0.0565
xaobe6n28i0d1.webp,7,2,0,1,0.9931,adaptive,0.0606,1,0.0569
xaobe6n28i0d1.webp,7,3,0,1,0.9931,adaptive,0.0611,1,0.0569
xaobe6n28i0d1.webp,7,4,4,4,1.0,adaptive,0.18,2,0.0787
xaobe6n28i0d1.webp,7,5,0,1,0.9931,adaptive,0.073,2,0.0569
xaobe6n28i0d1.webp,7,6,0,1,0.9931,adaptive,0.0732,2,0.0569
xaobe6n28i0d1.webp,7,7,0,0,0.5067,adaptive,0.1148,1,0.1084
xaobe6n28i0d1.webp,7,8,3,3,1.0,adaptive,0.1522,3,0.0797
xaobe6n28i0d1.webp,7,9,0,1,0.9939,adaptive,0.0716,2,0.0556
xaobe6n28i0d1.webp,8,1,0,1,0.8872,adaptive,0.0427,1,0.0262
xaobe6n28i0d1.webp,8,2,1,1,1.0,adaptive,0.0921,2,0.0629
xaobe6n28i0d1.webp,8,3,0,1,0.7333,adaptive,0.0282,1,0.0273
xaobe6n28i0d1.webp,8,4,0,1,0.8665,adaptive,0.0712,2,0.0248
xaobe6n28i0d1.webp,8,5,0,1,0.8884,adaptive,0.0427,3,0.0264
xaobe6n28i0d1.webp,8,6,0,1,0.8777,adaptive,0.0432,2,0.0262
xaobe6n28i0d1.webp,8,7,0,5,0.5117,adaptive,0.0854,2,0.0569
xaobe6n28i0d1.webp,8,8,7,7,0.9998,adaptive,0.1104,3,0.0686
xaobe6n28i0d1.webp,8,9,0,1,0.8598,adaptive,0.0418,2,0.0246
xaobe6n28i0d1.webp,9,1,0,0,0.9531,adaptive,0.0294,1,0.0133
xaobe6n28i0d1.webp,9,2,0,0,0.7446,adaptive,0.0154,1,0.014
xaobe6n28i0d1.webp,9,3,0,0,0.7388,adaptive,0.0152,1,0.0138
xaobe6n28i0d1.webp,9,4,0,0,0.6324,adaptive,0.0585,2,0.0142
xaobe6n28i0d1.webp,9,5,0,0,0.7687,adaptive,0.0294,2,0.0147
xaobe6n28i0d1.webp,9,6,8,8,1.0,adaptive,0.1382,2,0.1077
xaobe6n28i0d1.webp,9,7,6,6,1.0,adaptive,0.171,3,0.0978
xaobe6n28i0d1.webp,9,8,0,1,0.6945,adaptive,0.0395,2,0.0218
xaobe6n28i0d1.webp,9,9,0,0,0.9026,adaptive,0.031,1,0.0292
tkc715v5py0d1.webp,1,1,0,0,0.6602,adaptive,0.1162,1,0.0891
tkc715v5py0d1.webp,1,2,0,0,0.7037,adaptive,0.1283,1,0.0813
tkc715v5py0d1.webp,1,3,1,0,0.4664,adaptive,0.2137,2,0.0976
tkc715v5py0d1.webp,1,4,0,0,0.4606,adaptive,0.1607,2,0.0921
tkc715v5py0d1.webp,1,5,0,0,0.7995,adaptive,0.1483,1,0.0794
tkc715v5py0d1.webp,1,6,8,0,0.5264,adaptive,0.2289,2,0.1056
tkc715v5py0d1.webp,1,7,0,0,0.6718,adaptive,0.1674,2,0.1028
tkc715v5py0d1.webp,1,8,2,0,0.6046,adaptive,0.2117,2,0.1125
tkc715v5py0d1.webp,1,9,0,0,0.6178,adaptive,0.1288,1,0.1001
tkc715v5py0d1.webp,2,1,9,7,0.3281,adaptive,0.2066,3,0.1118
tkc715v5py0d1.webp,2,2,0,0,0.5715,adaptive,0.1364,2,0.101
tkc715v5py0d1.webp,2,3,0,0,0.5765,adaptive,0.1807,1,0.1042
tkc715v5py0d1.webp,2,4,0,0,0.6869,adaptive,0.1644,5,0.0833
tkc715v5py0d1.webp,2,5,0,0,0.8222,adaptive,0.1538,3,0.0643
tkc715v5py0d1.webp,2,6,0,0,0.6183,adaptive,0.1651,1,0.1003
tkc715v5py0d1.webp,2,7,0,0,0.4273,adaptive,0.1896,1,0.0914
tkc715v5py0d1.webp,2,8,0,0,0.6691,adaptive,0.1616,2,0.0787
tkc715v5py0d1.webp,2,9,0,0,0.6783,adaptive,0.1458,4,0.0792
tkc715v5py0d1.webp,3,1,0,7,0.4532,adaptive,0.1497,7,0.1008
tkc715v5py0d1.webp,3,2,5,0,0.7504,adaptive,0.2475,2,0.0957
tkc715v5py0d1.webp,3,3,0,0,0.4122,adaptive,0.2096,3,0.1093
tkc715v5py0d1.webp,3,4,0,0,0.534,adaptive,0.1837,2,0.0884
tkc715v5py0d1.webp,3,5,0,0,0.6236,adaptive,0.1798,2,0.0661
tkc715v5py0d1.webp,3,6,4,0,0.4414,adaptive,0.2576,3,0.1033
tkc715v5py0d1.webp,3,7,8,0,0.4313,adaptive,0.2955,2,0.0994
tkc715v5py0d1.webp,3,8,0,1,0.9876,adaptive,0.177,6,0.0546
tkc715v5py0d1.webp,3,9,0,1,0.9892,adaptive,0.1749,5,0.0556
tkc715v5py0d1.webp,4,1,8,0,0.6654,adaptive,0.2243,2,0.1047
tkc715v5py0d1.webp,4,2,0,0,0.7887,adaptive,0.1428,1,0.0872
tkc715v5py0d1.webp,4,3,0,0,0.6141,adaptive,0.1804,3,0.1136
tkc715v5py0d1.webp,4,4,0,0,0.5626,adaptive,0.1676,2,0.1111
tkc715v5py0d1.webp,4,5,9,9,1.0,adaptive,0.2449,14,0.0888
tkc715v5py0d1.webp,4,6,0,0,0.7321,adaptive,0.1605,1,0.1061
tkc715v5py0d1.webp,4,7,0,0,0.7781,adaptive,0.1758,4,0.0698
tkc715v5py0d1.webp,4,8,5,5,1.0,adaptive,0.2422,8,0.0863
tkc715v5py0d1.webp,4,9,0,0,0.9675,adaptive,0.1676,2,0.0303
tkc715v5py0d1.webp,5,1,0,0,0.5482,adaptive,0.1412,1,0.0698
tkc715v5py0d1.webp,5,2,6,6,0.9999,adaptive,0.2417,3,0.0882
tkc715v5py0d1.webp,5,3,0,0,0.7302,adaptive,0.1715,2,0.0732
tkc715v5py0d1.webp,5,4,2,2,0.9998,adaptive,0.2477,3,0.0831
tkc715v5py0d1.webp,5,5,0,0,0.839,adaptive,0.1605,6,0.042
tkc715v5py0d1.webp,5,6,0,0,0.6831,adaptive,0.1598,6,0.0767
tkc715v5py0d1.webp,5,7,0,0,0.82,adaptive,0.16,13,0.042
tkc715v5py0d1.webp,5,8,0,0,0.2941,adaptive,0.1194,10,0.0131
tkc715v5py0d1.webp,5,9,7,7,1.0,adaptive,0.1853,3,0.0624
tkc715v5py0d1.webp,6,1,0,0,0.7253,adaptive,0.1724,3,0.0753
tkc715v5py0d1.webp,6,2,0,0,0.8216,adaptive,0.1719,1,0.0608
tkc715v5py0d1.webp,6,3,0,0,0.6183,adaptive,0.1995,2,0.0918
tkc715v5py0d1.webp,6,4,0,7,0.4501,adaptive,0.1965,2,0.1058
tkc715v5py0d1.webp,6,5,4,4,1.0,adaptive,0.2656,4,0.0716
tkc715v5py0d1.webp,6,6,6,0,0.5611,adaptive,0.2812,4,0.0999
tkc715v5py0d1.webp,6,7,0,0,0.821,adaptive,0.171,6,0.0689
tkc715v5py0d1.webp,6,8,9,9,0.9995,adaptive,0.2326,2,0.0966
tkc715v5py0d1.webp,6,9,0,0,0.8225,adaptive,0.1433,3,0.068
tkc715v5py0d1.webp,7,1,7,0,0.8093,adaptive,0.2041,2,0.0806
tkc715v5py0d1.webp,7,2,3,3,0.9996,adaptive,0.2119,2,0.0847
tkc715v5py0d1.webp,7,3,0,0,0.8334,adaptive,0.1534,8,0.0962
tkc715v5py0d1.webp,7,4,0,0,0.525,adaptive,0.1504,5,0.0946
tkc715v5py0d1.webp,7,5,0,0,0.845,adaptive,0.1554,4,0.0725
tkc715v5py0d1.webp,7,6,0,0,0.8197,adaptive,0.1478,5,0.1008
tkc715v5py0d1.webp,7,7,0,0,0.7336,adaptive,0.1345,4,0.0957
tkc715v5py0d1.webp,7,8,4,0,0.7413,adaptive,0.1839,3,0.0783
tkc715v5py0d1.webp,7,9,5,0,0.6487,adaptive,0.2011,3,0.0969
tkc715v5py0d1.webp,8,1,1,0,0.654,adaptive,0.1841,2,0.0599
tkc715v5py0d1.webp,8,2,0,1,0.9545,adaptive,0.1382,8,0.0416
tkc715v5py0d1.webp,8,3,0,0,0.7625,adaptive,0.1455,2,0.0817
tkc715v5py0d1.webp,8,4,0,0,0.5798,adaptive,0.1476,3,0.0785
tkc715v5py0d1.webp,8,5,0,1,0.8829,adaptive,0.1407,17,0.0367
tkc715v5py0d1.webp,8,6,2,2,0.9998,adaptive,0.2424,7,0.0863
tkc715v5py0d1.webp,8,7,0,0,0.5163,adaptive,0.1345,8,0.104
tkc715v5py0d1.webp,8,8,0,0,0.6455,adaptive,0.1198,7,0.084
tkc715v5py0d1.webp,8,9,6,0,0.5695,adaptive,0.211,3,0.0971
tkc715v5py0d1.webp,9,1,2,2,0.9998,adaptive,0.2254,2,0.0803
tkc715v5py0d1.webp,9,2,0,0,0.7084,adaptive,0.132,1,0.0663
tkc715v5py0d1.webp,9,3,0,0,0.7197,adaptive,0.1462,5,0.0895
tkc715v5py0d1.webp,9,4,0,0,0.621,adaptive,0.14,4,0.0898
tkc715v5py0d1.webp,9,5,0,1,0.9934,adaptive,0.1302,4,0.0565
tkc715v5py0d1.webp,9,6,0,0,0.7982,adaptive,0.1593,4,0.093
tkc715v5py0d1.webp,9,7,7,0,0.6817,adaptive,0.2149,4,0.1205
tkc715v5py0d1.webp,9,8,0,0,0.9135,adaptive,0.1995,10,0.0895
tkc715v5py0d1.webp,9,9,1,0,0.847,adaptive,0.2048,3,0.0872
gqx094yuu3ec1.webp,1,1,0,0,0.9866,adaptive,0.0583,0,0.0
gqx094yuu3ec1.webp,1,2,0,0,0.9866,adaptive,0.042,0,0.0
gqx094yuu3ec1.webp,1,3,1,1,1.0,adaptive,0.1001,1,0.0698
gqx094yuu3ec1.webp,1,4,6,6,1.0,adaptive,0.1763,2,0.1026
gqx094yuu3ec1.webp,1,5,2,2,0.9998,adaptive,0.1343,2,0.0907
gqx094yuu3ec1.webp,1,6,8,8,1.0,adaptive,0.169,2,0.1118
gqx094yuu3ec1.webp,1,7,3,3,1.0,adaptive,0.1568,2,0.0833
gqx094yuu3ec1.webp,1,8,0,4,0.3245,adaptive,0.0569,1,0.0257
gqx094yuu3ec1.webp,1,9,0,1,0.5705,adaptive,0.0549,1,0.0239
gqx094yuu3ec1.webp,2,1,0,0,0.9866,adaptive,0.0305,0,0.0
gqx094yuu3ec1.webp,2,2,0,0,0.9866,adaptive,0.025,0,0.0
gqx094yuu3ec1.webp,2,3,9,9,1.0,adaptive,0.115,1,0.1019
gqx094yuu3ec1.webp,2,4,0,0,0.6324,adaptive,0.0581,1,0.0142
gqx094yuu3ec1.webp,2,5,0,0,0.2831,adaptive,0.0257,1,0.0133
gqx094yuu3ec1.webp,2,6,0,5,0.2806,adaptive,0.0298,1,0.0273
gqx094yuu3ec1.webp,2,7,6,6,1.0,adaptive,0.1492,2,0.1038
gqx094yuu3ec1.webp,2,8,1,1,1.0,adaptive,0.0971,2,0.068
gqx094yuu3ec1.webp,2,9,0,6,0.1599,adaptive,0.0186,1,0.0149
gqx094yuu3ec1.webp,3,1,0,0,0.9866,adaptive,0.0305,0,0.0
gqx094yuu3ec1.webp,3,2,3,3,1.0,adaptive,0.0923,1,0.0826
gqx094yuu3ec1.webp,3,3,0,0,0.9866,adaptive,0.0014,0,0.0
gqx094yuu3ec1.webp,3,4,0,0,0.6324,adaptive,0.0455,1,0.0142
gqx094yuu3ec1.webp,3,5,0,0,0.2831,adaptive,0.0152,2,0.0133
gqx094yuu3ec1.webp,3,6,5,5,1.0,adaptive,0.115,3,0.0854
gqx094yuu3ec1.webp,3,7,0,4,0.499,adaptive,0.0455,1,0.0427
gqx094yuu3ec1.webp,3,8,8,8,1.0,adaptive,0.138,3,0.1088
gqx094yuu3ec1.webp,3,9,0,6,0.1687,adaptive,0.0191,1,0.0168
gqx094yuu3ec1.webp,4,1,0,0,0.9807,adaptive,0.0732,1,0.0142
gqx094yuu3ec1.webp,4,2,6,6,1.0,adaptive,0.1591,2,0.1033
gqx094yuu3ec1.webp,4,3,0,0,0.9807,adaptive,0.0455,1,0.0142
gqx094yuu3ec1.webp,4,4,0,0,0.9476,adaptive,0.0884,1,0.0282
gqx094yuu3ec1.webp,4,5,0,0,0.9807,adaptive,0.0583,2,0.0142
gqx094yuu3ec1.webp,4,6,1,1,1.0,adaptive,0.1403,3,0.0689
gqx094yuu3ec1.webp,4,7,0,0,0.7826,adaptive,0.0886,1,0.0562
gqx094yuu3ec1.webp,4,8,4,4,1.0,adaptive,0.1536,3,0.082
gqx094yuu3ec1.webp,4,9,0,0,0.9807,adaptive,0.0588,2,0.0142
gqx094yuu3ec1.webp,5,1,0,0,0.9699,adaptive,0.0436,1,0.0129
gqx094yuu3ec1.webp,5,2,7,7,0.9999,adaptive,0.1019,2,0.0751
gqx094yuu3ec1.webp,5,3,0,0,0.9688,adaptive,0.0152,2,0.0133
gqx094yuu3ec1.webp,5,4,0,0,0.6324,adaptive,0.0585,2,0.0142
gqx094yuu3ec1.webp,5,5,6,6,1.0,adaptive,0.1331,4,0.1038
gqx094yuu3ec1.webp,5,6,0,5,0.3197,adaptive,0.0438,2,0.0282
gqx094yuu3ec1.webp,5,7,0,4,0.499,adaptive,0.0579,2,0.0427
gqx094yuu3ec1.webp,5,8,3,3,1.0,adaptive,0.126,4,0.0831
gqx094yuu3ec1.webp,5,9,0,4,0.2167,adaptive,0.0324,2,0.0177
gqx094yuu3ec1.webp,6,1,0,1,0.5272,adaptive,0.0569,1,0.0257
gqx094yuu3ec1.webp,6,2,4,4,1.0,adaptive,0.123,2,0.0824
gqx094yuu3ec1.webp,6,3,0,1,0.6031,adaptive,0.0287,2,0.0269
gqx094yuu3ec1.webp,6,4,0,1,0.5174,adaptive,0.0716,2,0.0253
gqx094yuu3ec1.webp,6,5,8,8,1.0,adaptive,0.1524,4,0.1093
gqx094yuu3ec1.webp,6,6,0,5,0.2856,adaptive,0.0576,2,0.0285
gqx094yuu3ec1.webp,6,7,0,4,0.499,adaptive,0.0705,2,0.0427
gqx094yuu3ec1.webp,6,8,9,9,1.0,adaptive,0.1582,4,0.1019
gqx094yuu3ec1.webp,6,9,0,4,0.3316,adaptive,0.0544,2,0.0269
gqx094yuu3ec1.webp,7,1,0,1,0.9525,adaptive,0.0735,1,0.0427
gqx094yuu3ec1.webp,7,2,8,8,1.0,adaptive,0.1589,2,0.1134
gqx094yuu3ec1.webp,7,3,0,1,0.9525,adaptive,0.0455,1,0.0427
gqx094yuu3ec1.webp,7,4,2,2,0.9997,adaptive,0.18,2,0.0911
gqx094yuu3ec1.webp,7,5,0,1,0.9525,adaptive,0.0581,2,0.0427
gqx094yuu3ec1.webp,7,6,0,1,0.9525,adaptive,0.0707,2,0.0427
gqx094yuu3ec1.webp,7,7,0,0,0.7056,adaptive,0.0888,1,0.0833
gqx094yuu3ec1.webp,7,8,6,6,1.0,adaptive,0.1738,3,0.1031
gqx094yuu3ec1.webp,7,9,0,1,0.9525,adaptive,0.0583,2,0.0427
gqx094yuu3ec1.webp,8,1,0,1,0.8103,adaptive,0.0574,1,0.0262
gqx094yuu3ec1.webp,8,2,9,9,1.0,adaptive,0.132,2,0.1024
gqx094yuu3ec1.webp,8,3,2,2,0.9938,adaptive,0.1185,3,0.09
gqx094yuu3ec1.webp,8,4,0,1,0.9555,adaptive,0.0716,2,0.0253
gqx094yuu3ec1.webp,8,5,0,1,0.8384,adaptive,0.0432,3,0.0266
gqx094yuu3ec1.webp,8,6,0,4,0.2945,adaptive,0.0572,3,0.0262
gqx094yuu3ec1.webp,8,7,7,7,0.9998,adaptive,0.1449,3,0.0742
gqx094yuu3ec1.webp,8,8,0,4,0.3245,adaptive,0.056,3,0.0257
gqx094yuu3ec1.webp,8,9,0,1,0.751,adaptive,0.0429,2,0.0253
gqx094yuu3ec1.webp,9,1,0,0,0.9117,adaptive,0.0441,1,0.0131
gqx094yuu3ec1.webp,9,2,0,0,0.8241,adaptive,0.0158,1,0.014
gqx094yuu3ec1.webp,9,3,6,6,1.0,adaptive,0.1221,3,0.1022
gqx094yuu3ec1.webp,9,4,9,9,1.0,adaptive,0.1731,3,0.1019
gqx094yuu3ec1.webp,9,5,7,7,0.9999,adaptive,0.1146,3,0.0716
gqx094yuu3ec1.webp,9,6,4,4,1.0,adaptive,0.1389,3,0.0813
gqx094yuu3ec1.webp,9,7,0,4,0.499,adaptive,0.0705,2,0.0427
gqx094yuu3ec1.webp,9,8,0,1,0.6348,adaptive,0.0572,2,0.0289
gqx094yuu3ec1.webp,9,9,0,1,0.7675,adaptive,0.0438,2,0.0255
14cjfxivj70d1.webp,1,1,5,5,1.0,adaptive,0.1017,1,0.0572
14cjfxivj70d1.webp,1,3,8,8,1.0,adaptive,0.1263,1,0.0696
14cjfxivj70d1.webp,1,5,3,3,1.0,adaptive,0.1162,2,0.0544
14cjfxivj70d1.webp,1,9,1,1,0.9999,adaptive,0.0838,2,0.0399
14cjfxivj70d1.webp,2,1,6,6,1.0,adaptive,0.096,1,0.0613
14cjfxivj70d1.webp,2,3,3,3,1.0,adaptive,0.0964,1,0.0539
14cjfxivj70d1.webp,2,5,1,1,1.0,adaptive,0.084,2,0.0402
14cjfxivj70d1.webp,2,8,4,4,1.0,adaptive,0.098,2,0.0535
14cjfxivj70d1.webp,3,2,1,1,1.0,adaptive,0.087,1,0.0438
14cjfxivj70d1.webp,3,6,2,2,0.9997,adaptive,0.1127,2,0.0519
14cjfxivj70d1.webp,3,8,8,8,1.0,adaptive,0.127,4,0.0702
14cjfxivj70d1.webp,4,4,3,3,1.0,adaptive,0.1416,2,0.0542
14cjfxivj70d1.webp,4,5,5,5,1.0,adaptive,0.138,3,0.0533
14cjfxivj70d1.webp,4,8,1,1,1.0,adaptive,0.112,3,0.0397
14cjfxivj70d1.webp,5,4,6,6,1.0,adaptive,0.1341,3,0.062
14cjfxivj70d1.webp,5,7,7,7,0.9999,adaptive,0.1164,3,0.0452
14cjfxivj70d1.webp,5,9,5,5,1.0,adaptive,0.1146,2,0.0569
14cjfxivj70d1.webp,6,4,1,1,1.0,adaptive,0.1118,3,0.0395
14cjfxivj70d1.webp,6,7,8,8,1.0,adaptive,0.1414,3,0.07
14cjfxivj70d1.webp,6,9,4,0,0.6473,adaptive,0.1118,2,0.0558
14cjfxivj70d1.webp,7,2,6,6,1.0,adaptive,0.1196,2,0.0613
14cjfxivj70d1.webp,7,4,2,0,0.9211,adaptive,0.1393,2,0.0562
14cjfxivj70d1.webp,7,5,4,4,1.0,adaptive,0.1334,3,0.0519
14cjfxivj70d1.webp,7,9,8,8,1.0,adaptive,0.1515,3,0.0675
14cjfxivj70d1.webp,8,1,2,2,0.9991,adaptive,0.1072,2,0.0505
14cjfxivj70d1.webp,8,7,1,4,0.499,adaptive,0.1095,3,0.0427
14cjfxivj70d1.webp,9,2,8,8,1.0,adaptive,0.1258,2,0.0677
14cjfxivj70d1.webp,9,6,1,1,1.0,adaptive,0.1056,8,0.0422
14cjfxivj70d1.webp,9,7,4,4,1.0,adaptive,0.1364,3,0.0521
14cjfxivj70d1.webp,9,8,2,0,0.7394,adaptive,0.1251,2,0.0689
6v28vzk9rv8c1.webp,1,1,2,2,0.9998,adaptive,0.132,1,0.073
6v28vzk9rv8c1.webp,1,4,7,7,0.9999,adaptive,0.1258,2,0.0519
6v28vzk9rv8c1.webp,1,5,9,9,1.0,adaptive,0.1442,2,0.0863
6v28vzk9rv8c1.webp,1,6,8,8,1.0,adaptive,0.1462,2,0.0884
6v28vzk9rv8c1.webp,1,7,6,6,0.9997,adaptive,0.1618,2,0.0852
6v28vzk9rv8c1.webp,1,8,5,5,0.9988,adaptive,0.1398,2,0.0813
6v28vzk9rv8c1.webp,1,9,3,3,0.9999,adaptive,0.1306,2,0.0725
6v28vzk9rv8c1.webp,2,1,3,3,0.9999,adaptive,0.1185,1,0.0746
6v28vzk9rv8c1.webp,2,2,5,5,0.9997,adaptive,0.1107,1,0.0808
6v28vzk9rv8c1.webp,2,3,7,7,0.9999,adaptive,0.0992,1,0.0549
6v28vzk9rv8c1.webp,2,4,6,6,1.0,adaptive,0.1458,2,0.087
6v28vzk9rv8c1.webp,2,5,2,2,0.9995,adaptive,0.115,2,0.0709
6v28vzk9rv8c1.webp,2,6,1,1,0.9976,adaptive,0.0859,2,0.0418
6v28vzk9rv8c1.webp,2,8,9,9,1.0,adaptive,0.1336,2,0.0888
6v28vzk9rv8c1.webp,3,1,9,9,1.0,adaptive,0.1591,1,0.0882
6v28vzk9rv8c1.webp,3,2,8,8,1.0,adaptive,0.1453,1,0.0875
6v28vzk9rv8c1.webp,3,3,6,6,1.0,adaptive,0.1561,1,0.0856
6v28vzk9rv8c1.webp,3,4,4,4,1.0,adaptive,0.1573,2,0.0721
6v28vzk9rv8c1.webp,3,5,3,3,0.9998,adaptive,0.1467,2,0.0742
6v28vzk9rv8c1.webp,3,6,5,5,0.9997,adaptive,0.1556,3,0.0836
6v28vzk9rv8c1.webp,3,7,7,7,0.9999,adaptive,0.1398,2,0.0512
6v28vzk9rv8c1.webp,3,8,1,1,0.9984,adaptive,0.1143,2,0.0409
6v28vzk9rv8c1.webp,3,9,2,2,0.9997,adaptive,0.1299,2,0.0721
6v28vzk9rv8c1.webp,4,1,7,7,0.9999,adaptive,0.1297,2,0.0558
6v28vzk9rv8c1.webp,4,2,3,3,0.9999,adaptive,0.1455,2,0.0748
6v28vzk9rv8c1.webp,4,3,8,8,0.9999,adaptive,0.1586,2,0.0868
6v28vzk9rv8c1.webp,4,4,2,2,1.0,adaptive,0.1612,2,0.0725
6v28vzk9rv8c1.webp,4,5,4,4,1.0,adaptive,0.1421,3,0.07
6v28vzk9rv8c1.webp,4,6,9,9,1.0,adaptive,0.1616,3,0.0891
6v28vzk9rv8c1.webp,4,7,1,0,0.7826,adaptive,0.1288,2,0.0562
6v28vzk9rv8c1.webp,4,8,6,6,0.9999,adaptive,0.1556,3,0.0836
6v28vzk9rv8c1.webp,4,9,5,5,0.9996,adaptive,0.1547,3,0.0817
6v28vzk9rv8c1.webp,5,1,1,1,0.9981,adaptive,0.098,2,0.0406
6v28vzk9rv8c1.webp,5,2,6,6,1.0,adaptive,0.1302,2,0.087
6v28vzk9rv8c1.webp,5,4,8,8,1.0,adaptive,0.1575,3,0.0861
6v28vzk9rv8c1.webp,5,5,5,5,0.9997,adaptive,0.1111,2,0.0797
6v28vzk9rv8c1.webp,5,6,7,7,0.9998,adaptive,0.0969,2,0.0517
6v28vzk9rv8c1.webp,5,7,3,3,0.9999,adaptive,0.1419,3,0.076
6v28vzk9rv8c1.webp,6,1,5,5,0.9995,adaptive,0.1412,2,0.0836
6v28vzk9rv8c1.webp,6,4,3,3,0.9999,adaptive,0.1483,3,0.0762
6v28vzk9rv8c1.webp,6,5,1,0,0.8569,adaptive,0.1006,2,0.0418
6v28vzk9rv8c1.webp,6,6,6,6,1.0,adaptive,0.1474,2,0.0865
6v28vzk9rv8c1.webp,7,1,8,8,1.0,adaptive,0.1742,2,0.0868
6v28vzk9rv8c1.webp,7,3,3,3,0.9999,adaptive,0.1612,2,0.0755
6v28vzk9rv8c1.webp,7,4,1,0,0.8929,adaptive,0.1474,2,0.0677
6v28vzk9rv8c1.webp,7,5,6,6,1.0,adaptive,0.1699,3,0.0863
6v28vzk9rv8c1.webp,7,6,4,4,1.0,adaptive,0.1437,3,0.0716
6v28vzk9rv8c1.webp,7,7,5,0,0.7056,adaptive,0.171,2,0.0833
6v28vzk9rv8c1.webp,8,1,4,4,1.0,adaptive,0.1354,2,0.0716
6v28vzk9rv8c1.webp,8,5,8,8,1.0,adaptive,0.1462,2,0.0875
6v28vzk9rv8c1.webp,8,9,6,6,1.0,adaptive,0.1446,2,0.0852
6v28vzk9rv8c1.webp,9,1,6,6,0.9999,adaptive,0.1545,2,0.0856
6v28vzk9rv8c1.webp,9,5,7,0,0.9039,adaptive,0.1253,2,0.0549
6v28vzk9rv8c1.webp,9,9,1,1,0.9985,adaptive,0.0973,2,0.0471
ocbbh9k7gdfc1.jpeg,1,1,0,0,0.9807,adaptive,0.1136,2,0.0142
ocbbh9k7gdfc1.jpeg,1,2,2,2,0.9992,adaptive,0.1616,2,0.0879
ocbbh9k7gdfc1.jpeg,1,3,0,0,0.9807,adaptive,0.1136,1,0.0142
ocbbh9k7gdfc1.jpeg,1,4,3,3,0.9999,adaptive,0.2149,2,0.0879
ocbbh9k7gdfc1.jpeg,1,5,0,0,0.9476,adaptive,0.0872,1,0.0282
ocbbh9k7gdfc1.jpeg,1,6,1,1,0.9993,adaptive,0.16,2,0.0491
ocbbh9k7gdfc1.jpeg,1,7,0,0,0.7238,adaptive,0.118,1,0.0702
ocbbh9k7gdfc1.jpeg,1,8,0,0,0.783,adaptive,0.0893,1,0.0553
ocbbh9k7gdfc1.jpeg,1,9,0,0,0.7931,adaptive,0.0872,1,0.0542
ocbbh9k7gdfc1.jpeg,2,1,0,0,0.2781,adaptive,0.0863,1,0.0135
ocbbh9k7gdfc1.jpeg,2,2,0,0,0.9866,adaptive,0.0452,0,0.0
ocbbh9k7gdfc1.jpeg,2,3,0,0,0.9866,adaptive,0.087,0,0.0
ocbbh9k7gdfc1.jpeg,2,4,4,4,1.0,adaptive,0.1749,2,0.0735
ocbbh9k7gdfc1.jpeg,2,5,6,6,1.0,adaptive,0.1568,2,0.0973
ocbbh9k7gdfc1.jpeg,2,6,0,5,0.3169,adaptive,0.0868,1,0.0285
ocbbh9k7gdfc1.jpeg,2,7,0,5,0.5117,adaptive,0.1019,1,0.0569
ocbbh9k7gdfc1.jpeg,2,8,0,4,0.4902,adaptive,0.0737,1,0.042
ocbbh9k7gdfc1.jpeg,2,9,7,7,1.0,adaptive,0.1357,2,0.0624
ocbbh9k7gdfc1.jpeg,3,1,4,4,1.0,adaptive,0.1871,2,0.0739
ocbbh9k7gdfc1.jpeg,3,2,0,0,0.9866,adaptive,0.0737,0,0.0
ocbbh9k7gdfc1.jpeg,3,3,0,0,0.9866,adaptive,0.1143,0,0.0
ocbbh9k7gdfc1.jpeg,3,4,0,4,0.4711,adaptive,0.1279,1,0.0404
ocbbh9k7gdfc1.jpeg,3,5,9,9,0.9999,adaptive,0.185,2,0.0966
ocbbh9k7gdfc1.jpeg,3,6,0,5,0.3169,adaptive,0.1127,1,0.0285
ocbbh9k7gdfc1.jpeg,3,7,0,5,0.5117,adaptive,0.1281,1,0.0569
ocbbh9k7gdfc1.jpeg,3,8,5,5,1.0,adaptive,0.1905,4,0.0865
ocbbh9k7gdfc1.jpeg,3,9,0,4,0.2877,adaptive,0.1127,2,0.0406
ocbbh9k7gdfc1.jpeg,4,1,1,1,0.9997,adaptive,0.1775,3,0.0491
ocbbh9k7gdfc1.jpeg,4,2,0,1,0.9525,adaptive,0.0891,1,0.0427
ocbbh9k7gdfc1.jpeg,4,3,0,1,0.9525,adaptive,0.129,1,0.0427
ocbbh9k7gdfc1.jpeg,4,4,0,0,0.7089,adaptive,0.141,1,0.0815
ocbbh9k7gdfc1.jpeg,4,5,5,5,0.9997,adaptive,0.1917,2,0.0886
ocbbh9k7gdfc1.jpeg,4,6,0,0,0.8,adaptive,0.1283,1,0.0693
ocbbh9k7gdfc1.jpeg,4,7,0,0,0.6682,adaptive,0.1403,1,0.0966
ocbbh9k7gdfc1.jpeg,4,8,2,2,0.9999,adaptive,0.2034,2,0.0868
ocbbh9k7gdfc1.jpeg,4,9,0,0,0.7425,adaptive,0.1159,1,0.082
ocbbh9k7gdfc1.jpeg,5,1,0,1,0.5179,adaptive,0.1006,2,0.0278
ocbbh9k7gdfc1.jpeg,5,2,0,1,0.532,adaptive,0.0613,1,0.028
ocbbh9k7gdfc1.jpeg,5,3,9,9,1.0,adaptive,0.1979,2,0.0971
ocbbh9k7gdfc1.jpeg,5,4,1,0,0.5088,adaptive,0.1657,2,0.068
ocbbh9k7gdfc1.jpeg,5,5,0,0,0.8557,adaptive,0.0739,1,0.042
ocbbh9k7gdfc1.jpeg,5,6,6,6,0.9999,adaptive,0.1967,2,0.0957
ocbbh9k7gdfc1.jpeg,5,7,7,7,0.4774,adaptive,0.1754,2,0.0831
ocbbh9k7gdfc1.jpeg,5,8,0,0,0.5155,adaptive,0.0888,1,0.0698
ocbbh9k7gdfc1.jpeg,5,9,0,0,0.5303,adaptive,0.0872,1,0.0686
ocbbh9k7gdfc1.jpeg,6,1,0,1,0.521,adaptive,0.0877,2,0.0287
ocbbh9k7gdfc1.jpeg,6,2,4,4,1.0,adaptive,0.1208,2,0.0742
ocbbh9k7gdfc1.jpeg,6,3,0,1,0.5059,adaptive,0.0886,1,0.0285
ocbbh9k7gdfc1.jpeg,6,4,0,0,0.5325,adaptive,0.1024,1,0.0686
ocbbh9k7gdfc1.jpeg,6,5,8,8,1.0,adaptive,0.1602,2,0.1006
ocbbh9k7gdfc1.jpeg,6,6,0,0,0.6764,adaptive,0.0868,1,0.056
ocbbh9k7gdfc1.jpeg,6,7,0,7,0.4478,adaptive,0.1026,1,0.0836
ocbbh9k7gdfc1.jpeg,6,8,0,0,0.5155,adaptive,0.0742,1,0.0698
ocbbh9k7gdfc1.jpeg,6,9,1,0,0.5332,adaptive,0.1185,2,0.0686
ocbbh9k7gdfc1.jpeg,7,1,0,1,0.9993,adaptive,0.1276,2,0.0705
ocbbh9k7gdfc1.jpeg,7,2,8,8,1.0,adaptive,0.1887,2,0.0999
ocbbh9k7gdfc1.jpeg,7,3,0,1,0.9992,adaptive,0.1276,1,0.0698
ocbbh9k7gdfc1.jpeg,7,4,0,0,0.7037,adaptive,0.1396,1,0.1079
ocbbh9k7gdfc1.jpeg,7,5,1,0,0.9218,adaptive,0.1522,2,0.0838
ocbbh9k7gdfc1.jpeg,7,6,0,0,0.8099,adaptive,0.1272,1,0.0966
ocbbh9k7gdfc1.jpeg,7,7,0,0,0.6543,adaptive,0.1403,1,0.1226
ocbbh9k7gdfc1.jpeg,7,8,0,0,0.7195,adaptive,0.1152,1,0.1088
ocbbh9k7gdfc1.jpeg,7,9,3,0,0.7603,adaptive,0.2018,2,0.1084
ocbbh9k7gdfc1.jpeg,8,1,6,6,0.9999,adaptive,0.1977,2,0.0969
ocbbh9k7gdfc1.jpeg,8,2,0,1,0.9545,adaptive,0.0597,1,0.042
ocbbh9k7gdfc1.jpeg,8,3,0,1,0.9483,adaptive,0.1012,1,0.0409
ocbbh9k7gdfc1.jpeg,8,4,0,0,0.6106,adaptive,0.115,1,0.081
ocbbh9k7gdfc1.jpeg,8,5,0,0,0.9028,adaptive,0.0737,1,0.0556
ocbbh9k7gdfc1.jpeg,8,6,0,0,0.7379,adaptive,0.0989,1,0.0684
ocbbh9k7gdfc1.jpeg,8,7,0,0,0.5714,adaptive,0.1155,1,0.0957
ocbbh9k7gdfc1.jpeg,8,8,0,0,0.6181,adaptive,0.0875,1,0.0824
ocbbh9k7gdfc1.jpeg,8,9,0,0,0.6729,adaptive,0.0856,1,0.081
ocbbh9k7gdfc1.jpeg,9,1,0,1,0.9493,adaptive,0.0996,2,0.0406
ocbbh9k7gdfc1.jpeg,9,2,0,1,0.9472,adaptive,0.059,1,0.0413
ocbbh9k7gdfc1.jpeg,9,3,0,1,0.9495,adaptive,0.1008,1,0.0404
ocbbh9k7gdfc1.jpeg,9,4,7,0,0.6519,adaptive,0.1747,2,0.0803
ocbbh9k7gdfc1.jpeg,9,5,0,0,0.8998,adaptive,0.0737,1,0.0556
ocbbh9k7gdfc1.jpeg,9,6,9,9,1.0,adaptive,0.1958,2,0.0964
ocbbh9k7gdfc1.jpeg,9,7,0,0,0.6114,adaptive,0.1157,1,0.0957
ocbbh9k7gdfc1.jpeg,9,8,1,0,0.6593,adaptive,0.1375,2,0.0829
ocbbh9k7gdfc1.jpeg,9,9,0,0,0.6975,adaptive,0.0849,1,0.0808
81pxeupeoyac1.webp,1,4,9,9,1.0,adaptive,0.1775,2,0.0893
81pxeupeoyac1.webp,1,7,6,6,0.9998,adaptive,0.1618,2,0.0879
81pxeupeoyac1.webp,2,1,4,4,1.0,adaptive,0.1113,1,0.0728
81pxeupeoyac1.webp,2,2,6,6,1.0,adaptive,0.1164,1,0.0868
81pxeupeoyac1.webp,2,3,9,9,1.0,adaptive,0.1306,1,0.087
81pxeupeoyac1.webp,2,7,8,8,1.0,adaptive,0.1476,2,0.0893
81pxeupeoyac1.webp,3,1,2,2,0.9998,adaptive,0.1173,1,0.0737
81pxeupeoyac1.webp,3,3,7,7,0.9999,adaptive,0.124,1,0.0542
81pxeupeoyac1.webp,3,4,6,6,1.0,adaptive,0.1871,2,0.0875
81pxeupeoyac1.webp,3,5,3,3,0.9998,adaptive,0.1575,2,0.0744
81pxeupeoyac1.webp,3,7,5,5,0.9995,adaptive,0.1554,2,0.0831
81pxeupeoyac1.webp,3,8,9,9,1.0,adaptive,0.1455,2,0.0868
81pxeupeoyac1.webp,3,9,4,4,1.0,adaptive,0.1437,2,0.0728
81pxeupeoyac1.webp,4,1,1,1,0.9985,adaptive,0.1159,2,0.0416
81pxeupeoyac1.webp,4,3,8,8,1.0,adaptive,0.1566,2,0.0884
81pxeupeoyac1.webp,4,4,7,0,0.654,adaptive,0.1683,2,0.0551
81pxeupeoyac1.webp,4,7,3,3,0.9999,adaptive,0.1781,2,0.0764
81pxeupeoyac1.webp,5,1,9,9,1.0,adaptive,0.1426,2,0.0856
81pxeupeoyac1.webp,5,6,3,3,0.9999,adaptive,0.135,2,0.0753
81pxeupeoyac1.webp,5,9,5,5,0.9999,adaptive,0.1552,2,0.0817
81pxeupeoyac1.webp,6,8,4,4,1.0,adaptive,0.1327,2,0.073
81pxeupeoyac1.webp,7,1,6,6,1.0,adaptive,0.1602,2,0.0854
81pxeupeoyac1.webp,7,2,9,9,1.0,adaptive,0.1715,2,0.0868
81pxeupeoyac1.webp,7,4,3,3,0.9999,adaptive,0.1761,2,0.0739
81pxeupeoyac1.webp,7,5,8,8,1.0,adaptive,0.1717,3,0.0868
81pxeupeoyac1.webp,7,6,7,7,0.9998,adaptive,0.1263,3,0.0539
81pxeupeoyac1.webp,7,8,5,5,0.9992,adaptive,0.1527,3,0.0806
81pxeupeoyac1.webp,7,9,1,1,0.9525,adaptive,0.1143,3,0.0427
81pxeupeoyac1.webp,8,1,8,8,1.0,adaptive,0.1449,2,0.0875
81pxeupeoyac1.webp,8,3,5,5,0.9999,adaptive,0.141,2,0.0831
81pxeupeoyac1.webp,8,5,9,9,1.0,adaptive,0.1579,2,0.0852
81pxeupeoyac1.webp,8,6,2,2,0.9998,adaptive,0.1315,2,0.0719
81pxeupeoyac1.webp,8,7,7,7,1.0,adaptive,0.1235,3,0.0514
81pxeupeoyac1.webp,9,1,7,7,0.9999,adaptive,0.1191,2,0.0523
81pxeupeoyac1.webp,9,2,3,3,0.9998,adaptive,0.1492,2,0.0783
81pxeupeoyac1.webp,9,4,5,5,0.9998,adaptive,0.183,3,0.0831
81pxeupeoyac1.webp,9,6,6,6,0.9999,adaptive,0.1609,2,0.0882
g8lu2qy6uz0d1.webp,1,1,4,4,1.0,adaptive,0.1373,2,0.0785
g8lu2qy6uz0d1.webp,1,2,7,7,0.9999,adaptive,0.0859,1,0.0556
g8lu2qy6uz0d1.webp,1,3,3,3,0.9993,adaptive,0.107,1,0.0767
g8lu2qy6uz0d1.webp,1,7,2,2,0.994,adaptive,0.1478,2,0.0753
g8lu2qy6uz0d1.webp,1,8,5,5,1.0,adaptive,0.1345,2,0.0776
g8lu2qy6uz0d1.webp,1,9,6,6,1.0,adaptive,0.1208,2,0.0781
g8lu2qy6uz0d1.webp,2,1,8,8,1.0,adaptive,0.1465,1,0.0902
g8lu2qy6uz0d1.webp,2,2,5,5,1.0,adaptive,0.1371,1,0.081
g8lu2qy6uz0d1.webp,2,3,1,1,0.9994,adaptive,0.1033,1,0.05
g8lu2qy6uz0d1.webp,2,4,7,7,0.9999,adaptive,0.1015,2,0.0579
g8lu2qy6uz0d1.webp,2,5,2,2,0.9999,adaptive,0.0916,2,0.0725
g8lu2qy6uz0d1.webp,2,6,6,6,1.0,adaptive,0.107,2,0.0787
g8lu2qy6uz0d1.webp,2,7,3,3,0.9998,adaptive,0.1467,2,0.076
g8lu2qy6uz0d1.webp,2,8,4,4,1.0,adaptive,0.1336,2,0.0758
g8lu2qy6uz0d1.webp,2,9,9,9,1.0,adaptive,0.1472,2,0.079
g8lu2qy6uz0d1.webp,3,2,2,2,0.9932,adaptive,0.1237,1,0.0769
g8lu2qy6uz0d1.webp,3,4,3,3,0.9998,adaptive,0.1063,2,0.076
g8lu2qy6uz0d1.webp,3,5,4,4,1.0,adaptive,0.0914,2,0.076
g8lu2qy6uz0d1.webp,3,6,5,5,1.0,adaptive,0.0923,2,0.0778
g8lu2qy6uz0d1.webp,3,7,8,8,1.0,adaptive,0.1612,2,0.0902
g8lu2qy6uz0d1.webp,3,8,7,7,0.9999,adaptive,0.1134,2,0.0562
g8lu2qy6uz0d1.webp,3,9,1,1,0.9997,adaptive,0.1191,2,0.0498
g8lu2qy6uz0d1.webp,4,2,1,1,0.9989,adaptive,0.1139,2,0.0434
g8lu2qy6uz0d1.webp,4,4,5,5,1.0,adaptive,0.1501,2,0.0771
g8lu2qy6uz0d1.webp,4,7,7,0,0.7826,adaptive,0.1416,2,0.0562
g8lu2qy6uz0d1.webp,4,9,4,4,1.0,adaptive,0.1644,3,0.0799
g8lu2qy6uz0d1.webp,5,2,8,8,1.0,adaptive,0.1331,2,0.09
g8lu2qy6uz0d1.webp,5,3,5,5,0.9999,adaptive,0.1286,2,0.0781
g8lu2qy6uz0d1.webp,5,4,4,4,1.0,adaptive,0.1159,3,0.0723
g8lu2qy6uz0d1.webp,5,5,7,7,0.9999,adaptive,0.087,2,0.0565
g8lu2qy6uz0d1.webp,5,6,9,9,1.0,adaptive,0.1228,3,0.0797
g8lu2qy6uz0d1.webp,5,7,1,1,0.9993,adaptive,0.1088,3,0.0484
g8lu2qy6uz0d1.webp,5,9,2,2,0.9946,adaptive,0.1327,2,0.0751
g8lu2qy6uz0d1.webp,6,1,7,7,0.9999,adaptive,0.0996,2,0.0581
g8lu2qy6uz0d1.webp,6,3,4,4,1.0,adaptive,0.1286,2,0.0753
g8lu2qy6uz0d1.webp,6,4,1,1,0.9996,adaptive,0.0863,3,0.0429
g8lu2qy6uz0d1.webp,6,6,2,2,0.995,adaptive,0.1219,3,0.0739
g8lu2qy6uz0d1.webp,6,7,5,5,1.0,adaptive,0.1375,3,0.0792
g8lu2qy6uz0d1.webp,6,8,9,9,1.0,adaptive,0.1244,2,0.0797
g8lu2qy6uz0d1.webp,6,9,8,8,0.9999,adaptive,0.1499,2,0.093
g8lu2qy6uz0d1.webp,7,1,1,1,0.9996,adaptive,0.1081,2,0.0482
g8lu2qy6uz0d1.webp,7,2,9,9,1.0,adaptive,0.1393,2,0.081
g8lu2qy6uz0d1.webp,7,3,7,7,0.9999,adaptive,0.1279,2,0.0572
g8lu2qy6uz0d1.webp,7,4,2,2,0.9943,adaptive,0.1497,2,0.0753
g8lu2qy6uz0d1.webp,7,5,5,5,1.0,adaptive,0.1366,3,0.0781
g8lu2qy6uz0d1.webp,7,6,4,4,1.0,adaptive,0.1469,3,0.0771
g8lu2qy6uz0d1.webp,7,7,6,0,0.7056,adaptive,0.169,2,0.0833
g8lu2qy6uz0d1.webp,7,8,8,8,1.0,adaptive,0.1625,3,0.0909
g8lu2qy6uz0d1.webp,7,9,3,3,0.9995,adaptive,0.1586,3,0.0755
g8lu2qy6uz0d1.webp,8,2,4,4,1.0,adaptive,0.1228,2,0.0781
g8lu2qy6uz0d1.webp,8,4,6,6,1.0,adaptive,0.1384,3,0.0771
g8lu2qy6uz0d1.webp,8,6,7,7,0.9999,adaptive,0.1143,3,0.0569
g8lu2qy6uz0d1.webp,8,7,9,9,1.0,adaptive,0.1517,3,0.0801
g8lu2qy6uz0d1.webp,8,8,1,0,0.8166,adaptive,0.1031,2,0.056
g8lu2qy6uz0d1.webp,8,9,5,5,1.0,adaptive,0.1511,2,0.0797
g8lu2qy6uz0d1.webp,9,1,5,5,1.0,adaptive,0.1219,2,0.0774
g8lu2qy6uz0d1.webp,9,7,4,4,1.0,adaptive,0.1469,3,0.0755
g8lu2qy6uz0d1.webp,9,8,2,2,0.9952,adaptive,0.135,2,0.0762
g8lu2qy6uz0d1.webp,9,9,7,0,0.7887,adaptive,0.1263,2,0.0659
xosaap03m1bc1.webp,1,2,7,5,0.6795,adaptive,0.157,2,0.1006
xosaap03m1bc1.webp,1,7,2,9,0.8956,adaptive,0.3414,2,0.1772
xosaap03m1bc1.webp,1,8,9,9,0.94,adaptive,0.3166,3,0.1348
xosaap03m1bc1.webp,1,9,5,6,0.4334,adaptive,0.3303,4,0.1775
xosaap03m1bc1.webp,2,3,5,6,0.6157,adaptive,0.2537,3,0.1768
xosaap03m1bc1.webp,2,4,9,9,0.779,adaptive,0.264,3,0.1354
xosaap03m1bc1.webp,2,6,3,9,0.7762,adaptive,0.2615,3,0.1763
xosaap03m1bc1.webp,2,7,8,9,0.5756,adaptive,0.2957,5,0.1279
xosaap03m1bc1.webp,2,8,7,5,0.7878,adaptive,0.1515,2,0.107
xosaap03m1bc1.webp,3,2,9,9,0.9291,adaptive,0.2491,4,0.1341
xosaap03m1bc1.webp,3,5,5,8,0.4797,adaptive,0.2472,2,0.174
xosaap03m1bc1.webp,3,6,7,8,0.3362,adaptive,0.1508,1,0.1081
xosaap03m1bc1.webp,3,7,1,5,0.7696,adaptive,0.2188,3,0.115
xosaap03m1bc1.webp,3,9,3,9,0.7706,adaptive,0.3101,4,0.1855
xosaap03m1bc1.webp,4,1,5,6,0.6521,adaptive,0.3262,2,0.185
xosaap03m1bc1.webp,4,2,4,9,0.8205,adaptive,0.2415,3,0.124
xosaap03m1bc1.webp,4,4,7,5,0.6351,adaptive,0.1765,2,0.1017
xosaap03m1bc1.webp,4,7,6,6,0.9917,adaptive,0.2961,3,0.132
xosaap03m1bc1.webp,5,1,8,6,0.4729,adaptive,0.2803,4,0.1309
xosaap03m1bc1.webp,5,4,5,8,0.5251,adaptive,0.2998,2,0.1853
xosaap03m1bc1.webp,5,9,2,9,0.9436,adaptive,0.2897,3,0.1772
xosaap03m1bc1.webp,6,3,9,9,0.751,adaptive,0.2466,3,0.1345
xosaap03m1bc1.webp,6,6,6,6,0.9866,adaptive,0.2564,3,0.1315
xosaap03m1bc1.webp,6,8,5,6,0.6092,adaptive,0.2757,2,0.1779
xosaap03m1bc1.webp,7,3,4,9,0.5428,adaptive,0.2555,3,0.1265
xosaap03m1bc1.webp,7,5,7,5,0.7108,adaptive,0.177,3,0.1065
xosaap03m1bc1.webp,8,2,8,6,0.4643,adaptive,0.2433,4,0.1322
xosaap03m1bc1.webp,8,4,6,6,0.9842,adaptive,0.2725,3,0.1299
xosaap03m1bc1.webp,8,6,5,6,0.6155,adaptive,0.2658,2,0.1791
xosaap03m1bc1.webp,8,7,4,9,0.4431,adaptive,0.2518,4,0.1237
xosaap03m1bc1.webp,9,1,9,9,0.8901,adaptive,0.2727,4,0.1334
xosaap03m1bc1.webp,9,3,1,9,0.5576,adaptive,0.2117,3,0.1146
xosaap03m1bc1.webp,9,8,3,9,0.6365,adaptive,0.2746,3,0.1758
r4k4memgy6ac1.webp,1,1,9,9,1.0,adaptive,0.1625,1,0.1045
r4k4memgy6ac1.webp,1,2,2,2,0.9998,adaptive,0.1201,1,0.0898
r4k4memgy6ac1.webp,1,3,1,1,1.0,adaptive,0.1205,1,0.0643
r4k4memgy6ac1.webp,1,4,3,3,1.0,adaptive,0.1554,2,0.082
r4k4memgy6ac1.webp,1,5,8,8,1.0,adaptive,0.1674,2,0.1109
r4k4memgy6ac1.webp,1,6,5,5,1.0,adaptive,0.1433,2,0.0865
r4k4memgy6ac1.webp,1,7,7,7,0.9998,adaptive,0.1439,2,0.0707
r4k4memgy6ac1.webp,1,8,6,6,1.0,adaptive,0.1607,2,0.1031
r4k4memgy6ac1.webp,1,9,4,4,1.0,adaptive,0.1368,2,0.0797
r4k4memgy6ac1.webp,2,1,8,8,1.0,adaptive,0.141,1,0.1107
r4k4memgy6ac1.webp,2,2,5,5,1.0,adaptive,0.0884,1,0.0875
r4k4memgy6ac1.webp,2,3,4,4,1.0,adaptive,0.1095,1,0.0806
r4k4memgy6ac1.webp,2,4,7,7,0.9999,adaptive,0.1194,2,0.0739
r4k4memgy6ac1.webp,2,5,6,6,1.0,adaptive,0.1309,2,0.1017
r4k4memgy6ac1.webp,2,6,1,1,1.0,adaptive,0.0987,2,0.07
r4k4memgy6ac1.webp,2,7,2,2,0.9999,adaptive,0.1373,2,0.0918
r4k4memgy6ac1.webp,2,8,3,3,1.0,adaptive,0.1141,2,0.084
r4k4memgy6ac1.webp,2,9,9,9,1.0,adaptive,0.1331,2,0.1038
r4k4memgy6ac1.webp,3,1,6,6,1.0,adaptive,0.1331,1,0.1028
r4k4memgy6ac1.webp,3,2,7,7,0.9999,adaptive,0.0742,1,0.0732
r4k4memgy6ac1.webp,3,3,3,3,1.0,adaptive,0.1095,1,0.082
r4k4memgy6ac1.webp,3,4,4,4,1.0,adaptive,0.126,2,0.0806
r4k4memgy6ac1.webp,3,5,9,9,1.0,adaptive,0.1318,2,0.1033
r4k4memgy6ac1.webp,3,6,2,2,0.9999,adaptive,0.1226,2,0.095
r4k4memgy6ac1.webp,3,7,5,5,1.0,adaptive,0.1433,2,0.0856
r4k4memgy6ac1.webp,3,8,1,1,1.0,adaptive,0.1031,2,0.07
r4k4memgy6ac1.webp,3,9,8,8,1.0,adaptive,0.1527,3,0.1118
r4k4memgy6ac1.webp,4,2,9,9,1.0,adaptive,0.1481,2,0.1026
r4k4memgy6ac1.webp,4,3,6,6,1.0,adaptive,0.1738,2,0.1038
r4k4memgy6ac1.webp,4,4,8,8,1.0,adaptive,0.2,3,0.1113
r4k4memgy6ac1.webp,4,5,4,4,1.0,adaptive,0.1524,3,0.0808
r4k4memgy6ac1.webp,4,6,7,7,0.9999,adaptive,0.1348,3,0.0742
r4k4memgy6ac1.webp,4,8,5,5,1.0,adaptive,0.1607,3,0.0888
r4k4memgy6ac1.webp,4,9,2,2,0.9995,adaptive,0.1478,3,0.0893
r4k4memgy6ac1.webp,5,1,7,7,0.9998,adaptive,0.1143,2,0.0705
r4k4memgy6ac1.webp,5,3,5,5,1.0,adaptive,0.1286,2,0.0847
r4k4memgy6ac1.webp,5,4,9,9,1.0,adaptive,0.1618,3,0.1031
r4k4memgy6ac1.webp,5,5,2,2,0.9998,adaptive,0.1359,3,0.0921
r4k4memgy6ac1.webp,5,6,6,6,1.0,adaptive,0.135,2,0.1038
r4k4memgy6ac1.webp,5,7,8,8,1.0,adaptive,0.1694,3,0.1109
r4k4memgy6ac1.webp,5,8,4,4,1.0,adaptive,0.1253,2,0.0801
r4k4memgy6ac1.webp,6,1,2,2,0.9995,adaptive,0.1485,2,0.0909
r4k4memgy6ac1.webp,6,2,4,4,1.0,adaptive,0.123,2,0.0794
r4k4memgy6ac1.webp,6,3,8,8,1.0,adaptive,0.1664,2,0.1109
r4k4memgy6ac1.webp,6,4,5,5,1.0,adaptive,0.1616,3,0.0898
r4k4memgy6ac1.webp,6,5,1,1,0.9999,adaptive,0.1201,3,0.0631
r4k4memgy6ac1.webp,6,6,3,3,1.0,adaptive,0.1276,2,0.0826
r4k4memgy6ac1.webp,6,7,6,6,1.0,adaptive,0.1745,3,0.1031
r4k4memgy6ac1.webp,6,8,9,9,1.0,adaptive,0.16,3,0.1028
r4k4memgy6ac1.webp,6,9,7,7,0.9999,adaptive,0.127,3,0.0714
r4k4memgy6ac1.webp,7,2,8,8,1.0,adaptive,0.1568,2,0.1113
r4k4memgy6ac1.webp,7,3,2,2,0.9997,adaptive,0.1635,2,0.0932
r4k4memgy6ac1.webp,7,4,6,6,1.0,adaptive,0.1921,3,0.1038
r4k4memgy6ac1.webp,7,6,4,4,1.0,adaptive,0.14,3,0.0806
r4k4memgy6ac1.webp,7,7,9,9,1.0,adaptive,0.191,2,0.1022
r4k4memgy6ac1.webp,7,8,7,7,0.9996,adaptive,0.1414,3,0.07
r4k4memgy6ac1.webp,8,1,4,4,1.0,adaptive,0.1389,2,0.0813
r4k4memgy6ac1.webp,8,3,7,7,0.9999,adaptive,0.1263,3,0.0702
r4k4memgy6ac1.webp,8,4,2,2,0.9999,adaptive,0.1616,3,0.0898
r4k4memgy6ac1.webp,8,6,9,9,1.0,adaptive,0.1488,2,0.1033
r4k4memgy6ac1.webp,8,8,8,8,1.0,adaptive,0.169,3,0.1109
r4k4memgy6ac1.webp,9,1,5,5,1.0,adaptive,0.1449,2,0.0884
r4k4memgy6ac1.webp,9,3,9,9,1.0,adaptive,0.1639,2,0.1031
r4k4memgy6ac1.webp,9,4,1,1,1.0,adaptive,0.124,3,0.0652
r4k4memgy6ac1.webp,9,5,7,7,0.9999,adaptive,0.118,3,0.0751
r4k4memgy6ac1.webp,9,6,8,8,1.0,adaptive,0.1433,2,0.1123
r4k4memgy6ac1.webp,9,7,4,4,1.0,adaptive,0.1389,3,0.0806
r4k4memgy6ac1.webp,9,8,2,2,0.9998,adaptive,0.1375,3,0.0925
9p3wy0w89x0d1.webp,1,1,7,7,0.9999,adaptive,0.1793,3,0.0705
9p3wy0w89x0d1.webp,1,2,4,4,1.0,adaptive,0.1614,2,0.0783
9p3wy0w89x0d1.webp,1,3,0,3,0.3771,adaptive,0.084,5,0.0062
9p3wy0w89x0d1.webp,1,4,9,9,1.0,adaptive,0.1931,5,0.1008
9p3wy0w89x0d1.webp,1,5,0,1,0.3305,adaptive,0.0822,6,0.0096
9p3wy0w89x0d1.webp,1,6,0,4,0.3222,adaptive,0.0797,3,0.0253
9p3wy0w89x0d1.webp,1,7,6,6,1.0,adaptive,0.2119,2,0.1019
9p3wy0w89x0d1.webp,1,8,0,5,0.3812,adaptive,0.1038,1,0.0468
9p3wy0w89x0d1.webp,1,9,0,1,0.4121,adaptive,0.1031,1,0.0473
9p3wy0w89x0d1.webp,2,1,0,0,0.3591,adaptive,0.0725,1,0.0142
9p3wy0w89x0d1.webp,2,2,0,0,0.9866,adaptive,0.0432,0,0.0
9p3wy0w89x0d1.webp,2,3,2,2,0.9997,adaptive,0.1304,1,0.087
9p3wy0w89x0d1.webp,2,4,6,6,1.0,adaptive,0.1614,2,0.1026
9p3wy0w89x0d1.webp,2,5,0,0,0.2951,adaptive,0.0471,1,0.0135
9p3wy0w89x0d1.webp,2,6,0,5,0.3142,adaptive,0.0441,1,0.028
9p3wy0w89x0d1.webp,2,7,0,5,0.5117,adaptive,0.0728,1,0.0569
9p3wy0w89x0d1.webp,2,8,3,3,1.0,adaptive,0.1439,2,0.079
9p3wy0w89x0d1.webp,2,9,0,4,0.5008,adaptive,0.0675,1,0.0519
9p3wy0w89x0d1.webp,3,1,0,0,0.2815,adaptive,0.0849,1,0.0133
9p3wy0w89x0d1.webp,3,2,0,0,0.9866,adaptive,0.0565,0,0.0
9p3wy0w89x0d1.webp,3,3,0,0,0.9866,adaptive,0.0588,0,0.0
9p3wy0w89x0d1.webp,3,4,2,2,0.9999,adaptive,0.1625,2,0.0891
9p3wy0w89x0d1.webp,3,5,0,0,0.6258,adaptive,0.0579,2,0.011
9p3wy0w89x0d1.webp,3,6,0,4,0.2521,adaptive,0.0579,1,0.0264
9p3wy0w89x0d1.webp,3,7,5,5,1.0,adaptive,0.1724,2,0.0849
9p3wy0w89x0d1.webp,3,8,0,4,0.4268,adaptive,0.0803,1,0.0484
9p3wy0w89x0d1.webp,3,9,0,1,0.258,adaptive,0.081,1,0.0494
9p3wy0w89x0d1.webp,4,1,0,0,0.9807,adaptive,0.0996,2,0.0142
9p3wy0w89x0d1.webp,4,2,0,0,0.9807,adaptive,0.0712,1,0.0142
9p3wy0w89x0d1.webp,4,3,0,0,0.9807,adaptive,0.0742,1,0.0142
9p3wy0w89x0d1.webp,4,4,0,0,0.9476,adaptive,0.0888,1,0.0282
9p3wy0w89x0d1.webp,4,5,0,0,0.9807,adaptive,0.0719,3,0.0142
9p3wy0w89x0d1.webp,4,6,0,4,0.3251,adaptive,0.0725,2,0.0253
9p3wy0w89x0d1.webp,4,7,0,0,0.7238,adaptive,0.1033,1,0.0702
9p3wy0w89x0d1.webp,4,8,0,4,0.3997,adaptive,0.093,2,0.0461
9p3wy0w89x0d1.webp,4,9,0,1,0.4477,adaptive,0.0932,2,0.0464
9p3wy0w89x0d1.webp,5,1,0,1,0.2619,adaptive,0.0854,2,0.0152
9p3wy0w89x0d1.webp,5,2,1,1,1.0,adaptive,0.1244,3,0.0668
9p3wy0w89x0d1.webp,5,3,5,5,1.0,adaptive,0.1439,2,0.0875
9p3wy0w89x0d1.webp,5,4,0,0,0.6324,adaptive,0.07,2,0.0142
9p3wy0w89x0d1.webp,5,5,0,0,0.9688,adaptive,0.0657,3,0.0133
9p3wy0w89x0d1.webp,5,6,4,4,1.0,adaptive,0.1366,3,0.0794
9p3wy0w89x0d1.webp,5,7,0,5,0.5117,adaptive,0.0838,2,0.0569
9p3wy0w89x0d1.webp,5,8,0,0,0.4775,adaptive,0.0794,1,0.0622
9p3wy0w89x0d1.webp,5,9,3,3,1.0,adaptive,0.1517,2,0.0813
9p3wy0w89x0d1.webp,6,1,4,4,1.0,adaptive,0.1667,2,0.0803
9p3wy0w89x0d1.webp,6,2,7,7,0.9997,adaptive,0.1304,2,0.0735
9p3wy0w89x0d1.webp,6,3,0,1,0.4406,adaptive,0.0574,1,0.0262
9p3wy0w89x0d1.webp,6,4,0,1,0.5174,adaptive,0.0716,2,0.0253
9p3wy0w89x0d1.webp,6,5,0,1,0.521,adaptive,0.0645,2,0.0287
9p3wy0w89x0d1.webp,6,6,8,8,1.0,adaptive,0.1699,2,0.11
9p3wy0w89x0d1.webp,6,7,0,5,0.5117,adaptive,0.0854,2,0.0569
9p3wy0w89x0d1.webp,6,8,0,7,0.483,adaptive,0.0774,1,0.0732
9p3wy0w89x0d1.webp,6,9,9,9,1.0,adaptive,0.1786,2,0.1003
9p3wy0w89x0d1.webp,7,1,5,5,1.0,adaptive,0.2,3,0.087
9p3wy0w89x0d1.webp,7,2,0,1,0.9931,adaptive,0.0852,1,0.0569
9p3wy0w89x0d1.webp,7,3,0,1,0.9931,adaptive,0.0886,1,0.0569
9p3wy0w89x0d1.webp,7,4,0,1,0.9944,adaptive,0.1028,2,0.0572
9p3wy0w89x0d1.webp,7,5,0,1,0.9931,adaptive,0.0902,4,0.0569
9p3wy0w89x0d1.webp,7,6,0,1,0.9931,adaptive,0.0863,2,0.0569
9p3wy0w89x0d1.webp,7,7,0,0,0.5579,adaptive,0.1175,1,0.1102
9p3wy0w89x0d1.webp,7,8,0,1,0.9931,adaptive,0.1012,2,0.0569
9p3wy0w89x0d1.webp,7,9,0,1,0.9931,adaptive,0.1001,2,0.0569
9p3wy0w89x0d1.webp,8,1,0,0,0.8504,adaptive,0.0985,1,0.0523
9p3wy0w89x0d1.webp,8,2,0,1,0.9532,adaptive,0.0702,2,0.0409
9p3wy0w89x0d1.webp,8,3,0,1,0.9641,adaptive,0.0705,1,0.039
9p3wy0w89x0d1.webp,8,4,0,1,0.9709,adaptive,0.0847,2,0.0381
9p3wy0w89x0d1.webp,8,5,0,1,0.9595,adaptive,0.0817,2,0.0418
9p3wy0w89x0d1.webp,8,6,0,0,0.7389,adaptive,0.0753,1,0.0684
9p3wy0w89x0d1.webp,8,7,0,5,0.5117,adaptive,0.0983,2,0.0569
9p3wy0w89x0d1.webp,8,8,4,0,0.4816,adaptive,0.1685,2,0.0849
9p3wy0w89x0d1.webp,8,9,8,8,1.0,adaptive,0.1954,2,0.1097
9p3wy0w89x0d1.webp,9,1,0,0,0.8754,adaptive,0.0989,1,0.053
9p3wy0w89x0d1.webp,9,2,6,6,1.0,adaptive,0.1736,2,0.1026
9p3wy0w89x0d1.webp,9,3,9,9,1.0,adaptive,0.1717,2,0.101
9p3wy0w89x0d1.webp,9,4,0,1,0.975,adaptive,0.0852,2,0.0383
9p3wy0w89x0d1.webp,9,5,3,3,1.0,adaptive,0.154,4,0.081
9p3wy0w89x0d1.webp,9,6,0,0,0.7719,adaptive,0.0748,1,0.0684
9p3wy0w89x0d1.webp,9,7,0,5,0.5117,adaptive,0.0983,2,0.0569
9p3wy0w89x0d1.webp,9,8,1,0,0.7453,adaptive,0.1478,2,0.0808
9p3wy0w89x0d1.webp,9,9,0,0,0.5525,adaptive,0.0856,1,0.0801
uf3lgp4i6wdc1.webp,1,2,4,4,1.0,adaptive,0.1738,3,0.0923
uf3lgp4i6wdc1.webp,1,3,3,3,1.0,adaptive,0.194,3,0.0944
uf3lgp4i6wdc1.webp,1,9,5,5,1.0,adaptive,0.1915,2,0.104
uf3lgp4i6wdc1.webp,2,2,5,5,1.0,adaptive,0.1915,2,0.104
uf3lgp4i6wdc1.webp,2,5,6,6,1.0,adaptive,0.1988,2,0.1116
uf3lgp4i6wdc1.webp,2,6,3,3,0.9999,adaptive,0.1944,2,0.0941
uf3lgp4i6wdc1.webp,3,4,2,2,1.0,adaptive,0.2103,2,0.0964
uf3lgp4i6wdc1.webp,3,5,4,4,1.0,adaptive,0.1919,2,0.0914
uf3lgp4i6wdc1.webp,3,6,5,5,1.0,adaptive,0.216,2,0.1042
uf3lgp4i6wdc1.webp,4,1,1,1,0.9994,adaptive,0.1467,2,0.0581
uf3lgp4i6wdc1.webp,4,2,8,8,1.0,adaptive,0.214,2,0.1127
uf3lgp4i6wdc1.webp,4,4,5,5,0.9999,adaptive,0.2188,2,0.1038
uf3lgp4i6wdc1.webp,4,6,4,4,1.0,adaptive,0.2057,2,0.0914
uf3lgp4i6wdc1.webp,4,8,9,9,1.0,adaptive,0.2128,2,0.1113
uf3lgp4i6wdc1.webp,4,9,6,6,1.0,adaptive,0.2117,2,0.1102
uf3lgp4i6wdc1.webp,5,1,5,5,1.0,adaptive,0.177,2,0.104
uf3lgp4i6wdc1.webp,5,2,6,6,1.0,adaptive,0.2,2,0.1127
uf3lgp4i6wdc1.webp,5,3,4,4,1.0,adaptive,0.1928,2,0.0921
uf3lgp4i6wdc1.webp,5,8,8,8,1.0,adaptive,0.2,2,0.1127
uf3lgp4i6wdc1.webp,5,9,2,2,1.0,adaptive,0.1839,2,0.0966
uf3lgp4i6wdc1.webp,6,4,6,6,1.0,adaptive,0.2158,2,0.1125
uf3lgp4i6wdc1.webp,6,7,5,5,0.9999,adaptive,0.2068,2,0.1024
uf3lgp4i6wdc1.webp,7,1,4,4,1.0,adaptive,0.1798,2,0.0914
uf3lgp4i6wdc1.webp,7,4,3,3,0.9999,adaptive,0.2098,2,0.0946
uf3lgp4i6wdc1.webp,7,7,9,9,1.0,adaptive,0.2259,2,0.1109
uf3lgp4i6wdc1.webp,7,8,5,5,0.9999,adaptive,0.2045,2,0.1028
uf3lgp4i6wdc1.webp,8,1,2,2,0.9999,adaptive,0.1699,2,0.0969
uf3lgp4i6wdc1.webp,8,4,4,4,1.0,adaptive,0.1949,2,0.093
uf3lgp4i6wdc1.webp,8,5,5,5,1.0,adaptive,0.1915,2,0.1035
uf3lgp4i6wdc1.webp,8,7,1,0,0.489,adaptive,0.1593,2,0.0691
uf3lgp4i6wdc1.webp,9,3,5,5,1.0,adaptive,0.2043,2,0.1028
uf3lgp4i6wdc1.webp,9,4,8,8,1.0,adaptive,0.2149,2,0.1134
uf3lgp4i6wdc1.webp,9,5,7,7,0.9997,adaptive,0.1609,2,0.0728
