photo,row,col,gt,pred,conf,threshold,fg_frac,post_ink_frac,comps,largest_frac,tiny_removed,grid_removed,corner_removed,merged
3bor2sty6q0d1.webp,1,1,1,1,0.9915,adaptive,0.1911,0.0771,8,0.0771,7,0,0,0
3bor2sty6q0d1.webp,1,2,7,7,0.9992,adaptive,0.1312,0.0484,23,0.0484,22,0,0,0
3bor2sty6q0d1.webp,1,3,5,5,0.9977,adaptive,0.2067,0.1112,26,0.1112,25,0,0,0
3bor2sty6q0d1.webp,1,4,6,6,0.7502,adaptive,0.2279,0.123,19,0.123,18,0,0,0
3bor2sty6q0d1.webp,1,5,9,2,0.3403,adaptive,0.1716,0.0665,16,0.0665,15,0,0,0
3bor2sty6q0d1.webp,1,6,4,4,0.9842,adaptive,0.2303,0.1031,29,0.1031,28,0,0,0
3bor2sty6q0d1.webp,1,7,3,3,0.9993,adaptive,0.2045,0.1018,32,0.1018,31,0,0,0
3bor2sty6q0d1.webp,1,8,2,2,0.8096,adaptive,0.1839,0.0681,33,0.0681,32,0,0,0
3bor2sty6q0d1.webp,1,9,8,8,0.8755,adaptive,0.1945,0.0951,19,0.0951,18,0,0,0
3bor2sty6q0d1.webp,2,1,4,4,0.9972,adaptive,0.197,0.1056,10,0.1056,9,0,0,0
3bor2sty6q0d1.webp,2,2,0,0,0.9569,adaptive,0.0976,0.0,27,0.0,27,0,0,0
3bor2sty6q0d1.webp,2,3,0,0,0.9569,adaptive,0.1095,0.0,41,0.0,41,0,0,0
3bor2sty6q0d1.webp,2,4,0,0,0.9569,adaptive,0.1287,0.0,41,0.0,41,0,0,0
3bor2sty6q0d1.webp,2,5,0,0,0.9569,adaptive,0.1146,0.0,32,0.0,32,0,0,0
3bor2sty6q0d1.webp,2,6,5,5,0.6864,adaptive,0.2164,0.076,32,0.076,31,0,0,0
3bor2sty6q0d1.webp,2,7,9,9,0.9925,adaptive,0.237,0.1221,28,0.1221,27,0,0,0
3bor2sty6q0d1.webp,2,8,1,1,0.9572,adaptive,0.1586,0.0478,35,0.0478,34,0,0,0
3bor2sty6q0d1.webp,2,9,6,6,0.7992,adaptive,0.1771,0.0787,34,0.0719,32,0,0,0
3bor2sty6q0d1.webp,3,1,9,7,0.5371,adaptive,0.1591,0.0682,9,0.0682,7,1,0,0
3bor2sty6q0d1.webp,3,2,6,7,0.646,adaptive,0.1597,0.0608,6,0.0608,4,1,0,0
3bor2sty6q0d1.webp,3,3,0,0,0.9569,adaptive,0.1185,0.0,23,0.0,22,1,0,0
3bor2sty6q0d1.webp,3,4,1,1,0.9783,adaptive,0.2,0.0838,15,0.0838,13,1,0,0
3bor2sty6q0d1.webp,3,5,3,3,0.9991,adaptive,0.2155,0.1033,21,0.1033,20,0,0,0
3bor2sty6q0d1.webp,3,6,0,0,0.9569,adaptive,0.1573,0.0,43,0.0,43,0,0,0
3bor2sty6q0d1.webp,3,7,4,5,0.5851,adaptive,0.2156,0.0769,24,0.0715,22,0,0,0
3bor2sty6q0d1.webp,3,8,5,5,0.9919,adaptive,0.1771,0.0719,28,0.0719,27,0,0,0
3bor2sty6q0d1.webp,3,9,7,7,0.9984,adaptive,0.2103,0.0884,34,0.0884,33,0,0,0
3bor2sty6q0d1.webp,4,1,2,4,0.3409,adaptive,0.143,0.0708,13,0.0708,12,0,0,0
3bor2sty6q0d1.webp,4,2,0,0,0.9569,adaptive,0.0663,0.0,13,0.0,13,0,0,0
3bor2sty6q0d1.webp,4,3,4,4,0.9856,adaptive,0.1796,0.1009,15,0.1009,14,0,0,0
3bor2sty6q0d1.webp,4,4,0,0,0.9569,adaptive,0.0938,0.0,29,0.0,29,0,0,0
3bor2sty6q0d1.webp,4,5,6,3,0.5246,adaptive,0.1913,0.1022,27,0.095,25,0,0,0
3bor2sty6q0d1.webp,4,6,1,1,0.992,adaptive,0.1922,0.0822,28,0.0822,27,0,0,0
3bor2sty6q0d1.webp,4,7,5,5,0.7897,adaptive,0.2025,0.0762,23,0.0762,22,0,0,0
3bor2sty6q0d1.webp,4,8,7,7,0.9987,adaptive,0.1886,0.0896,27,0.0896,26,0,0,0
3bor2sty6q0d1.webp,4,9,9,2,0.5256,adaptive,0.1793,0.0786,29,0.0786,28,0,0,0
3bor2sty6q0d1.webp,5,1,6,6,0.9037,adaptive,0.1694,0.0807,12,0.0807,11,0,0,0
3bor2sty6q0d1.webp,5,2,1,1,0.6516,adaptive,0.1191,0.0452,13,0.0395,11,0,0,0
3bor2sty6q0d1.webp,5,3,7,7,0.3864,adaptive,0.1624,0.081,17,0.0742,15,0,0,0
3bor2sty6q0d1.webp,5,4,0,0,0.9569,adaptive,0.0986,0.0,21,0.007,20,0,0,0
3bor2sty6q0d1.webp,5,5,5,5,0.9174,adaptive,0.1896,0.104,17,0.104,16,0,0,0
3bor2sty6q0d1.webp,5,6,9,9,0.3346,adaptive,0.1694,0.0633,33,0.0633,32,0,0,0
3bor2sty6q0d1.webp,5,7,8,8,0.9582,adaptive,0.2596,0.1332,23,0.1332,22,0,0,0
3bor2sty6q0d1.webp,5,8,0,0,0.9569,adaptive,0.1393,0.0,44,0.0092,43,0,0,0
3bor2sty6q0d1.webp,5,9,2,2,0.9978,adaptive,0.1755,0.0735,30,0.0735,29,0,0,0
3bor2sty6q0d1.webp,6,1,5,7,0.9215,adaptive,0.2125,0.1092,5,0.1011,3,0,0,0
3bor2sty6q0d1.webp,6,2,9,2,0.3956,adaptive,0.2223,0.1291,3,0.1291,1,1,0,0
3bor2sty6q0d1.webp,6,3,0,0,0.9569,adaptive,0.0878,0.0,8,0.0,7,1,0,0
3bor2sty6q0d1.webp,6,4,2,2,0.9948,adaptive,0.2114,0.1072,4,0.1072,2,1,0,0
3bor2sty6q0d1.webp,6,5,0,0,0.9569,adaptive,0.1151,0.0,15,0.0,14,1,0,0
3bor2sty6q0d1.webp,6,6,0,0,0.9569,adaptive,0.1274,0.0,21,0.0,20,1,0,0
3bor2sty6q0d1.webp,6,7,6,5,0.882,adaptive,0.2589,0.1374,18,0.1292,16,0,0,0
3bor2sty6q0d1.webp,6,8,0,0,0.9569,adaptive,0.1479,0.0,39,0.0068,37,0,0,0
3bor2sty6q0d1.webp,6,9,1,1,0.5789,adaptive,0.1675,0.0499,48,0.0499,46,0,0,1
3bor2sty6q0d1.webp,7,1,3,3,0.9522,adaptive,0.19,0.1136,1,0.1136,0,0,0,0
3bor2sty6q0d1.webp,7,2,2,2,0.8162,adaptive,0.1499,0.0794,1,0.0794,0,0,0,0
3bor2sty6q0d1.webp,7,3,1,1,0.9249,adaptive,0.0965,0.0379,5,0.0379,4,0,0,0
3bor2sty6q0d1.webp,7,4,5,5,0.9763,adaptive,0.1818,0.0922,11,0.0922,10,0,0,0
3bor2sty6q0d1.webp,7,5,8,8,0.856,adaptive,0.2259,0.1391,17,0.1391,16,0,0,0
3bor2sty6q0d1.webp,7,6,6,6,0.7388,adaptive,0.2254,0.1308,25,0.1308,24,0,0,0
3bor2sty6q0d1.webp,7,7,7,7,0.9649,adaptive,0.2045,0.092,21,0.0806,18,1,0,1
3bor2sty6q0d1.webp,7,8,9,2,0.7674,adaptive,0.199,0.0837,41,0.0737,39,0,0,1
3bor2sty6q0d1.webp,7,9,4,4,0.873,adaptive,0.2061,0.0924,42,0.0753,39,0,0,1
3bor2sty6q0d1.webp,8,1,8,9,0.4725,adaptive,0.1791,0.1024,6,0.1024,5,0,0,0
3bor2sty6q0d1.webp,8,2,5,5,0.8379,adaptive,0.1563,0.1031,3,0.1031,2,0,0,0
3bor2sty6q0d1.webp,8,3,9,9,0.9607,adaptive,0.1793,0.1373,5,0.1373,4,0,0,0
3bor2sty6q0d1.webp,8,4,0,0,0.9569,adaptive,0.0812,0.0,7,0.0,7,0,0,0
3bor2sty6q0d1.webp,8,5,0,0,0.9569,adaptive,0.0854,0.0,13,0.0,13,0,0,0
3bor2sty6q0d1.webp,8,6,0,0,0.9569,adaptive,0.1024,0.0,31,0.0,31,0,0,0
3bor2sty6q0d1.webp,8,7,1,7,0.7077,adaptive,0.1651,0.045,31,0.0378,28,1,0,0
3bor2sty6q0d1.webp,8,8,6,6,0.7621,adaptive,0.2482,0.1054,41,0.1054,40,0,0,0
3bor2sty6q0d1.webp,8,9,3,3,0.9959,adaptive,0.2239,0.114,28,0.114,27,0,0,0
3bor2sty6q0d1.webp,9,1,7,7,0.9985,adaptive,0.131,0.059,11,0.059,10,0,0,0
3bor2sty6q0d1.webp,9,2,4,4,0.8745,adaptive,0.1271,0.0699,1,0.0699,0,0,0,0
3bor2sty6q0d1.webp,9,3,6,6,0.9075,adaptive,0.1882,0.1435,3,0.1435,2,0,0,0
3bor2sty6q0d1.webp,9,4,9,9,0.995,adaptive,0.1931,0.1397,4,0.1397,3,0,0,0
3bor2sty6q0d1.webp,9,5,1,1,0.4215,adaptive,0.1443,0.0629,10,0.0629,9,0,0,0
3bor2sty6q0d1.webp,9,6,3,3,0.9976,adaptive,0.2274,0.1461,15,0.1132,13,0,0,1
3bor2sty6q0d1.webp,9,7,2,2,0.9969,adaptive,0.2165,0.117,19,0.117,17,1,0,0
3bor2sty6q0d1.webp,9,8,8,8,0.9229,adaptive,0.2083,0.1167,26,0.1072,24,0,0,1
3bor2sty6q0d1.webp,9,9,5,5,0.4404,adaptive,0.2303,0.1314,21,0.125,19,0,0,0
w9y7j9hnxszc1.webp,1,1,6,6,0.9913,adaptive,0.1827,0.1114,1,0.1114,0,0,0,0
w9y7j9hnxszc1.webp,1,2,8,8,0.9989,adaptive,0.1816,0.1264,1,0.1264,0,0,0,0
w9y7j9hnxszc1.webp,1,4,0,0,0.9569,adaptive,0.0711,0.0,0,0.0,0,0,0,0
w9y7j9hnxszc1.webp,1,5,9,9,0.9997,adaptive,0.1524,0.1088,1,0.1088,0,0,0,0
w9y7j9hnxszc1.webp,1,6,0,0,0.9569,adaptive,0.059,0.0,0,0.0,0,0,0,0
w9y7j9hnxszc1.webp,1,9,3,3,0.9982,adaptive,0.1648,0.1056,1,0.1056,0,0,0,0
w9y7j9hnxszc1.webp,2,2,9,9,0.9988,adaptive,0.1513,0.1095,1,0.1095,0,0,0,0
w9y7j9hnxszc1.webp,2,3,0,0,0.9569,adaptive,0.043,0.0,0,0.0,0,0,0,0
w9y7j9hnxszc1.webp,2,4,6,6,0.9943,adaptive,0.1682,0.111,1,0.111,0,0,0,0
w9y7j9hnxszc1.webp,2,5,5,5,0.9951,adaptive,0.1389,0.1093,1,0.1093,0,0,0,0
w9y7j9hnxszc1.webp,2,7,8,8,0.9997,adaptive,0.1696,0.1264,1,0.1264,0,0,0,0
w9y7j9hnxszc1.webp,2,8,2,2,0.9993,adaptive,0.1325,0.1028,1,0.1028,0,0,0,0
w9y7j9hnxszc1.webp,3,2,5,5,0.9975,adaptive,0.1796,0.1104,1,0.1104,0,0,0,0
w9y7j9hnxszc1.webp,3,6,7,7,0.9974,adaptive,0.1446,0.0733,1,0.0733,0,0,0,0
w9y7j9hnxszc1.webp,3,7,6,6,0.9943,adaptive,0.1791,0.1092,1,0.1092,0,0,0,0
w9y7j9hnxszc1.webp,3,8,9,9,0.999,adaptive,0.1664,0.109,1,0.109,0,0,0,0
w9y7j9hnxszc1.webp,3,9,0,0,0.9569,adaptive,0.0713,0.0,0,0.0,0,0,0,0
w9y7j9hnxszc1.webp,4,1,0,0,0.9569,adaptive,0.0809,0.0,0,0.0,0,0,0,0
w9y7j9hnxszc1.webp,4,2,7,7,0.9988,adaptive,0.1284,0.0742,1,0.0742,0,0,0,0
w9y7j9hnxszc1.webp,4,3,1,1,0.8865,adaptive,0.1241,0.0666,1,0.0666,0,0,0,0
w9y7j9hnxszc1.webp,4,5,6,6,0.9923,adaptive,0.1633,0.1099,1,0.1099,0,0,0,0
w9y7j9hnxszc1.webp,4,7,0,0,0.9569,adaptive,0.0684,0.0,0,0.0,0,0,0,0
w9y7j9hnxszc1.webp,4,8,8,8,0.9992,adaptive,0.1811,0.1244,1,0.1244,0,0,0,0
w9y7j9hnxszc1.webp,4,9,9,9,0.9992,adaptive,0.1782,0.1074,1,0.1074,0,0,0,0
w9y7j9hnxszc1.webp,5,1,0,0,0.9569,adaptive,0.0538,0.0,0,0.0,0,0,0,0
w9y7j9hnxszc1.webp,5,2,2,2,0.9993,adaptive,0.1366,0.1012,1,0.1012,0,0,0,0
w9y7j9hnxszc1.webp,5,3,0,0,0.9569,adaptive,0.0418,0.0,0,0.0,0,0,0,0
w9y7j9hnxszc1.webp,5,5,0,0,0.9569,adaptive,0.0287,0.0,0,0.0,0,0,0,0
w9y7j9hnxszc1.webp,5,6,8,8,0.9994,adaptive,0.1658,0.1228,1,0.1228,0,0,0,0
w9y7j9hnxszc1.webp,5,7,0,0,0.9569,adaptive,0.0427,0.0,0,0.0,0,0,0,0
w9y7j9hnxszc1.webp,5,8,0,0,0.9569,adaptive,0.0425,0.0,0,0.0,0,0,0,0
w9y7j9hnxszc1.webp,5,9,0,0,0.9569,adaptive,0.0554,0.0,0,0.0,0,0,0,0
w9y7j9hnxszc1.webp,6,2,0,0,0.9569,adaptive,0.0425,0.0,0,0.0,0,0,0,0
w9y7j9hnxszc1.webp,6,4,3,3,0.9979,adaptive,0.1782,0.1049,1,0.1049,0,0,0,0
w9y7j9hnxszc1.webp,6,5,0,0,0.9569,adaptive,0.0561,0.0,0,0.0,0,0,0,0
w9y7j9hnxszc1.webp,6,7,2,2,0.9987,adaptive,0.1568,0.0969,1,0.0969,0,0,0,0
w9y7j9hnxszc1.webp,6,8,0,0,0.9569,adaptive,0.0466,0.0,0,0.0,0,0,0,0
w9y7j9hnxszc1.webp,6,9,0,0,0.9569,adaptive,0.0702,0.0,0,0.0,0,0,0,0
w9y7j9hnxszc1.webp,7,1,0,0,0.9569,adaptive,0.0815,0.0,0,0.0,0,0,0,0
w9y7j9hnxszc1.webp,7,3,0,0,0.9569,adaptive,0.0691,0.0,0,0.0,0,0,0,0
w9y7j9hnxszc1.webp,7,4,0,0,0.9569,adaptive,0.0813,0.0,0,0.0,0,0,0,0
w9y7j9hnxszc1.webp,7,5,0,0,0.9569,adaptive,0.0559,0.0,0,0.0,0,0,0,0
w9y7j9hnxszc1.webp,7,6,0,0,0.9569,adaptive,0.0699,0.0,0,0.0,0,0,0,0
w9y7j9hnxszc1.webp,7,7,4,4,0.9981,adaptive,0.17,0.1018,1,0.1018,0,0,0,0
w9y7j9hnxszc1.webp,7,9,2,2,0.9992,adaptive,0.1722,0.1016,1,0.1016,0,0,0,0
w9y7j9hnxszc1.webp,8,1,0,0,0.9569,adaptive,0.0572,0.0,0,0.0,0,0,0,0
w9y7j9hnxszc1.webp,8,3,0,0,0.9569,adaptive,0.0527,0.0,0,0.0,0,0,0,0
w9y7j9hnxszc1.webp,8,6,6,6,0.9951,adaptive,0.1538,0.1101,1,0.1101,0,0,0,0
w9y7j9hnxszc1.webp,8,8,7,7,0.9958,adaptive,0.1077,0.0785,1,0.0785,0,0,0,0
w9y7j9hnxszc1.webp,8,9,8,8,0.9987,adaptive,0.1687,0.1253,1,0.1253,0,0,0,0
w9y7j9hnxszc1.webp,9,1,2,2,0.999,adaptive,0.1726,0.1014,1,0.1014,0,0,0,0
w9y7j9hnxszc1.webp,9,2,0,0,0.9569,adaptive,0.0552,0.0,0,0.0,0,0,0,0
w9y7j9hnxszc1.webp,9,3,0,0,0.9569,adaptive,0.0586,0.0,0,0.0,0,0,0,0
w9y7j9hnxszc1.webp,9,4,0,0,0.9569,adaptive,0.0711,0.0,0,0.0,0,0,0,0
w9y7j9hnxszc1.webp,9,5,0,0,0.9569,adaptive,0.0436,0.0,0,0.0,0,0,0,0
w9y7j9hnxszc1.webp,9,6,0,0,0.9569,adaptive,0.059,0.0,0,0.0,0,0,0,0
w9y7j9hnxszc1.webp,9,8,1,1,0.8728,adaptive,0.0907,0.0608,1,0.0608,0,0,0,0
kt8h5700va8c1.webp,1,1,5,5,0.999,adaptive,0.1818,0.0813,1,0.0813,0,0,0,0
kt8h5700va8c1.webp,1,2,2,2,0.9952,adaptive,0.1777,0.0807,1,0.0807,0,0,0,0
kt8h5700va8c1.webp,1,3,7,7,0.998,adaptive,0.1571,0.0593,1,0.0593,0,0,0,0
kt8h5700va8c1.webp,1,5,3,3,0.9986,adaptive,0.1653,0.0805,1,0.0805,0,0,0,0
kt8h5700va8c1.webp,1,6,4,4,0.9975,adaptive,0.1704,0.0728,1,0.0728,0,0,0,0
kt8h5700va8c1.webp,2,1,4,4,0.9967,adaptive,0.1712,0.0746,1,0.0746,0,0,0,0
kt8h5700va8c1.webp,2,2,9,9,0.9948,adaptive,0.188,0.0918,1,0.0918,0,0,0,0
kt8h5700va8c1.webp,2,5,2,2,0.9959,adaptive,0.1733,0.082,1,0.082,0,0,0,0
kt8h5700va8c1.webp,2,6,1,1,0.9905,adaptive,0.1558,0.057,1,0.057,0,0,0,0
kt8h5700va8c1.webp,2,7,7,7,0.9989,adaptive,0.1619,0.0626,1,0.0626,0,0,0,0
kt8h5700va8c1.webp,2,9,5,5,0.9974,adaptive,0.197,0.0846,1,0.0846,0,0,0,0
kt8h5700va8c1.webp,3,2,1,1,0.9837,adaptive,0.1707,0.0615,1,0.0615,0,0,0,0
kt8h5700va8c1.webp,3,4,9,9,0.9935,adaptive,0.1987,0.0884,1,0.0884,0,0,0,0
kt8h5700va8c1.webp,3,5,5,5,0.9986,adaptive,0.1927,0.083,1,0.083,0,0,0,0
kt8h5700va8c1.webp,3,6,7,7,0.9985,adaptive,0.1604,0.0633,1,0.0633,0,0,0,0
kt8h5700va8c1.webp,4,1,1,1,0.9962,adaptive,0.1673,0.0573,1,0.0573,0,0,0,0
kt8h5700va8c1.webp,4,2,7,7,0.9987,adaptive,0.1671,0.0624,1,0.0624,0,0,0,0
kt8h5700va8c1.webp,4,4,5,5,0.9993,adaptive,0.1927,0.0847,1,0.0847,0,0,0,0
kt8h5700va8c1.webp,4,5,8,8,0.9915,adaptive,0.2026,0.0911,1,0.0911,0,0,0,0
kt8h5700va8c1.webp,4,6,2,2,0.9972,adaptive,0.1927,0.0806,1,0.0806,0,0,0,0
kt8h5700va8c1.webp,4,8,9,9,0.9934,adaptive,0.1863,0.0889,1,0.0889,0,0,0,0
kt8h5700va8c1.webp,4,9,4,4,0.9976,adaptive,0.1967,0.0728,1,0.0728,0,0,0,0
kt8h5700va8c1.webp,5,3,2,2,0.9945,adaptive,0.18,0.0816,1,0.0816,0,0,0,0
kt8h5700va8c1.webp,5,4,1,1,0.9959,adaptive,0.1563,0.0586,1,0.0586,0,0,0,0
kt8h5700va8c1.webp,5,6,3,3,0.9978,adaptive,0.1655,0.081,1,0.081,0,0,0,0
kt8h5700va8c1.webp,5,8,7,7,0.9986,adaptive,0.1478,0.0647,1,0.0647,0,0,0,0
kt8h5700va8c1.webp,6,4,7,7,0.999,adaptive,0.1711,0.0593,1,0.0593,0,0,0,0
kt8h5700va8c1.webp,6,6,6,6,0.9227,adaptive,0.1853,0.0873,1,0.0873,0,0,0,0
kt8h5700va8c1.webp,7,2,3,3,0.9979,adaptive,0.1787,0.0805,1,0.0805,0,0,0,0
kt8h5700va8c1.webp,7,4,2,2,0.9956,adaptive,0.1989,0.0793,1,0.0793,0,0,0,0
kt8h5700va8c1.webp,7,5,7,7,0.9988,adaptive,0.1746,0.0622,1,0.0622,0,0,0,0
kt8h5700va8c1.webp,7,6,8,8,0.9716,adaptive,0.1894,0.0913,1,0.0913,0,0,0,0
kt8h5700va8c1.webp,7,8,1,1,0.9965,adaptive,0.1569,0.059,1,0.059,0,0,0,0
kt8h5700va8c1.webp,8,1,7,7,0.9988,adaptive,0.1714,0.0604,1,0.0604,0,0,0,0
kt8h5700va8c1.webp,8,3,1,1,0.9923,adaptive,0.1461,0.059,1,0.059,0,0,0,0
kt8h5700va8c1.webp,8,4,3,3,0.9983,adaptive,0.1768,0.0798,1,0.0798,0,0,0,0
kt8h5700va8c1.webp,8,5,6,6,0.9546,adaptive,0.2004,0.0909,1,0.0909,0,0,0,0
kt8h5700va8c1.webp,9,1,2,2,0.995,adaptive,0.207,0.0806,1,0.0806,0,0,0,0
kt8h5700va8c1.webp,9,4,4,4,0.9979,adaptive,0.1746,0.0755,1,0.0755,0,0,0,0
kt8h5700va8c1.webp,9,5,1,1,0.9957,adaptive,0.1712,0.0588,1,0.0588,0,0,0,0
kt8h5700va8c1.webp,9,9,7,7,0.9982,adaptive,0.1845,0.0633,1,0.0633,0,0,0,0
ju8gg6b80v0d1.webp,1,1,0,0,0.9569,adaptive,0.0579,0.0,0,0.0,0,0,0,0
ju8gg6b80v0d1.webp,1,2,0,0,0.9569,adaptive,0.0299,0.0,0,0.0,0,0,0,0
ju8gg6b80v0d1.webp,1,3,0,0,0.9569,adaptive,0.0575,0.0,0,0.0,0,0,0,0
ju8gg6b80v0d1.webp,1,4,2,2,0.9881,adaptive,0.1439,0.086,1,0.086,0,0,0,0
ju8gg6b80v0d1.webp,1,5,0,0,0.9569,adaptive,0.0299,0.0,0,0.0,0,0,0,0
ju8gg6b80v0d1.webp,1,6,0,0,0.9569,adaptive,0.0581,0.0,0,0.0,0,0,0,0
ju8gg6b80v0d1.webp,1,7,0,0,0.9569,adaptive,0.0437,0.0,0,0.0,0,0,0,0
ju8gg6b80v0d1.webp,1,8,0,0,0.9569,adaptive,0.0301,0.0,0,0.0,0,0,0,0
ju8gg6b80v0d1.webp,1,9,0,0,0.9569,adaptive,0.0722,0.0,0,0.0,0,0,0,0
ju8gg6b80v0d1.webp,2,1,0,0,0.9569,adaptive,0.0299,0.0,0,0.0,0,0,0,0
ju8gg6b80v0d1.webp,2,2,0,0,0.9569,adaptive,0.0002,0.0,0,0.0,0,0,0,0
ju8gg6b80v0d1.webp,2,3,8,8,0.9993,adaptive,0.1375,0.1074,1,0.1074,0,0,0,0
ju8gg6b80v0d1.webp,2,4,0,0,0.9569,adaptive,0.0301,0.0,0,0.0,0,0,0,0
ju8gg6b80v0d1.webp,2,5,0,0,0.9569,adaptive,0.0,0.0,0,0.0,0,0,0,0
ju8gg6b80v0d1.webp,2,6,7,7,0.9987,adaptive,0.0986,0.0683,1,0.0683,0,0,0,0
ju8gg6b80v0d1.webp,2,7,3,3,0.9989,adaptive,0.0941,0.0785,1,0.0785,0,0,0,0
ju8gg6b80v0d1.webp,2,8,0,0,0.9569,adaptive,0.0005,0.0,0,0.0,0,0,0,0
ju8gg6b80v0d1.webp,2,9,0,0,0.9569,adaptive,0.0448,0.0,0,0.0,0,0,0,0
ju8gg6b80v0d1.webp,3,1,6,6,0.9863,adaptive,0.1537,0.0965,1,0.0965,0,0,0,0
ju8gg6b80v0d1.webp,3,2,7,7,0.9993,adaptive,0.0977,0.0676,1,0.0676,0,0,0,0
ju8gg6b80v0d1.webp,3,3,0,0,0.9569,adaptive,0.0575,0.0,0,0.0,0,0,0,0
ju8gg6b80v0d1.webp,3,4,0,0,0.9569,adaptive,0.0577,0.0,0,0.0,0,0,0,0
ju8gg6b80v0d1.webp,3,5,0,0,0.9569,adaptive,0.0299,0.0,0,0.0,0,0,0,0
ju8gg6b80v0d1.webp,3,6,9,9,0.9996,adaptive,0.1553,0.0971,1,0.0971,0,0,0,0
ju8gg6b80v0d1.webp,3,7,0,0,0.9569,adaptive,0.0437,0.0,0,0.0,0,0,0,0
ju8gg6b80v0d1.webp,3,8,0,0,0.9569,adaptive,0.0301,0.0,0,0.0,0,0,0,0
ju8gg6b80v0d1.webp,3,9,0,0,0.9569,adaptive,0.0724,0.0,0,0.0,0,0,0,0
ju8gg6b80v0d1.webp,4,1,0,0,0.9569,adaptive,0.0584,0.0,0,0.0,0,0,0,0
ju8gg6b80v0d1.webp,4,2,0,0,0.9569,adaptive,0.0303,0.0,0,0.0,0,0,0,0
ju8gg6b80v0d1.webp,4,3,0,0,0.9569,adaptive,0.0581,0.0,0,0.0,0,0,0,0
ju8gg6b80v0d1.webp,4,4,0,0,0.9569,adaptive,0.0584,0.0,0,0.0,0,0,0,0
ju8gg6b80v0d1.webp,4,5,0,0,0.9569,adaptive,0.0301,0.0,0,0.0,0,0,0,0
ju8gg6b80v0d1.webp,4,6,0,0,0.9569,adaptive,0.0584,0.0,0,0.0,0,0,0,0
ju8gg6b80v0d1.webp,4,7,0,0,0.9569,adaptive,0.0443,0.0,0,0.0,0,0,0,0
ju8gg6b80v0d1.webp,4,8,7,7,0.999,adaptive,0.0977,0.0674,1,0.0674,0,0,0,0
ju8gg6b80v0d1.webp,4,9,0,0,0.9569,adaptive,0.0726,0.0,0,0.0,0,0,0,0
ju8gg6b80v0d1.webp,5,1,4,4,0.9029,adaptive,0.104,0.0742,1,0.0742,0,0,0,0
ju8gg6b80v0d1.webp,5,2,5,5,0.9976,adaptive,0.081,0.081,1,0.081,0,0,0,0
ju8gg6b80v0d1.webp,5,3,0,0,0.9569,adaptive,0.0299,0.0,0,0.0,0,0,0,0
ju8gg6b80v0d1.webp,5,4,0,0,0.9569,adaptive,0.0301,0.0,0,0.0,0,0,0,0
ju8gg6b80v0d1.webp,5,5,9,9,0.9993,adaptive,0.0966,0.0966,1,0.0966,0,0,0,0
ju8gg6b80v0d1.webp,5,6,0,0,0.9569,adaptive,0.0299,0.0,0,0.0,0,0,0,0
ju8gg6b80v0d1.webp,5,7,0,0,0.9569,adaptive,0.0152,0.0,0,0.0,0,0,0,0
ju8gg6b80v0d1.webp,5,8,0,0,0.9569,adaptive,0.0002,0.0,0,0.0,0,0,0,0
ju8gg6b80v0d1.webp,5,9,0,0,0.9569,adaptive,0.0448,0.0,0,0.0,0,0,0,0
ju8gg6b80v0d1.webp,6,1,0,0,0.9569,adaptive,0.0584,0.0,0,0.0,0,0,0,0
ju8gg6b80v0d1.webp,6,2,2,2,0.9909,adaptive,0.1158,0.0855,1,0.0855,0,0,0,0
ju8gg6b80v0d1.webp,6,3,3,3,0.9972,adaptive,0.1339,0.0757,1,0.0757,0,0,0,0
ju8gg6b80v0d1.webp,6,4,5,5,0.9974,adaptive,0.1377,0.0791,1,0.0791,0,0,0,0
ju8gg6b80v0d1.webp,6,5,0,0,0.9569,adaptive,0.0299,0.0,0,0.0,0,0,0,0
ju8gg6b80v0d1.webp,6,6,0,0,0.9569,adaptive,0.059,0.0,0,0.0,0,0,0,0
ju8gg6b80v0d1.webp,6,7,0,0,0.9569,adaptive,0.0439,0.0,0,0.0,0,0,0,0
ju8gg6b80v0d1.webp,6,8,0,0,0.9569,adaptive,0.0301,0.0,0,0.0,0,0,0,0
ju8gg6b80v0d1.webp,6,9,9,9,0.9992,adaptive,0.1673,0.094,1,0.094,0,0,0,0
ju8gg6b80v0d1.webp,7,1,0,0,0.9569,adaptive,0.0439,0.0,0,0.0,0,0,0,0
ju8gg6b80v0d1.webp,7,2,0,0,0.9569,adaptive,0.0154,0.0,0,0.0,0,0,0,0
ju8gg6b80v0d1.webp,7,3,0,0,0.9569,adaptive,0.0437,0.0,0,0.0,0,0,0,0
ju8gg6b80v0d1.webp,7,4,3,3,0.9982,adaptive,0.1198,0.0757,1,0.0757,0,0,0,0
ju8gg6b80v0d1.webp,7,5,4,4,0.9634,adaptive,0.0898,0.0746,1,0.0746,0,0,0,0
ju8gg6b80v0d1.webp,7,6,0,0,0.9569,adaptive,0.0441,0.0,0,0.0,0,0,0,0
ju8gg6b80v0d1.webp,7,7,0,0,0.9569,adaptive,0.0296,0.0,0,0.0,0,0,0,0
ju8gg6b80v0d1.webp,7,8,9,9,0.9996,adaptive,0.1135,0.0981,1,0.0981,0,0,0,0
ju8gg6b80v0d1.webp,7,9,8,8,0.9991,adaptive,0.1626,0.1043,1,0.1043,0,0,0,0
ju8gg6b80v0d1.webp,8,1,0,0,0.9569,adaptive,0.0301,0.0,0,0.0,0,0,0,0
ju8gg6b80v0d1.webp,8,2,3,3,0.9988,adaptive,0.0778,0.0774,1,0.0774,0,0,0,0
ju8gg6b80v0d1.webp,8,3,0,0,0.9569,adaptive,0.0301,0.0,0,0.0,0,0,0,0
ju8gg6b80v0d1.webp,8,4,0,0,0.9569,adaptive,0.0303,0.0,0,0.0,0,0,0,0
ju8gg6b80v0d1.webp,8,5,7,7,0.9989,adaptive,0.0702,0.07,1,0.07,0,0,0,0
ju8gg6b80v0d1.webp,8,6,0,0,0.9569,adaptive,0.0301,0.0,0,0.0,0,0,0,0
ju8gg6b80v0d1.webp,8,7,0,0,0.9569,adaptive,0.0156,0.0,0,0.0,0,0,0,0
ju8gg6b80v0d1.webp,8,8,0,0,0.9569,adaptive,0.0011,0.0,0,0.0,0,0,0,0
ju8gg6b80v0d1.webp,8,9,0,0,0.9569,adaptive,0.0448,0.0,0,0.0,0,0,0,0
ju8gg6b80v0d1.webp,9,1,0,0,0.9569,adaptive,0.0726,0.0,0,0.0,0,0,0,0
ju8gg6b80v0d1.webp,9,2,0,0,0.9569,adaptive,0.0448,0.0,0,0.0,0,0,0,0
ju8gg6b80v0d1.webp,9,3,4,4,0.959,adaptive,0.1455,0.0731,1,0.0731,0,0,0,0
ju8gg6b80v0d1.webp,9,4,6,6,0.9879,adaptive,0.1671,0.0945,1,0.0945,0,0,0,0
ju8gg6b80v0d1.webp,9,5,0,0,0.9569,adaptive,0.0448,0.0,0,0.0,0,0,0,0
ju8gg6b80v0d1.webp,9,6,0,0,0.9569,adaptive,0.0733,0.0,0,0.0,0,0,0,0
ju8gg6b80v0d1.webp,9,7,0,0,0.9569,adaptive,0.0584,0.0,0,0.0,0,0,0,0
ju8gg6b80v0d1.webp,9,8,0,0,0.9569,adaptive,0.0457,0.0,0,0.0,0,0,0,0
ju8gg6b80v0d1.webp,9,9,2,2,0.9956,adaptive,0.1706,0.0833,1,0.0833,0,0,0,0
wnijnnxmeyzc1.webp,1,3,5,5,0.998,adaptive,0.1274,0.084,1,0.084,0,0,0,0
wnijnnxmeyzc1.webp,1,4,4,4,0.9673,adaptive,0.1174,0.0733,1,0.0733,0,0,0,0
wnijnnxmeyzc1.webp,1,5,8,8,0.9993,adaptive,0.1214,0.1063,1,0.1063,0,0,0,0
wnijnnxmeyzc1.webp,1,6,3,3,0.9955,adaptive,0.1212,0.0771,1,0.0771,0,0,0,0
wnijnnxmeyzc1.webp,1,9,6,6,0.9837,adaptive,0.1406,0.0965,1,0.0965,0,0,0,0
wnijnnxmeyzc1.webp,2,7,3,3,0.9981,adaptive,0.1079,0.0778,1,0.0778,0,0,0,0
wnijnnxmeyzc1.webp,2,8,4,4,0.9411,adaptive,0.0785,0.0781,1,0.0781,0,0,0,0
wnijnnxmeyzc1.webp,3,1,7,7,0.9987,adaptive,0.1183,0.0662,1,0.0662,0,0,0,0
wnijnnxmeyzc1.webp,3,2,4,4,0.8818,adaptive,0.1108,0.0807,1,0.0807,0,0,0,0
wnijnnxmeyzc1.webp,3,3,3,3,0.9984,adaptive,0.1374,0.0786,1,0.0786,0,0,0,0
wnijnnxmeyzc1.webp,3,5,1,1,0.9938,adaptive,0.0925,0.0626,1,0.0626,0,0,0,0
wnijnnxmeyzc1.webp,4,1,3,3,0.9973,adaptive,0.1236,0.0777,1,0.0777,0,0,0,0
wnijnnxmeyzc1.webp,4,2,9,9,0.9995,adaptive,0.1309,0.1006,1,0.1006,0,0,0,0
wnijnnxmeyzc1.webp,4,3,4,4,0.9207,adaptive,0.1325,0.0748,1,0.0748,0,0,0,0
wnijnnxmeyzc1.webp,4,4,2,2,0.9925,adaptive,0.1677,0.0849,1,0.0849,0,0,0,0
wnijnnxmeyzc1.webp,4,5,6,6,0.9884,adaptive,0.1284,0.0984,1,0.0984,0,0,0,0
wnijnnxmeyzc1.webp,4,6,7,7,0.9991,adaptive,0.1268,0.0688,1,0.0688,0,0,0,0
wnijnnxmeyzc1.webp,5,5,9,9,0.9992,adaptive,0.0992,0.0992,1,0.0992,0,0,0,0
wnijnnxmeyzc1.webp,5,9,7,7,0.9992,adaptive,0.097,0.0672,1,0.0672,0,0,0,0
wnijnnxmeyzc1.webp,6,1,6,6,0.9763,adaptive,0.1452,0.096,1,0.096,0,0,0,0
wnijnnxmeyzc1.webp,6,2,5,5,0.9987,adaptive,0.1151,0.0837,1,0.0837,0,0,0,0
wnijnnxmeyzc1.webp,6,3,7,7,0.9982,adaptive,0.1305,0.0708,1,0.0708,0,0,0,0
wnijnnxmeyzc1.webp,6,4,8,8,0.9996,adaptive,0.1744,0.1038,1,0.1038,0,0,0,0
wnijnnxmeyzc1.webp,6,6,1,1,0.995,adaptive,0.1203,0.0617,1,0.0617,0,0,0,0
wnijnnxmeyzc1.webp,7,1,4,4,0.9003,adaptive,0.1256,0.0784,1,0.0784,0,0,0,0
wnijnnxmeyzc1.webp,7,3,9,9,0.9995,adaptive,0.1566,0.0978,1,0.0978,0,0,0,0
wnijnnxmeyzc1.webp,7,6,8,8,0.999,adaptive,0.1657,0.1069,1,0.1069,0,0,0,0
wnijnnxmeyzc1.webp,8,1,8,8,0.9986,adaptive,0.1239,0.1088,1,0.1088,0,0,0,0
wnijnnxmeyzc1.webp,8,2,7,7,0.9988,adaptive,0.0684,0.0682,1,0.0682,0,0,0,0
wnijnnxmeyzc1.webp,8,3,6,6,0.9844,adaptive,0.1278,0.0979,1,0.0979,0,0,0,0
wnijnnxmeyzc1.webp,8,6,9,9,0.9993,adaptive,0.1296,0.0995,1,0.0995,0,0,0,0
wnijnnxmeyzc1.webp,8,9,5,5,0.9977,adaptive,0.1117,0.0816,1,0.0816,0,0,0,0
wnijnnxmeyzc1.webp,9,1,5,5,0.9986,adaptive,0.1147,0.0842,1,0.0842,0,0,0,0
wnijnnxmeyzc1.webp,9,7,9,9,0.9995,adaptive,0.1408,0.0958,1,0.0958,0,0,0,0
wnijnnxmeyzc1.webp,9,8,8,8,0.9989,adaptive,0.119,0.104,1,0.104,0,0,0,0
xlqt9nwk960d1.webp,1,2,7,7,0.9977,adaptive,0.1531,0.0665,2,0.0665,1,0,0,0
xlqt9nwk960d1.webp,1,4,3,3,0.9973,adaptive,0.174,0.0851,4,0.0851,3,0,0,0
xlqt9nwk960d1.webp,1,5,4,4,0.9973,adaptive,0.1635,0.0785,5,0.0785,4,0,0,0
xlqt9nwk960d1.webp,1,8,2,2,0.9975,adaptive,0.1782,0.0844,11,0.0844,10,0,0,0
xlqt9nwk960d1.webp,1,9,9,9,0.9947,adaptive,0.178,0.0916,3,0.0916,2,0,0,0
xlqt9nwk960d1.webp,2,1,2,2,0.9942,adaptive,0.1536,0.0828,3,0.0828,2,0,0,0
xlqt9nwk960d1.webp,2,3,4,4,0.9983,adaptive,0.1536,0.0782,7,0.0782,6,0,0,0
xlqt9nwk960d1.webp,2,5,7,7,0.9989,adaptive,0.1272,0.0696,5,0.0696,4,0,0,0
xlqt9nwk960d1.webp,2,8,5,5,0.9995,adaptive,0.1534,0.0921,10,0.0921,9,0,0,0
xlqt9nwk960d1.webp,3,2,8,8,0.9894,adaptive,0.1603,0.0966,5,0.0966,4,0,0,0
xlqt9nwk960d1.webp,3,3,9,9,0.9978,adaptive,0.1657,0.0927,6,0.0927,5,0,0,0
xlqt9nwk960d1.webp,3,4,2,2,0.9956,adaptive,0.1617,0.0826,11,0.0826,10,0,0,0
xlqt9nwk960d1.webp,3,6,6,6,0.9346,adaptive,0.1524,0.0916,6,0.0916,5,0,0,0
xlqt9nwk960d1.webp,3,8,4,4,0.9978,adaptive,0.1416,0.0819,2,0.0819,1,0,0,0
xlqt9nwk960d1.webp,4,2,9,9,0.9928,adaptive,0.1515,0.0914,6,0.0914,5,0,0,0
xlqt9nwk960d1.webp,4,3,7,7,0.9988,adaptive,0.1268,0.0666,5,0.0666,4,0,0,0
xlqt9nwk960d1.webp,4,7,2,2,0.9958,adaptive,0.1415,0.0826,4,0.0826,3,0,0,0
xlqt9nwk960d1.webp,5,5,8,8,0.9923,adaptive,0.1403,0.0989,3,0.0989,2,0,0,0
xlqt9nwk960d1.webp,5,7,5,5,0.9993,adaptive,0.1431,0.0893,6,0.0893,5,0,0,0
xlqt9nwk960d1.webp,6,4,7,7,0.9987,adaptive,0.1196,0.0648,5,0.0648,4,0,0,0
xlqt9nwk960d1.webp,6,5,3,3,0.9985,adaptive,0.1386,0.0839,8,0.0839,7,0,0,0
xlqt9nwk960d1.webp,6,9,4,4,0.9971,adaptive,0.1343,0.0753,7,0.0753,6,0,0,0
xlqt9nwk960d1.webp,7,1,7,7,0.9987,adaptive,0.1495,0.0617,2,0.0617,1,0,0,0
xlqt9nwk960d1.webp,7,2,4,4,0.9972,adaptive,0.1359,0.0791,1,0.0791,0,0,0,0
xlqt9nwk960d1.webp,7,3,3,3,0.9984,adaptive,0.1537,0.08,4,0.08,3,0,0,0
xlqt9nwk960d1.webp,7,6,1,1,0.9972,adaptive,0.1299,0.0617,3,0.0617,2,0,0,0
xlqt9nwk960d1.webp,7,8,8,8,0.9864,adaptive,0.1588,0.0943,4,0.0943,3,0,0,0
xlqt9nwk960d1.webp,7,9,2,2,0.9955,adaptive,0.1448,0.0815,7,0.0815,6,0,0,0
xlqt9nwk960d1.webp,8,1,9,9,0.9966,adaptive,0.175,0.0907,1,0.0907,0,0,0,0
xlqt9nwk960d1.webp,8,2,6,6,0.8625,adaptive,0.1453,0.0911,2,0.0911,1,0,0,0
xlqt9nwk960d1.webp,8,5,2,2,0.9947,adaptive,0.1527,0.0847,1,0.0847,0,0,0,0
xlqt9nwk960d1.webp,8,6,3,3,0.9987,adaptive,0.1547,0.0816,5,0.0816,4,0,0,0
xlqt9nwk960d1.webp,8,9,5,5,0.9986,adaptive,0.1624,0.085,5,0.085,4,0,0,0
xlqt9nwk960d1.webp,9,6,7,7,0.9985,adaptive,0.1272,0.0628,7,0.0628,6,0,0,0
xlqt9nwk960d1.webp,9,8,3,3,0.9988,adaptive,0.135,0.0816,2,0.0816,1,0,0,0
0t1g4k7u4lec1.jpeg,1,1,3,3,0.9896,adaptive,0.2272,0.0875,1,0.0875,0,0,0,0
0t1g4k7u4lec1.jpeg,1,2,0,0,0.9569,adaptive,0.0993,0.0,0,0.0,0,0,0,0
0t1g4k7u4lec1.jpeg,1,3,0,0,0.9569,adaptive,0.1354,0.0,0,0.0,0,0,0,0
0t1g4k7u4lec1.jpeg,1,4,0,0,0.9569,adaptive,0.1406,0.0,0,0.0,0,0,0,0
0t1g4k7u4lec1.jpeg,1,5,6,6,0.9607,adaptive,0.197,0.0979,1,0.0979,0,0,0,0
0t1g4k7u4lec1.jpeg,1,6,0,0,0.9569,adaptive,0.1395,0.0,0,0.0,0,0,0,0
0t1g4k7u4lec1.jpeg,1,7,0,0,0.9569,adaptive,0.1395,0.0,0,0.0,0,0,0,0
0t1g4k7u4lec1.jpeg,1,8,0,0,0.9569,adaptive,0.0993,0.0,0,0.0,0,0,0,0
0t1g4k7u4lec1.jpeg,1,9,0,0,0.9569,adaptive,0.1281,0.0,0,0.0,0,0,0,0
0t1g4k7u4lec1.jpeg,2,1,8,8,0.9947,adaptive,0.2001,0.1004,1,0.1004,0,0,0,0
0t1g4k7u4lec1.jpeg,2,2,0,0,0.9569,adaptive,0.0574,0.0,0,0.0,0,0,0,0
0t1g4k7u4lec1.jpeg,2,3,0,0,0.9569,adaptive,0.0857,0.0,0,0.0,0,0,0,0
0t1g4k7u4lec1.jpeg,2,4,0,0,0.9569,adaptive,0.1002,0.0,0,0.0,0,0,0,0
0t1g4k7u4lec1.jpeg,2,5,0,0,0.9569,adaptive,0.0576,0.0,0,0.0,0,0,0,0
0t1g4k7u4lec1.jpeg,2,6,0,0,0.9569,adaptive,0.1002,0.0,0,0.0,0,0,0,0
0t1g4k7u4lec1.jpeg,2,7,7,7,0.9997,adaptive,0.1585,0.059,1,0.059,0,0,0,0
0t1g4k7u4lec1.jpeg,2,8,0,0,0.9569,adaptive,0.0579,0.0,0,0.0,0,0,0,0
0t1g4k7u4lec1.jpeg,2,9,0,0,0.9569,adaptive,0.0873,0.0,0,0.0,0,0,0,0
0t1g4k7u4lec1.jpeg,3,1,0,0,0.9569,adaptive,0.1274,0.0,0,0.0,0,0,0,0
0t1g4k7u4lec1.jpeg,3,2,0,0,0.9569,adaptive,0.0855,0.0,0,0.0,0,0,0,0
0t1g4k7u4lec1.jpeg,3,3,4,4,0.9982,adaptive,0.1916,0.0773,1,0.0773,0,0,0,0
0t1g4k7u4lec1.jpeg,3,4,5,5,0.9963,adaptive,0.2152,0.0875,1,0.0875,0,0,0,0
0t1g4k7u4lec1.jpeg,3,5,0,0,0.9569,adaptive,0.0855,0.0,0,0.0,0,0,0,0
0t1g4k7u4lec1.jpeg,3,6,1,1,0.9931,adaptive,0.1755,0.0486,1,0.0486,0,0,0,0
0t1g4k7u4lec1.jpeg,3,7,0,0,0.9569,adaptive,0.1268,0.0,0,0.0,0,0,0,0
0t1g4k7u4lec1.jpeg,3,8,0,0,0.9569,adaptive,0.0862,0.0,0,0.0,0,0,0,0
0t1g4k7u4lec1.jpeg,3,9,0,0,0.9569,adaptive,0.1268,0.0,0,0.0,0,0,0,0
0t1g4k7u4lec1.jpeg,4,1,1,1,0.992,adaptive,0.188,0.0477,1,0.0477,0,0,0,0
0t1g4k7u4lec1.jpeg,4,2,0,0,0.9569,adaptive,0.0991,0.0,0,0.0,0,0,0,0
0t1g4k7u4lec1.jpeg,4,3,0,0,0.9569,adaptive,0.1276,0.0,0,0.0,0,0,0,0
0t1g4k7u4lec1.jpeg,4,4,0,0,0.9569,adaptive,0.1403,0.0,0,0.0,0,0,0,0
0t1g4k7u4lec1.jpeg,4,5,9,9,0.9968,adaptive,0.194,0.095,1,0.095,0,0,0,0
0t1g4k7u4lec1.jpeg,4,6,3,3,0.9875,adaptive,0.2263,0.0864,1,0.0864,0,0,0,0
0t1g4k7u4lec1.jpeg,4,7,0,0,0.9569,adaptive,0.1388,0.0,0,0.0,0,0,0,0
0t1g4k7u4lec1.jpeg,4,8,6,6,0.8801,adaptive,0.1972,0.0972,1,0.0972,0,0,0,0
0t1g4k7u4lec1.jpeg,4,9,7,7,0.9994,adaptive,0.1987,0.0581,1,0.0581,0,0,0,0
0t1g4k7u4lec1.jpeg,5,1,0,0,0.9569,adaptive,0.0995,0.0,0,0.0,0,0,0,0
0t1g4k7u4lec1.jpeg,5,2,9,9,0.9935,adaptive,0.1531,0.096,1,0.096,0,0,0,0
0t1g4k7u4lec1.jpeg,5,3,0,0,0.9569,adaptive,0.0857,0.0,0,0.0,0,0,0,0
0t1g4k7u4lec1.jpeg,5,4,0,0,0.9569,adaptive,0.1,0.0,0,0.0,0,0,0,0
0t1g4k7u4lec1.jpeg,5,5,0,0,0.9569,adaptive,0.0579,0.0,0,0.0,0,0,0,0
0t1g4k7u4lec1.jpeg,5,6,0,0,0.9569,adaptive,0.1004,0.0,0,0.0,0,0,0,0
0t1g4k7u4lec1.jpeg,5,7,0,0,0.9569,adaptive,0.0934,0.0,0,0.0,0,0,0,0
0t1g4k7u4lec1.jpeg,5,8,3,3,0.986,adaptive,0.146,0.0877,1,0.0877,0,0,0,0
0t1g4k7u4lec1.jpeg,5,9,0,0,0.9569,adaptive,0.1015,0.0,0,0.0,0,0,0,0
0t1g4k7u4lec1.jpeg,6,1,7,7,0.9995,adaptive,0.1909,0.0606,1,0.0606,0,0,0,0
0t1g4k7u4lec1.jpeg,6,2,3,3,0.9932,adaptive,0.187,0.0882,1,0.0882,0,0,0,0
0t1g4k7u4lec1.jpeg,6,3,0,0,0.9569,adaptive,0.1263,0.0,0,0.0,0,0,0,0
0t1g4k7u4lec1.jpeg,6,4,1,1,0.9928,adaptive,0.1873,0.0477,1,0.0477,0,0,0,0
0t1g4k7u4lec1.jpeg,6,5,8,8,0.9959,adaptive,0.1997,0.1006,1,0.1006,0,0,0,0
0t1g4k7u4lec1.jpeg,6,6,0,0,0.9569,adaptive,0.1395,0.0,0,0.0,0,0,0,0
0t1g4k7u4lec1.jpeg,6,7,0,0,0.9569,adaptive,0.1265,0.0,0,0.0,0,0,0,0
0t1g4k7u4lec1.jpeg,6,8,0,0,0.9569,adaptive,0.1004,0.0,0,0.0,0,0,0,0
0t1g4k7u4lec1.jpeg,6,9,2,2,0.9991,adaptive,0.2272,0.0871,1,0.0871,0,0,0,0
0t1g4k7u4lec1.jpeg,7,1,0,0,0.9569,adaptive,0.139,0.0,0,0.0,0,0,0,0
0t1g4k7u4lec1.jpeg,7,2,0,0,0.9569,adaptive,0.0997,0.0,0,0.0,0,0,0,0
0t1g4k7u4lec1.jpeg,7,3,1,1,0.9773,adaptive,0.1771,0.0503,1,0.0503,0,0,0,0
0t1g4k7u4lec1.jpeg,7,4,0,0,0.9569,adaptive,0.1388,0.0,0,0.0,0,0,0,0
0t1g4k7u4lec1.jpeg,7,5,0,0,0.9569,adaptive,0.0943,0.0,0,0.0,0,0,0,0
0t1g4k7u4lec1.jpeg,7,6,6,6,0.9458,adaptive,0.2221,0.0949,1,0.0949,0,0,0,0
0t1g4k7u4lec1.jpeg,7,7,2,2,0.9983,adaptive,0.1978,0.0838,1,0.0838,0,0,0,0
0t1g4k7u4lec1.jpeg,7,8,0,0,0.9569,adaptive,0.0868,0.0,0,0.0,0,0,0,0
0t1g4k7u4lec1.jpeg,7,9,0,0,0.9569,adaptive,0.1276,0.0,0,0.0,0,0,0,0
0t1g4k7u4lec1.jpeg,8,1,0,0,0.9569,adaptive,0.0882,0.0,0,0.0,0,0,0,0
0t1g4k7u4lec1.jpeg,8,2,0,0,0.9569,adaptive,0.0537,0.0,0,0.0,0,0,0,0
0t1g4k7u4lec1.jpeg,8,3,8,8,0.9811,adaptive,0.1832,0.0979,1,0.0979,0,0,0,0
0t1g4k7u4lec1.jpeg,8,4,0,0,0.9569,adaptive,0.0993,0.0,0,0.0,0,0,0,0
0t1g4k7u4lec1.jpeg,8,5,0,0,0.9569,adaptive,0.0567,0.0,0,0.0,0,0,0,0
0t1g4k7u4lec1.jpeg,8,6,0,0,0.9569,adaptive,0.1,0.0,0,0.0,0,0,0,0
0t1g4k7u4lec1.jpeg,8,7,0,0,0.9569,adaptive,0.0862,0.0,0,0.0,0,0,0,0
0t1g4k7u4lec1.jpeg,8,8,0,0,0.9569,adaptive,0.0588,0.0,0,0.0,0,0,0,0
0t1g4k7u4lec1.jpeg,8,9,5,5,0.9972,adaptive,0.1868,0.0853,1,0.0853,0,0,0,0
0t1g4k7u4lec1.jpeg,9,1,0,0,0.9569,adaptive,0.1403,0.0,0,0.0,0,0,0,0
0t1g4k7u4lec1.jpeg,9,2,0,0,0.9569,adaptive,0.0997,0.0,0,0.0,0,0,0,0
0t1g4k7u4lec1.jpeg,9,3,0,0,0.9569,adaptive,0.1268,0.0,0,0.0,0,0,0,0
0t1g4k7u4lec1.jpeg,9,4,0,0,0.9569,adaptive,0.1399,0.0,0,0.0,0,0,0,0
0t1g4k7u4lec1.jpeg,9,5,1,1,0.9787,adaptive,0.1488,0.0502,1,0.0502,0,0,0,0
0t1g4k7u4lec1.jpeg,9,6,0,0,0.9569,adaptive,0.1392,0.0,0,0.0,0,0,0,0
0t1g4k7u4lec1.jpeg,9,7,0,0,0.9569,adaptive,0.1261,0.0,0,0.0,0,0,0,0
0t1g4k7u4lec1.jpeg,9,8,0,0,0.9569,adaptive,0.111,0.0,0,0.0,0,0,0,0
0t1g4k7u4lec1.jpeg,9,9,4,4,0.9989,adaptive,0.2103,0.0693,1,0.0693,0,0,0,0
rq5fm77urk0d1.webp,1,1,8,8,0.9988,adaptive,0.1497,0.0909,1,0.0909,0,0,0,0
rq5fm77urk0d1.webp,1,2,5,5,0.9922,adaptive,0.1251,0.0816,1,0.0816,0,0,0,0
rq5fm77urk0d1.webp,1,5,2,2,0.9986,adaptive,0.1156,0.0724,1,0.0724,0,0,0,0
rq5fm77urk0d1.webp,1,6,9,9,0.9948,adaptive,0.149,0.0907,1,0.0907,0,0,0,0
rq5fm77urk0d1.webp,1,7,7,7,0.9967,adaptive,0.1352,0.051,1,0.051,0,0,0,0
rq5fm77urk0d1.webp,1,8,6,6,0.9529,adaptive,0.1456,0.0886,1,0.0886,0,0,0,0
rq5fm77urk0d1.webp,2,1,2,2,0.9989,adaptive,0.1115,0.0681,1,0.0681,0,0,0,0
rq5fm77urk0d1.webp,2,3,7,7,0.9985,adaptive,0.0966,0.0536,1,0.0536,0,0,0,0
rq5fm77urk0d1.webp,2,4,6,6,0.9131,adaptive,0.1497,0.0925,1,0.0925,0,0,0,0
rq5fm77urk0d1.webp,2,6,8,8,0.9963,adaptive,0.1343,0.0909,1,0.0909,0,0,0,0
rq5fm77urk0d1.webp,2,7,5,5,0.9886,adaptive,0.1513,0.0823,1,0.0823,0,0,0,0
rq5fm77urk0d1.webp,2,9,9,9,0.9958,adaptive,0.1316,0.0886,1,0.0886,0,0,0,0
rq5fm77urk0d1.webp,3,1,6,6,0.9389,adaptive,0.1591,0.0904,1,0.0904,0,0,0,0
rq5fm77urk0d1.webp,3,4,7,7,0.9958,adaptive,0.1181,0.0481,1,0.0481,0,0,0,0
rq5fm77urk0d1.webp,3,6,5,5,0.9935,adaptive,0.135,0.078,1,0.078,0,0,0,0
rq5fm77urk0d1.webp,3,8,2,2,0.9985,adaptive,0.1266,0.0708,1,0.0708,0,0,0,0
rq5fm77urk0d1.webp,3,9,8,8,0.9969,adaptive,0.1481,0.0913,1,0.0913,0,0,0,0
rq5fm77urk0d1.webp,4,1,9,9,0.9929,adaptive,0.1744,0.0891,1,0.0891,0,0,0,0
rq5fm77urk0d1.webp,4,2,7,7,0.998,adaptive,0.1221,0.052,1,0.052,0,0,0,0
rq5fm77urk0d1.webp,4,3,2,2,0.9988,adaptive,0.151,0.0699,1,0.0699,0,0,0,0
rq5fm77urk0d1.webp,4,4,8,8,0.9988,adaptive,0.174,0.0896,1,0.0896,0,0,0,0
rq5fm77urk0d1.webp,4,7,6,6,0.9525,adaptive,0.1726,0.09,1,0.09,0,0,0,0
rq5fm77urk0d1.webp,4,9,5,5,0.9909,adaptive,0.1499,0.0782,1,0.0782,0,0,0,0
rq5fm77urk0d1.webp,5,1,3,3,0.9974,adaptive,0.118,0.0753,1,0.0753,0,0,0,0
rq5fm77urk0d1.webp,5,2,8,8,0.9948,adaptive,0.1226,0.0939,1,0.0939,0,0,0,0
rq5fm77urk0d1.webp,5,4,5,5,0.9809,adaptive,0.1391,0.0828,1,0.0828,0,0,0,0
rq5fm77urk0d1.webp,5,5,6,6,0.9547,adaptive,0.1187,0.0907,1,0.0907,0,0,0,0
rq5fm77urk0d1.webp,5,7,2,2,0.9987,adaptive,0.1137,0.0665,1,0.0665,0,0,0,0
rq5fm77urk0d1.webp,5,8,9,9,0.9968,adaptive,0.1187,0.0918,1,0.0918,0,0,0,0
rq5fm77urk0d1.webp,5,9,7,7,0.9987,adaptive,0.0859,0.055,1,0.055,0,0,0,0
rq5fm77urk0d1.webp,6,1,5,5,0.9892,adaptive,0.1352,0.0773,1,0.0773,0,0,0,0
rq5fm77urk0d1.webp,6,3,6,6,0.8608,adaptive,0.1437,0.0878,1,0.0878,0,0,0,0
rq5fm77urk0d1.webp,6,4,9,9,0.9939,adaptive,0.1584,0.088,1,0.088,0,0,0,0
rq5fm77urk0d1.webp,6,5,7,7,0.9968,adaptive,0.0911,0.0488,1,0.0488,0,0,0,0
rq5fm77urk0d1.webp,6,6,2,2,0.9987,adaptive,0.1272,0.0695,1,0.0695,0,0,0,0
rq5fm77urk0d1.webp,6,8,8,8,0.998,adaptive,0.1495,0.0934,1,0.0934,0,0,0,0
rq5fm77urk0d1.webp,7,2,2,2,0.9993,adaptive,0.1409,0.0701,1,0.0701,0,0,0,0
rq5fm77urk0d1.webp,7,3,5,5,0.9853,adaptive,0.1642,0.0818,1,0.0818,0,0,0,0
rq5fm77urk0d1.webp,7,5,9,9,0.9971,adaptive,0.1612,0.0909,1,0.0909,0,0,0,0
rq5fm77urk0d1.webp,7,7,8,8,0.9953,adaptive,0.1974,0.0902,1,0.0902,0,0,0,0
rq5fm77urk0d1.webp,7,8,7,7,0.9978,adaptive,0.1373,0.0547,1,0.0547,0,0,0,0
rq5fm77urk0d1.webp,7,9,6,6,0.8758,adaptive,0.1477,0.0884,1,0.0884,0,0,0,0
rq5fm77urk0d1.webp,8,2,6,6,0.9378,adaptive,0.1341,0.0921,1,0.0921,0,0,0,0
rq5fm77urk0d1.webp,8,3,8,8,0.9953,adaptive,0.1479,0.0934,1,0.0934,0,0,0,0
rq5fm77urk0d1.webp,8,5,5,5,0.9886,adaptive,0.1253,0.0831,1,0.0831,0,0,0,0
rq5fm77urk0d1.webp,8,6,7,7,0.9988,adaptive,0.1104,0.0543,1,0.0543,0,0,0,0
rq5fm77urk0d1.webp,8,7,9,9,0.9941,adaptive,0.1737,0.0909,1,0.0909,0,0,0,0
rq5fm77urk0d1.webp,8,8,3,3,0.9974,adaptive,0.1329,0.0767,1,0.0767,0,0,0,0
rq5fm77urk0d1.webp,8,9,2,2,0.9989,adaptive,0.1106,0.0674,1,0.0674,0,0,0,0
rq5fm77urk0d1.webp,9,1,7,7,0.9964,adaptive,0.108,0.0492,1,0.0492,0,0,0,0
rq5fm77urk0d1.webp,9,4,2,2,0.9991,adaptive,0.1448,0.0724,1,0.0724,0,0,0,0
rq5fm77urk0d1.webp,9,5,8,8,0.9978,adaptive,0.1377,0.0945,1,0.0945,0,0,0,0
rq5fm77urk0d1.webp,9,6,6,6,0.8885,adaptive,0.1464,0.0884,1,0.0884,0,0,0,0
rq5fm77urk0d1.webp,9,7,1,1,0.8915,adaptive,0.1283,0.0437,1,0.0437,0,0,0,0
rq5fm77urk0d1.webp,9,8,5,5,0.9892,adaptive,0.1346,0.078,1,0.078,0,0,0,0
rq5fm77urk0d1.webp,9,9,4,4,0.9948,adaptive,0.1308,0.072,1,0.072,0,0,0,0
1fpguv3t969c1.webp,1,1,1,1,0.971,adaptive,0.1334,0.0499,1,0.0499,0,0,0,0
1fpguv3t969c1.webp,1,2,8,8,0.9988,adaptive,0.1669,0.0977,1,0.0977,0,0,0,0
1fpguv3t969c1.webp,1,4,9,9,0.9996,adaptive,0.1684,0.0849,1,0.0849,0,0,0,0
1fpguv3t969c1.webp,1,5,2,2,0.9995,adaptive,0.1379,0.0807,1,0.0807,0,0,0,0
1fpguv3t969c1.webp,1,7,4,4,0.998,adaptive,0.1624,0.0802,1,0.0802,0,0,0,0
1fpguv3t969c1.webp,1,8,7,7,0.9986,adaptive,0.1289,0.0599,1,0.0599,0,0,0,0
1fpguv3t969c1.webp,1,9,6,6,0.9754,adaptive,0.1697,0.0849,1,0.0849,0,0,0,0
1fpguv3t969c1.webp,2,2,9,9,0.9993,adaptive,0.1419,0.0865,1,0.0865,0,0,0,0
1fpguv3t969c1.webp,2,3,7,7,0.9989,adaptive,0.1309,0.0626,1,0.0626,0,0,0,0
1fpguv3t969c1.webp,2,5,1,1,0.9533,adaptive,0.0948,0.0528,1,0.0528,0,0,0,0
1fpguv3t969c1.webp,2,6,6,6,0.9649,adaptive,0.1418,0.0862,1,0.0862,0,0,0,0
1fpguv3t969c1.webp,2,7,2,2,0.9992,adaptive,0.1242,0.0776,1,0.0776,0,0,0,0
1fpguv3t969c1.webp,2,8,8,8,0.9983,adaptive,0.1497,0.0994,1,0.0994,0,0,0,0
1fpguv3t969c1.webp,2,9,3,3,0.9972,adaptive,0.1411,0.0825,1,0.0825,0,0,0,0
1fpguv3t969c1.webp,3,1,6,6,0.9908,adaptive,0.1673,0.0838,1,0.0838,0,0,0,0
1fpguv3t969c1.webp,3,2,2,2,0.9994,adaptive,0.1513,0.0823,1,0.0823,0,0,0,0
1fpguv3t969c1.webp,3,4,8,8,0.996,adaptive,0.1804,0.0973,1,0.0973,0,0,0,0
1fpguv3t969c1.webp,3,5,7,7,0.9992,adaptive,0.1196,0.0635,1,0.0635,0,0,0,0
1fpguv3t969c1.webp,3,7,9,9,0.9994,adaptive,0.141,0.0833,1,0.0833,0,0,0,0
1fpguv3t969c1.webp,3,8,1,1,0.9599,adaptive,0.1147,0.0461,1,0.0461,0,0,0,0
1fpguv3t969c1.webp,3,9,5,5,0.9982,adaptive,0.1579,0.0853,1,0.0853,0,0,0,0
1fpguv3t969c1.webp,4,1,2,2,0.9994,adaptive,0.1631,0.0786,1,0.0786,0,0,0,0
1fpguv3t969c1.webp,4,2,5,5,0.9984,adaptive,0.1153,0.0855,1,0.0855,0,0,0,0
1fpguv3t969c1.webp,4,3,1,1,0.938,adaptive,0.1337,0.0499,1,0.0499,0,0,0,0
1fpguv3t969c1.webp,4,4,6,6,0.9712,adaptive,0.1689,0.0847,1,0.0847,0,0,0,0
1fpguv3t969c1.webp,4,5,8,8,0.9978,adaptive,0.156,0.0986,1,0.0986,0,0,0,0
1fpguv3t969c1.webp,4,6,9,9,0.9996,adaptive,0.155,0.0838,1,0.0838,0,0,0,0
1fpguv3t969c1.webp,4,7,3,3,0.9973,adaptive,0.1517,0.0813,1,0.0813,0,0,0,0
1fpguv3t969c1.webp,4,8,4,4,0.9981,adaptive,0.1504,0.0796,1,0.0796,0,0,0,0
1fpguv3t969c1.webp,4,9,7,7,0.9986,adaptive,0.1444,0.0588,1,0.0588,0,0,0,0
1fpguv3t969c1.webp,5,2,3,3,0.998,adaptive,0.1304,0.0826,1,0.0826,0,0,0,0
1fpguv3t969c1.webp,5,4,1,1,0.9499,adaptive,0.1099,0.052,1,0.052,0,0,0,0
1fpguv3t969c1.webp,5,5,5,5,0.9979,adaptive,0.0868,0.0868,1,0.0868,0,0,0,0
1fpguv3t969c1.webp,5,6,7,7,0.9985,adaptive,0.1024,0.0588,1,0.0588,0,0,0,0
1fpguv3t969c1.webp,5,7,6,6,0.987,adaptive,0.1325,0.0857,1,0.0857,0,0,0,0
1fpguv3t969c1.webp,5,8,2,2,0.9988,adaptive,0.124,0.0799,1,0.0799,0,0,0,0
1fpguv3t969c1.webp,5,9,9,9,0.9993,adaptive,0.1427,0.0844,1,0.0844,0,0,0,0
1fpguv3t969c1.webp,6,1,7,7,0.9987,adaptive,0.143,0.0601,1,0.0601,0,0,0,0
1fpguv3t969c1.webp,6,2,6,6,0.9885,adaptive,0.1472,0.0859,1,0.0859,0,0,0,0
1fpguv3t969c1.webp,6,3,9,9,0.9995,adaptive,0.1622,0.084,1,0.084,0,0,0,0
1fpguv3t969c1.webp,6,4,3,3,0.9961,adaptive,0.1521,0.0809,1,0.0809,0,0,0,0
1fpguv3t969c1.webp,6,5,4,4,0.9977,adaptive,0.1248,0.081,1,0.081,0,0,0,0
1fpguv3t969c1.webp,6,6,2,2,0.9987,adaptive,0.1372,0.0782,1,0.0782,0,0,0,0
1fpguv3t969c1.webp,6,7,8,8,0.9979,adaptive,0.1635,0.0951,1,0.0951,0,0,0,0
1fpguv3t969c1.webp,6,8,5,5,0.9983,adaptive,0.1122,0.0823,1,0.0823,0,0,0,0
1fpguv3t969c1.webp,6,9,1,1,0.9287,adaptive,0.1227,0.0497,1,0.0497,0,0,0,0
1fpguv3t969c1.webp,7,1,3,3,0.9982,adaptive,0.1648,0.0806,1,0.0806,0,0,0,0
1fpguv3t969c1.webp,7,2,4,4,0.998,adaptive,0.1461,0.0758,1,0.0758,0,0,0,0
1fpguv3t969c1.webp,7,5,6,6,0.9822,adaptive,0.1483,0.0846,1,0.0846,0,0,0,0
1fpguv3t969c1.webp,7,6,1,1,0.9716,adaptive,0.1377,0.047,1,0.047,0,0,0,0
1fpguv3t969c1.webp,7,7,7,7,0.9991,adaptive,0.1305,0.0579,1,0.0579,0,0,0,0
1fpguv3t969c1.webp,7,8,9,9,0.9995,adaptive,0.1493,0.0853,1,0.0853,0,0,0,0
1fpguv3t969c1.webp,8,1,9,9,0.999,adaptive,0.1398,0.083,1,0.083,0,0,0,0
1fpguv3t969c1.webp,8,2,1,1,0.9461,adaptive,0.0813,0.0514,1,0.0514,0,0,0,0
1fpguv3t969c1.webp,8,3,2,2,0.9992,adaptive,0.1223,0.0787,1,0.0787,0,0,0,0
1fpguv3t969c1.webp,8,4,7,7,0.9989,adaptive,0.1144,0.0579,1,0.0579,0,0,0,0
1fpguv3t969c1.webp,8,5,3,3,0.9984,adaptive,0.1152,0.0854,1,0.0854,0,0,0,0
1fpguv3t969c1.webp,8,6,8,8,0.9986,adaptive,0.1522,0.0957,1,0.0957,0,0,0,0
1fpguv3t969c1.webp,8,7,5,5,0.9976,adaptive,0.0975,0.0825,1,0.0825,0,0,0,0
1fpguv3t969c1.webp,8,8,6,6,0.9795,adaptive,0.1354,0.0861,1,0.0861,0,0,0,0
1fpguv3t969c1.webp,8,9,4,4,0.9977,adaptive,0.1418,0.0778,1,0.0778,0,0,0,0
1fpguv3t969c1.webp,9,2,7,7,0.9988,adaptive,0.1169,0.0597,1,0.0597,0,0,0,0
1fpguv3t969c1.webp,9,3,6,6,0.9794,adaptive,0.1513,0.0844,1,0.0844,0,0,0,0
1fpguv3t969c1.webp,9,5,9,9,0.9995,adaptive,0.1547,0.0855,1,0.0855,0,0,0,0
1fpguv3t969c1.webp,9,7,1,1,0.9485,adaptive,0.1343,0.0501,1,0.0501,0,0,0,0
1fpguv3t969c1.webp,9,8,3,3,0.999,adaptive,0.1522,0.081,1,0.081,0,0,0,0
tayjwio31f0d1.webp,1,1,5,5,0.9974,adaptive,0.1749,0.0791,1,0.0791,0,0,0,0
tayjwio31f0d1.webp,1,2,8,8,0.9943,adaptive,0.1431,0.0868,1,0.0868,0,0,0,0
tayjwio31f0d1.webp,1,3,3,3,0.997,adaptive,0.1426,0.0713,1,0.0713,0,0,0,0
tayjwio31f0d1.webp,1,4,7,7,0.998,adaptive,0.1452,0.0503,1,0.0503,0,0,0,0
tayjwio31f0d1.webp,1,6,4,4,0.9971,adaptive,0.1423,0.0693,1,0.0693,0,0,0,0
tayjwio31f0d1.webp,1,7,1,1,0.9558,adaptive,0.1219,0.0399,1,0.0399,0,0,0,0
tayjwio31f0d1.webp,1,9,9,9,0.9969,adaptive,0.1706,0.0844,1,0.0844,0,0,0,0
tayjwio31f0d1.webp,2,4,5,5,0.9915,adaptive,0.1515,0.0803,1,0.0803,0,0,0,0
tayjwio31f0d1.webp,2,6,8,8,0.9981,adaptive,0.1445,0.0862,1,0.0862,0,0,0,0
tayjwio31f0d1.webp,2,7,3,3,0.9984,adaptive,0.1307,0.0733,1,0.0733,0,0,0,0
tayjwio31f0d1.webp,2,8,7,7,0.9981,adaptive,0.0817,0.0521,1,0.0521,0,0,0,0
tayjwio31f0d1.webp,2,9,4,4,0.9979,adaptive,0.1135,0.0687,1,0.0687,0,0,0,0
tayjwio31f0d1.webp,3,1,4,4,0.9977,adaptive,0.1058,0.0644,1,0.0644,0,0,0,0
tayjwio31f0d1.webp,3,3,7,7,0.9986,adaptive,0.0947,0.0512,1,0.0512,0,0,0,0
tayjwio31f0d1.webp,3,5,3,3,0.9963,adaptive,0.102,0.073,1,0.073,0,0,0,0
tayjwio31f0d1.webp,3,7,8,8,0.9918,adaptive,0.1412,0.0844,1,0.0844,0,0,0,0
tayjwio31f0d1.webp,3,9,5,5,0.9937,adaptive,0.1484,0.0773,1,0.0773,0,0,0,0
tayjwio31f0d1.webp,4,1,9,9,0.997,adaptive,0.1947,0.0822,1,0.0822,0,0,0,0
tayjwio31f0d1.webp,4,6,7,7,0.9986,adaptive,0.1519,0.0512,1,0.0512,0,0,0,0
tayjwio31f0d1.webp,4,8,5,5,0.9958,adaptive,0.1635,0.078,1,0.078,0,0,0,0
tayjwio31f0d1.webp,4,9,8,8,0.9957,adaptive,0.184,0.0831,1,0.0831,0,0,0,0
tayjwio31f0d1.webp,5,3,5,5,0.9959,adaptive,0.1357,0.0796,1,0.0796,0,0,0,0
tayjwio31f0d1.webp,5,4,6,6,0.9562,adaptive,0.1635,0.0823,1,0.0823,0,0,0,0
tayjwio31f0d1.webp,5,7,9,9,0.9982,adaptive,0.1524,0.0846,1,0.0846,0,0,0,0
tayjwio31f0d1.webp,5,8,1,1,0.958,adaptive,0.0833,0.0406,1,0.0406,0,0,0,0
tayjwio31f0d1.webp,5,9,7,7,0.9984,adaptive,0.1269,0.0516,1,0.0516,0,0,0,0
tayjwio31f0d1.webp,6,2,7,7,0.999,adaptive,0.095,0.0509,1,0.0509,0,0,0,0
tayjwio31f0d1.webp,6,8,3,3,0.9981,adaptive,0.1298,0.0719,1,0.0719,0,0,0,0
tayjwio31f0d1.webp,6,9,2,2,0.9994,adaptive,0.1557,0.0695,1,0.0695,0,0,0,0
tayjwio31f0d1.webp,7,1,3,3,0.9982,adaptive,0.1833,0.072,1,0.072,0,0,0,0
tayjwio31f0d1.webp,7,2,5,5,0.9972,adaptive,0.1513,0.0787,1,0.0787,0,0,0,0
tayjwio31f0d1.webp,7,3,4,4,0.9984,adaptive,0.1675,0.0682,1,0.0682,0,0,0,0
tayjwio31f0d1.webp,7,4,8,8,0.9958,adaptive,0.1867,0.0844,1,0.0844,0,0,0,0
tayjwio31f0d1.webp,7,5,7,7,0.9983,adaptive,0.1228,0.05,1,0.05,0,0,0,0
tayjwio31f0d1.webp,7,6,1,1,0.9588,adaptive,0.1524,0.0397,1,0.0397,0,0,0,0
tayjwio31f0d1.webp,7,7,2,2,0.9994,adaptive,0.1553,0.0682,1,0.0682,0,0,0,0
tayjwio31f0d1.webp,7,8,9,9,0.9978,adaptive,0.1705,0.0853,1,0.0853,0,0,0,0
tayjwio31f0d1.webp,7,9,6,6,0.9585,adaptive,0.1974,0.0835,1,0.0835,0,0,0,0
tayjwio31f0d1.webp,8,1,7,7,0.9987,adaptive,0.1379,0.052,1,0.052,0,0,0,0
tayjwio31f0d1.webp,8,3,2,2,0.999,adaptive,0.1486,0.0694,1,0.0694,0,0,0,0
tayjwio31f0d1.webp,8,7,5,5,0.9939,adaptive,0.1361,0.0778,1,0.0778,0,0,0,0
tayjwio31f0d1.webp,8,8,8,8,0.9989,adaptive,0.1458,0.0877,1,0.0877,0,0,0,0
tayjwio31f0d1.webp,8,9,1,1,0.9535,adaptive,0.1255,0.0393,1,0.0393,0,0,0,0
tayjwio31f0d1.webp,9,2,1,1,0.9164,adaptive,0.0975,0.0405,1,0.0405,0,0,0,0
tayjwio31f0d1.webp,9,4,2,2,0.9984,adaptive,0.1497,0.0668,1,0.0668,0,0,0,0
tayjwio31f0d1.webp,9,7,7,7,0.9985,adaptive,0.1194,0.0495,1,0.0495,0,0,0,0
tayjwio31f0d1.webp,9,8,4,4,0.9987,adaptive,0.1269,0.0692,1,0.0692,0,0,0,0
tayjwio31f0d1.webp,9,9,3,3,0.9984,adaptive,0.1711,0.0713,1,0.0713,0,0,0,0
cjfirkkia7fc1.webp,1,1,9,9,0.9833,adaptive,0.2321,0.1655,1,0.1655,0,0,0,0
cjfirkkia7fc1.webp,1,4,8,8,0.9061,adaptive,0.2713,0.1769,1,0.1769,0,0,0,0
cjfirkkia7fc1.webp,1,6,5,5,0.9982,adaptive,0.2299,0.1579,1,0.1579,0,0,0,0
cjfirkkia7fc1.webp,1,8,1,1,0.9789,adaptive,0.1431,0.1013,1,0.1013,0,0,0,0
cjfirkkia7fc1.webp,2,1,1,1,0.9674,adaptive,0.1531,0.1013,1,0.1013,0,0,0,0
cjfirkkia7fc1.webp,2,2,3,3,0.9931,adaptive,0.1839,0.1568,1,0.1568,0,0,0,0
cjfirkkia7fc1.webp,2,5,2,2,0.9306,adaptive,0.2156,0.1878,1,0.1878,0,0,0,0
cjfirkkia7fc1.webp,2,7,9,9,0.9765,adaptive,0.2033,0.1524,1,0.1524,0,0,0,0
cjfirkkia7fc1.webp,3,2,4,4,0.9882,adaptive,0.1888,0.1454,1,0.1454,0,0,0,0
cjfirkkia7fc1.webp,3,4,3,3,0.9954,adaptive,0.2359,0.1524,1,0.1524,0,0,0,0
cjfirkkia7fc1.webp,3,5,9,9,0.9841,adaptive,0.2123,0.168,1,0.168,0,0,0,0
cjfirkkia7fc1.webp,3,6,1,1,0.97,adaptive,0.1684,0.0998,1,0.0998,0,0,0,0
cjfirkkia7fc1.webp,4,2,7,0,0.9569,adaptive,0.036,0.0,0,0.0,0,0,0,0
cjfirkkia7fc1.webp,4,4,9,9,0.9808,adaptive,0.2377,0.155,1,0.155,0,0,0,0
cjfirkkia7fc1.webp,4,5,1,1,0.9406,adaptive,0.1542,0.0975,1,0.0975,0,0,0,0
cjfirkkia7fc1.webp,4,6,3,3,0.9964,adaptive,0.2234,0.1524,1,0.1524,0,0,0,0
cjfirkkia7fc1.webp,4,8,2,2,0.9563,adaptive,0.2402,0.1827,1,0.1827,0,0,0,0
cjfirkkia7fc1.webp,5,2,9,9,0.9853,adaptive,0.1935,0.1644,1,0.1644,0,0,0,0
cjfirkkia7fc1.webp,5,3,1,1,0.9784,adaptive,0.1483,0.1049,1,0.1049,0,0,0,0
cjfirkkia7fc1.webp,5,5,8,8,0.8675,adaptive,0.1954,0.1795,1,0.1795,0,0,0,0
cjfirkkia7fc1.webp,5,8,7,0,0.9569,adaptive,0.0,0.0,0,0.0,0,0,0,0
cjfirkkia7fc1.webp,6,1,3,3,0.9959,adaptive,0.2321,0.1524,1,0.1524,0,0,0,0
cjfirkkia7fc1.webp,6,2,8,8,0.9675,adaptive,0.2212,0.1775,1,0.1775,0,0,0,0
cjfirkkia7fc1.webp,6,3,2,2,0.9377,adaptive,0.2395,0.1804,1,0.1804,0,0,0,0
cjfirkkia7fc1.webp,6,5,7,7,0.6985,adaptive,0.0909,0.073,4,0.0262,1,0,0,1
cjfirkkia7fc1.webp,6,7,1,1,0.9696,adaptive,0.1967,0.1007,1,0.1007,0,0,0,0
cjfirkkia7fc1.webp,6,9,9,9,0.9837,adaptive,0.2361,0.1644,1,0.1644,0,0,0,0
cjfirkkia7fc1.webp,7,2,1,1,0.9311,adaptive,0.154,0.0968,1,0.0968,0,0,0,0
cjfirkkia7fc1.webp,7,3,3,3,0.9922,adaptive,0.2225,0.1484,1,0.1484,0,0,0,0
cjfirkkia7fc1.webp,7,5,5,5,0.997,adaptive,0.2171,0.1599,1,0.1599,0,0,0,0
cjfirkkia7fc1.webp,7,6,8,8,0.8244,adaptive,0.2488,0.1771,1,0.1771,0,0,0,0
cjfirkkia7fc1.webp,7,8,9,9,0.9829,adaptive,0.2108,0.1576,1,0.1576,0,0,0,0
cjfirkkia7fc1.webp,7,9,6,6,0.8939,adaptive,0.2339,0.1642,1,0.1642,0,0,0,0
cjfirkkia7fc1.webp,8,6,9,9,0.984,adaptive,0.2042,0.1685,1,0.1685,0,0,0,0
cjfirkkia7fc1.webp,8,7,5,5,0.9975,adaptive,0.2144,0.1583,1,0.1583,0,0,0,0
cjfirkkia7fc1.webp,8,8,3,3,0.9915,adaptive,0.1609,0.1504,1,0.1504,0,0,0,0
cjfirkkia7fc1.webp,8,9,1,1,0.9791,adaptive,0.1332,0.1033,1,0.1033,0,0,0,0
cjfirkkia7fc1.webp,9,2,5,5,0.9954,adaptive,0.1995,0.1556,1,0.1556,0,0,0,0
cjfirkkia7fc1.webp,9,3,9,9,0.9913,adaptive,0.2225,0.164,1,0.164,0,0,0,0
cjfirkkia7fc1.webp,9,4,1,1,0.9901,adaptive,0.1905,0.0978,1,0.0978,0,0,0,0
cjfirkkia7fc1.webp,9,5,3,3,0.9963,adaptive,0.1988,0.1545,1,0.1545,0,0,0,0
cjfirkkia7fc1.webp,9,7,4,4,0.983,adaptive,0.2183,0.1446,1,0.1446,0,0,0,0
cjfirkkia7fc1.webp,9,8,8,8,0.9813,adaptive,0.2114,0.1703,1,0.1703,0,0,0,0
nwx857mo030d1.webp,1,3,5,5,0.9985,adaptive,0.1686,0.0838,1,0.0838,0,0,0,0
nwx857mo030d1.webp,1,4,7,7,0.9992,adaptive,0.1468,0.063,1,0.063,0,0,0,0
nwx857mo030d1.webp,1,5,8,8,0.9816,adaptive,0.1759,0.0957,1,0.0957,0,0,0,0
nwx857mo030d1.webp,1,6,3,3,0.9991,adaptive,0.1664,0.0802,1,0.0802,0,0,0,0
nwx857mo030d1.webp,2,3,2,2,0.9967,adaptive,0.1588,0.0846,1,0.0846,0,0,0,0
nwx857mo030d1.webp,2,7,7,7,0.9983,adaptive,0.1468,0.0631,1,0.0631,0,0,0,0
nwx857mo030d1.webp,3,1,7,7,0.9983,adaptive,0.1593,0.0624,1,0.0624,0,0,0,0
nwx857mo030d1.webp,3,2,1,1,0.9964,adaptive,0.1309,0.059,1,0.059,0,0,0,0
nwx857mo030d1.webp,3,8,5,5,0.9989,adaptive,0.1583,0.0862,1,0.0862,0,0,0,0
nwx857mo030d1.webp,4,1,5,5,0.9989,adaptive,0.1824,0.0864,1,0.0864,0,0,0,0
nwx857mo030d1.webp,4,3,7,7,0.9988,adaptive,0.1486,0.0624,1,0.0624,0,0,0,0
nwx857mo030d1.webp,4,8,9,9,0.9969,adaptive,0.1624,0.0907,1,0.0907,0,0,0,0
nwx857mo030d1.webp,5,2,9,9,0.9945,adaptive,0.1632,0.0932,1,0.0932,0,0,0,0
nwx857mo030d1.webp,5,4,6,6,0.9622,adaptive,0.1746,0.0916,1,0.0916,0,0,0,0
nwx857mo030d1.webp,5,7,5,5,0.9975,adaptive,0.1818,0.0855,1,0.0855,0,0,0,0
nwx857mo030d1.webp,5,9,7,7,0.9983,adaptive,0.1637,0.0647,1,0.0647,0,0,0,0
nwx857mo030d1.webp,6,1,6,6,0.9256,adaptive,0.1858,0.0887,1,0.0887,0,0,0,0
nwx857mo030d1.webp,6,7,3,3,0.9981,adaptive,0.1796,0.0811,1,0.0811,0,0,0,0
nwx857mo030d1.webp,7,3,6,6,0.9176,adaptive,0.1735,0.088,1,0.088,0,0,0,0
nwx857mo030d1.webp,7,4,1,1,0.9955,adaptive,0.1441,0.0579,1,0.0579,0,0,0,0
nwx857mo030d1.webp,7,7,2,2,0.9977,adaptive,0.1882,0.0804,1,0.0804,0,0,0,0
nwx857mo030d1.webp,7,8,8,8,0.9879,adaptive,0.175,0.0954,1,0.0954,0,0,0,0
nwx857mo030d1.webp,8,2,7,7,0.9983,adaptive,0.1224,0.0638,1,0.0638,0,0,0,0
nwx857mo030d1.webp,8,4,9,9,0.9955,adaptive,0.164,0.0923,1,0.0923,0,0,0,0
nwx857mo030d1.webp,8,6,8,8,0.9753,adaptive,0.1703,0.0977,1,0.0977,0,0,0,0
nwx857mo030d1.webp,9,8,7,7,0.999,adaptive,0.1402,0.0633,1,0.0633,0,0,0,0
nwx857mo030d1.webp,9,9,1,1,0.9902,adaptive,0.1755,0.0617,1,0.0617,0,0,0,0
xaobe6n28i0d1.webp,1,1,0,0,0.9569,adaptive,0.0421,0.0,0,0.0,0,0,0,0
xaobe6n28i0d1.webp,1,2,0,0,0.9569,adaptive,0.0154,0.0,0,0.0,0,0,0,0
xaobe6n28i0d1.webp,1,3,6,6,0.9805,adaptive,0.139,0.0951,1,0.0951,0,0,0,0
xaobe6n28i0d1.webp,1,4,0,0,0.9569,adaptive,0.0443,0.0,0,0.0,0,0,0,0
xaobe6n28i0d1.webp,1,5,2,2,0.9944,adaptive,0.0991,0.0841,1,0.0841,0,0,0,0
xaobe6n28i0d1.webp,1,6,0,0,0.9569,adaptive,0.0443,0.0,0,0.0,0,0,0,0
xaobe6n28i0d1.webp,1,7,0,0,0.9569,adaptive,0.0437,0.0,0,0.0,0,0,0,0
xaobe6n28i0d1.webp,1,8,0,0,0.9569,adaptive,0.0152,0.0,0,0.0,0,0,0,0
xaobe6n28i0d1.webp,1,9,0,0,0.9569,adaptive,0.0441,0.0,0,0.0,0,0,0,0
xaobe6n28i0d1.webp,2,1,0,0,0.9569,adaptive,0.0154,0.0,0,0.0,0,0,0,0
xaobe6n28i0d1.webp,2,2,2,2,0.9939,adaptive,0.0872,0.087,1,0.087,0,0,0,0
xaobe6n28i0d1.webp,2,4,0,0,0.9569,adaptive,0.0303,0.0,0,0.0,0,0,0,0
xaobe6n28i0d1.webp,2,5,1,1,0.9924,adaptive,0.0613,0.0613,1,0.0613,0,0,0,0
xaobe6n28i0d1.webp,2,6,0,0,0.9569,adaptive,0.0301,0.0,0,0.0,0,0,0,0
xaobe6n28i0d1.webp,2,7,0,0,0.9569,adaptive,0.0299,0.0,0,0.0,0,0,0,0
xaobe6n28i0d1.webp,2,8,0,0,0.9569,adaptive,0.0002,0.0,0,0.0,0,0,0,0
xaobe6n28i0d1.webp,2,9,0,0,0.9569,adaptive,0.0301,0.0,0,0.0,0,0,0,0
xaobe6n28i0d1.webp,3,1,0,0,0.9569,adaptive,0.0437,0.0,0,0.0,0,0,0,0
xaobe6n28i0d1.webp,3,2,0,0,0.9569,adaptive,0.0299,0.0,0,0.0,0,0,0,0
xaobe6n28i0d1.webp,3,3,8,8,0.999,adaptive,0.1628,0.1051,1,0.1051,0,0,0,0
xaobe6n28i0d1.webp,3,4,5,5,0.9985,adaptive,0.1383,0.0806,1,0.0806,0,0,0,0
xaobe6n28i0d1.webp,3,5,0,0,0.9569,adaptive,0.0299,0.0,0,0.0,0,0,0,0
xaobe6n28i0d1.webp,3,6,9,9,0.9994,adaptive,0.1539,0.0962,1,0.0962,0,0,0,0
xaobe6n28i0d1.webp,3,7,0,0,0.9569,adaptive,0.0577,0.0,0,0.0,0,0,0,0
xaobe6n28i0d1.webp,3,8,0,0,0.9569,adaptive,0.0299,0.0,0,0.0,0,0,0,0
xaobe6n28i0d1.webp,3,9,6,6,0.9696,adaptive,0.1533,0.0956,1,0.0956,0,0,0,0
xaobe6n28i0d1.webp,4,1,3,3,0.9989,adaptive,0.1205,0.0764,1,0.0764,0,0,0,0
xaobe6n28i0d1.webp,4,2,0,0,0.9569,adaptive,0.0301,0.0,0,0.0,0,0,0,0
xaobe6n28i0d1.webp,4,3,0,0,0.9569,adaptive,0.0579,0.0,0,0.0,0,0,0,0
xaobe6n28i0d1.webp,4,4,0,0,0.9569,adaptive,0.0581,0.0,0,0.0,0,0,0,0
xaobe6n28i0d1.webp,4,5,0,0,0.9569,adaptive,0.0299,0.0,0,0.0,0,0,0,0
xaobe6n28i0d1.webp,4,6,0,0,0.9569,adaptive,0.0584,0.0,0,0.0,0,0,0,0
xaobe6n28i0d1.webp,4,7,0,0,0.9569,adaptive,0.0575,0.0,0,0.0,0,0,0,0
xaobe6n28i0d1.webp,4,8,2,2,0.9882,adaptive,0.1176,0.0875,1,0.0875,0,0,0,0
xaobe6n28i0d1.webp,4,9,7,7,0.9988,adaptive,0.1261,0.0677,1,0.0677,0,0,0,0
xaobe6n28i0d1.webp,5,1,0,0,0.9569,adaptive,0.0149,0.0,0,0.0,0,0,0,0
xaobe6n28i0d1.webp,5,2,5,5,0.9974,adaptive,0.0824,0.0824,1,0.0824,0,0,0,0
xaobe6n28i0d1.webp,5,3,4,4,0.9419,adaptive,0.1033,0.0735,1,0.0735,0,0,0,0
xaobe6n28i0d1.webp,5,4,0,0,0.9569,adaptive,0.0299,0.0,0,0.0,0,0,0,0
xaobe6n28i0d1.webp,5,5,0,0,0.9569,adaptive,0.0,0.0,0,0.0,0,0,0,0
xaobe6n28i0d1.webp,5,7,0,0,0.9569,adaptive,0.0299,0.0,0,0.0,0,0,0,0
xaobe6n28i0d1.webp,5,8,0,0,0.9569,adaptive,0.0,0.0,0,0.0,0,0,0,0
xaobe6n28i0d1.webp,5,9,3,3,0.9974,adaptive,0.1076,0.0778,1,0.0778,0,0,0,0
xaobe6n28i0d1.webp,6,1,0,0,0.9569,adaptive,0.0441,0.0,0,0.0,0,0,0,0
xaobe6n28i0d1.webp,6,2,8,8,0.9992,adaptive,0.1357,0.1056,1,0.1056,0,0,0,0
xaobe6n28i0d1.webp,6,3,0,0,0.9569,adaptive,0.0579,0.0,0,0.0,0,0,0,0
xaobe6n28i0d1.webp,6,5,0,0,0.9569,adaptive,0.0301,0.0,0,0.0,0,0,0,0
xaobe6n28i0d1.webp,6,6,0,0,0.9569,adaptive,0.0588,0.0,0,0.0,0,0,0,0
xaobe6n28i0d1.webp,6,7,0,0,0.9569,adaptive,0.0584,0.0,0,0.0,0,0,0,0
xaobe6n28i0d1.webp,6,8,0,0,0.9569,adaptive,0.0301,0.0,0,0.0,0,0,0,0
xaobe6n28i0d1.webp,6,9,4,4,0.9646,adaptive,0.1334,0.0748,1,0.0748,0,0,0,0
xaobe6n28i0d1.webp,7,1,0,0,0.9569,adaptive,0.0441,0.0,0,0.0,0,0,0,0
xaobe6n28i0d1.webp,7,2,0,0,0.9569,adaptive,0.0301,0.0,0,0.0,0,0,0,0
xaobe6n28i0d1.webp,7,3,0,0,0.9569,adaptive,0.0575,0.0,0,0.0,0,0,0,0
xaobe6n28i0d1.webp,7,4,4,4,0.9242,adaptive,0.1339,0.0764,1,0.0764,0,0,0,0
xaobe6n28i0d1.webp,7,5,0,0,0.9569,adaptive,0.0299,0.0,0,0.0,0,0,0,0
xaobe6n28i0d1.webp,7,6,0,0,0.9569,adaptive,0.0579,0.0,0,0.0,0,0,0,0
xaobe6n28i0d1.webp,7,7,0,0,0.9569,adaptive,0.0573,0.0,0,0.0,0,0,0,0
xaobe6n28i0d1.webp,7,8,3,3,0.9971,adaptive,0.1083,0.0785,1,0.0785,0,0,0,0
xaobe6n28i0d1.webp,7,9,0,0,0.9569,adaptive,0.0577,0.0,0,0.0,0,0,0,0
xaobe6n28i0d1.webp,8,1,0,0,0.9569,adaptive,0.0154,0.0,0,0.0,0,0,0,0
xaobe6n28i0d1.webp,8,2,1,1,0.9952,adaptive,0.0634,0.0629,1,0.0629,0,0,0,0
xaobe6n28i0d1.webp,8,3,0,0,0.9569,adaptive,0.0299,0.0,0,0.0,0,0,0,0
xaobe6n28i0d1.webp,8,4,0,0,0.9569,adaptive,0.0301,0.0,0,0.0,0,0,0,0
xaobe6n28i0d1.webp,8,5,0,0,0.9569,adaptive,0.0,0.0,0,0.0,0,0,0,0
xaobe6n28i0d1.webp,8,6,0,0,0.9569,adaptive,0.0301,0.0,0,0.0,0,0,0,0
xaobe6n28i0d1.webp,8,7,0,0,0.9569,adaptive,0.0299,0.0,0,0.0,0,0,0,0
xaobe6n28i0d1.webp,8,8,7,7,0.999,adaptive,0.0689,0.0686,1,0.0686,0,0,0,0
xaobe6n28i0d1.webp,8,9,0,0,0.9569,adaptive,0.0303,0.0,0,0.0,0,0,0,0
xaobe6n28i0d1.webp,9,1,0,0,0.9569,adaptive,0.0439,0.0,0,0.0,0,0,0,0
xaobe6n28i0d1.webp,9,2,0,0,0.9569,adaptive,0.0301,0.0,0,0.0,0,0,0,0
xaobe6n28i0d1.webp,9,3,0,0,0.9569,adaptive,0.0584,0.0,0,0.0,0,0,0,0
xaobe6n28i0d1.webp,9,4,0,0,0.9569,adaptive,0.0584,0.0,0,0.0,0,0,0,0
xaobe6n28i0d1.webp,9,5,0,0,0.9569,adaptive,0.0299,0.0,0,0.0,0,0,0,0
xaobe6n28i0d1.webp,9,6,8,8,0.9992,adaptive,0.1631,0.1045,1,0.1045,0,0,0,0
xaobe6n28i0d1.webp,9,7,6,6,0.9849,adaptive,0.153,0.0949,1,0.0949,0,0,0,0
xaobe6n28i0d1.webp,9,8,0,0,0.9569,adaptive,0.0301,0.0,0,0.0,0,0,0,0
xaobe6n28i0d1.webp,9,9,0,0,0.9569,adaptive,0.0584,0.0,0,0.0,0,0,0,0
tkc715v5py0d1.webp,1,1,0,0,0.9569,adaptive,0.1283,0.0,0,0.0,0,0,0,0
tkc715v5py0d1.webp,1,2,0,0,0.9569,adaptive,0.1382,0.0,0,0.0,0,0,0,0
tkc715v5py0d1.webp,1,3,1,1,0.9855,adaptive,0.2054,0.045,1,0.045,0,0,0,0
tkc715v5py0d1.webp,1,4,0,0,0.9569,adaptive,0.1793,0.0,0,0.0,0,0,0,0
tkc715v5py0d1.webp,1,5,0,0,0.9569,adaptive,0.1488,0.0,0,0.0,0,0,0,0
tkc715v5py0d1.webp,1,6,8,8,0.9908,adaptive,0.2689,0.0907,2,0.0907,0,1,0,0
tkc715v5py0d1.webp,1,7,0,0,0.9569,adaptive,0.1468,0.0,1,0.0,0,1,0,0
tkc715v5py0d1.webp,1,8,2,2,0.9992,adaptive,0.227,0.0814,2,0.0814,0,1,0,0
tkc715v5py0d1.webp,1,9,0,0,0.9569,adaptive,0.2043,0.0,1,0.0,0,1,0,0
tkc715v5py0d1.webp,2,1,9,9,0.9932,adaptive,0.2241,0.0882,2,0.0882,1,0,0,0
tkc715v5py0d1.webp,2,2,0,0,0.9569,adaptive,0.1566,0.0,1,0.0,1,0,0,0
tkc715v5py0d1.webp,2,3,0,0,0.9569,adaptive,0.1759,0.0,0,0.0,0,0,0,0
tkc715v5py0d1.webp,2,4,0,0,0.9569,adaptive,0.1913,0.0,0,0.0,0,0,0,0
tkc715v5py0d1.webp,2,5,0,0,0.9569,adaptive,0.1563,0.0,2,0.0,2,0,0,0
tkc715v5py0d1.webp,2,6,0,0,0.9569,adaptive,0.1554,0.0,1,0.0,0,1,0,0
tkc715v5py0d1.webp,2,7,0,0,0.9569,adaptive,0.1619,0.0,1,0.0,0,1,0,0
tkc715v5py0d1.webp,2,8,0,0,0.9569,adaptive,0.1678,0.0,2,0.0,1,1,0,0
tkc715v5py0d1.webp,2,9,0,0,0.9569,adaptive,0.2028,0.0,4,0.0,3,1,0,0
tkc715v5py0d1.webp,3,1,0,0,0.9569,adaptive,0.1782,0.0,2,0.0,2,0,0,0
tkc715v5py0d1.webp,3,2,5,5,0.9982,adaptive,0.2707,0.081,1,0.081,0,0,0,0
tkc715v5py0d1.webp,3,3,0,0,0.9569,adaptive,0.1922,0.0,2,0.0,2,0,0,0
tkc715v5py0d1.webp,3,4,0,0,0.9569,adaptive,0.192,0.0,1,0.0,1,0,0,0
tkc715v5py0d1.webp,3,5,0,0,0.9569,adaptive,0.1682,0.0,1,0.0,1,0,0,0
tkc715v5py0d1.webp,3,6,4,4,0.9977,adaptive,0.2125,0.0684,3,0.0684,1,1,0,0
tkc715v5py0d1.webp,3,7,8,8,0.9926,adaptive,0.2508,0.0938,2,0.0938,0,1,0,0
tkc715v5py0d1.webp,3,8,0,0,0.9569,adaptive,0.1594,0.0,5,0.0,3,2,0,0
tkc715v5py0d1.webp,3,9,0,0,0.9569,adaptive,0.1419,0.0,2,0.0,0,2,0,0
tkc715v5py0d1.webp,4,1,8,8,0.9952,adaptive,0.2709,0.0896,1,0.0896,0,0,0,0
tkc715v5py0d1.webp,4,2,0,0,0.9569,adaptive,0.1834,0.0,0,0.0,0,0,0,0
tkc715v5py0d1.webp,4,3,0,0,0.9569,adaptive,0.2003,0.0,2,0.0,2,0,0,0
tkc715v5py0d1.webp,4,4,0,0,0.9569,adaptive,0.2143,0.0,1,0.0,1,0,0,0
tkc715v5py0d1.webp,4,5,9,9,0.9936,adaptive,0.2659,0.0875,1,0.0875,0,0,0,0
tkc715v5py0d1.webp,4,6,0,0,0.9569,adaptive,0.1544,0.0,1,0.0,0,1,0,0
tkc715v5py0d1.webp,4,7,0,0,0.9569,adaptive,0.1798,0.0,1,0.0,0,1,0,0
tkc715v5py0d1.webp,4,8,5,5,0.9971,adaptive,0.244,0.085,1,0.085,0,0,0,0
tkc715v5py0d1.webp,4,9,0,0,0.9569,adaptive,0.141,0.0,1,0.0,1,0,0,0
tkc715v5py0d1.webp,5,1,0,0,0.9569,adaptive,0.1517,0.0,0,0.0,0,0,0,0
tkc715v5py0d1.webp,5,2,6,6,0.9704,adaptive,0.2296,0.0882,2,0.0882,1,0,0,0
tkc715v5py0d1.webp,5,3,0,0,0.9569,adaptive,0.1538,0.0,1,0.0,1,0,0,0
tkc715v5py0d1.webp,5,4,2,2,0.9982,adaptive,0.2614,0.0819,2,0.0819,1,0,0,0
tkc715v5py0d1.webp,5,5,0,0,0.9569,adaptive,0.1309,0.0,3,0.0,3,0,0,0
tkc715v5py0d1.webp,5,6,0,0,0.9569,adaptive,0.1262,0.0,6,0.0,5,1,0,0
tkc715v5py0d1.webp,5,7,0,0,0.9569,adaptive,0.1511,0.0,10,0.0,10,0,0,0
tkc715v5py0d1.webp,5,8,0,0,0.9569,adaptive,0.1299,0.0,6,0.0,6,0,0,0
tkc715v5py0d1.webp,5,9,7,7,0.9994,adaptive,0.1829,0.0615,1,0.0615,0,0,0,0
tkc715v5py0d1.webp,6,1,0,0,0.9569,adaptive,0.143,0.0,3,0.0,3,0,0,0
tkc715v5py0d1.webp,6,2,0,0,0.9569,adaptive,0.1298,0.0,0,0.0,0,0,0,0
tkc715v5py0d1.webp,6,3,0,0,0.9569,adaptive,0.1499,0.0,3,0.0082,2,0,0,0
tkc715v5py0d1.webp,6,4,0,0,0.9569,adaptive,0.1771,0.0,2,0.0,1,1,0,0
tkc715v5py0d1.webp,6,5,4,4,0.9973,adaptive,0.201,0.0706,3,0.0706,1,1,0,0
tkc715v5py0d1.webp,6,6,6,5,0.5869,adaptive,0.219,0.096,5,0.0898,2,1,0,0
tkc715v5py0d1.webp,6,7,0,0,0.9569,adaptive,0.1464,0.0,5,0.0,5,0,0,0
tkc715v5py0d1.webp,6,8,9,9,0.9958,adaptive,0.2137,0.0952,1,0.0952,0,0,0,0
tkc715v5py0d1.webp,6,9,0,0,0.9569,adaptive,0.1281,0.0,2,0.0,2,0,0,0
tkc715v5py0d1.webp,7,1,7,7,0.9992,adaptive,0.2401,0.0568,1,0.0568,0,0,0,0
tkc715v5py0d1.webp,7,2,3,3,0.9859,adaptive,0.2481,0.0834,1,0.0834,0,0,0,0
tkc715v5py0d1.webp,7,3,0,0,0.9569,adaptive,0.1691,0.0,0,0.0,0,0,0,0
tkc715v5py0d1.webp,7,4,0,0,0.9569,adaptive,0.1831,0.0,4,0.0,4,0,0,0
tkc715v5py0d1.webp,7,5,0,0,0.9569,adaptive,0.1583,0.0,1,0.0,1,0,0,0
tkc715v5py0d1.webp,7,6,0,0,0.9569,adaptive,0.1484,0.0,5,0.0,4,1,0,0
tkc715v5py0d1.webp,7,7,0,0,0.9569,adaptive,0.1724,0.0,2,0.0,2,0,0,0
tkc715v5py0d1.webp,7,8,4,4,0.9944,adaptive,0.2325,0.073,2,0.073,1,0,0,0
tkc715v5py0d1.webp,7,9,5,5,0.9976,adaptive,0.2528,0.0849,1,0.0849,0,0,0,0
tkc715v5py0d1.webp,8,1,1,1,0.9858,adaptive,0.1945,0.0427,1,0.0427,0,0,0,0
tkc715v5py0d1.webp,8,2,0,0,0.9569,adaptive,0.1414,0.0,1,0.0,1,0,0,0
tkc715v5py0d1.webp,8,3,0,0,0.9569,adaptive,0.1368,0.0,1,0.0,1,0,0,0
tkc715v5py0d1.webp,8,4,0,0,0.9569,adaptive,0.1517,0.0,2,0.0,2,0,0,0
tkc715v5py0d1.webp,8,5,0,0,0.9569,adaptive,0.1196,0.0,4,0.0,4,0,0,0
tkc715v5py0d1.webp,8,6,2,2,0.9983,adaptive,0.1945,0.085,3,0.085,1,1,0,0
tkc715v5py0d1.webp,8,7,0,0,0.9569,adaptive,0.1486,0.0,7,0.0,7,0,0,0
tkc715v5py0d1.webp,8,8,0,0,0.9569,adaptive,0.1309,0.0,6,0.0,6,0,0,0
tkc715v5py0d1.webp,8,9,6,6,0.8584,adaptive,0.2304,0.0932,2,0.0932,1,0,0,0
tkc715v5py0d1.webp,9,1,2,2,0.9991,adaptive,0.2141,0.078,1,0.078,0,0,0,0
tkc715v5py0d1.webp,9,2,0,0,0.9569,adaptive,0.1425,0.0,0,0.0,0,0,0,0
tkc715v5py0d1.webp,9,3,0,0,0.9569,adaptive,0.1448,0.0,0,0.0,0,0,0,0
tkc715v5py0d1.webp,9,4,0,0,0.9569,adaptive,0.1622,0.0,3,0.0,3,0,0,0
tkc715v5py0d1.webp,9,5,0,0,0.9569,adaptive,0.1296,0.0,1,0.0,1,0,0,0
tkc715v5py0d1.webp,9,6,0,0,0.9569,adaptive,0.1303,0.0,2,0.0,1,1,0,0
tkc715v5py0d1.webp,9,7,7,7,0.9993,adaptive,0.229,0.0573,3,0.0573,2,0,0,0
tkc715v5py0d1.webp,9,8,0,5,0.4863,adaptive,0.1915,0.0321,8,0.0321,6,0,0,1
tkc715v5py0d1.webp,9,9,1,5,0.401,adaptive,0.1809,0.0561,2,0.043,0,0,0,0
gqx094yuu3ec1.webp,1,1,0,0,0.9569,adaptive,0.0679,0.0,0,0.0,0,0,0,0
gqx094yuu3ec1.webp,1,2,0,0,0.9569,adaptive,0.0301,0.0,0,0.0,0,0,0,0
gqx094yuu3ec1.webp,1,3,1,1,0.9946,adaptive,0.1256,0.0677,1,0.0677,0,0,0,0
gqx094yuu3ec1.webp,1,4,6,6,0.9851,adaptive,0.1571,0.0996,1,0.0996,0,0,0,0
gqx094yuu3ec1.webp,1,5,2,2,0.9935,adaptive,0.1194,0.0893,1,0.0893,0,0,0,0
gqx094yuu3ec1.webp,1,6,8,8,0.9988,adaptive,0.1669,0.1085,1,0.1085,0,0,0,0
gqx094yuu3ec1.webp,1,7,3,3,0.9987,adaptive,0.125,0.0809,1,0.0809,0,0,0,0
gqx094yuu3ec1.webp,1,8,0,0,0.9569,adaptive,0.0305,0.0,0,0.0,0,0,0,0
gqx094yuu3ec1.webp,1,9,0,0,0.9569,adaptive,0.0579,0.0,0,0.0,0,0,0,0
gqx094yuu3ec1.webp,2,1,0,0,0.9569,adaptive,0.0423,0.0,0,0.0,0,0,0,0
gqx094yuu3ec1.webp,2,2,0,0,0.9569,adaptive,0.0002,0.0,0,0.0,0,0,0,0
gqx094yuu3ec1.webp,2,3,9,9,0.9995,adaptive,0.1307,0.1004,1,0.1004,0,0,0,0
gqx094yuu3ec1.webp,2,4,0,0,0.9569,adaptive,0.0305,0.0,0,0.0,0,0,0,0
gqx094yuu3ec1.webp,2,5,0,0,0.9569,adaptive,0.0005,0.0,0,0.0,0,0,0,0
gqx094yuu3ec1.webp,2,6,0,0,0.9569,adaptive,0.0303,0.0,0,0.0,0,0,0,0
gqx094yuu3ec1.webp,2,7,6,6,0.9603,adaptive,0.118,0.1022,1,0.1022,0,0,0,0
gqx094yuu3ec1.webp,2,8,1,1,0.9963,adaptive,0.0792,0.068,1,0.068,0,0,0,0
gqx094yuu3ec1.webp,2,9,0,0,0.9569,adaptive,0.0299,0.0,0,0.0,0,0,0,0
gqx094yuu3ec1.webp,3,1,0,0,0.9569,adaptive,0.0668,0.0,0,0.0,0,0,0,0
gqx094yuu3ec1.webp,3,2,3,3,0.9975,adaptive,0.1115,0.0814,1,0.0814,0,0,0,0
gqx094yuu3ec1.webp,3,3,0,0,0.9569,adaptive,0.0579,0.0,0,0.0,0,0,0,0
gqx094yuu3ec1.webp,3,4,0,0,0.9569,adaptive,0.0581,0.0,0,0.0,0,0,0,0
gqx094yuu3ec1.webp,3,5,0,0,0.9569,adaptive,0.0301,0.0,0,0.0,0,0,0,0
gqx094yuu3ec1.webp,3,6,5,5,0.9981,adaptive,0.1412,0.0829,1,0.0829,0,0,0,0
gqx094yuu3ec1.webp,3,7,0,0,0.9569,adaptive,0.0446,0.0,0,0.0,0,0,0,0
gqx094yuu3ec1.webp,3,8,8,8,0.9992,adaptive,0.1474,0.1072,1,0.1072,0,0,0,0
gqx094yuu3ec1.webp,3,9,0,0,0.9569,adaptive,0.0584,0.0,0,0.0,0,0,0,0
gqx094yuu3ec1.webp,4,1,0,0,0.9569,adaptive,0.0679,0.0,0,0.0,0,0,0,0
gqx094yuu3ec1.webp,4,2,6,6,0.9882,adaptive,0.1323,0.1018,1,0.1018,0,0,0,0
gqx094yuu3ec1.webp,4,3,0,0,0.9569,adaptive,0.0581,0.0,0,0.0,0,0,0,0
gqx094yuu3ec1.webp,4,4,0,0,0.9569,adaptive,0.0575,0.0,0,0.0,0,0,0,0
gqx094yuu3ec1.webp,4,5,0,0,0.9569,adaptive,0.0303,0.0,0,0.0,0,0,0,0
gqx094yuu3ec1.webp,4,6,1,1,0.9937,adaptive,0.1247,0.0668,1,0.0668,0,0,0,0
gqx094yuu3ec1.webp,4,7,0,0,0.9569,adaptive,0.0441,0.0,0,0.0,0,0,0,0
gqx094yuu3ec1.webp,4,8,4,4,0.8949,adaptive,0.1221,0.0807,1,0.0807,0,0,0,0
gqx094yuu3ec1.webp,4,9,0,0,0.9569,adaptive,0.0577,0.0,0,0.0,0,0,0,0
gqx094yuu3ec1.webp,5,1,0,0,0.9569,adaptive,0.0314,0.0,0,0.0,0,0,0,0
gqx094yuu3ec1.webp,5,2,7,7,0.9984,adaptive,0.0753,0.0751,1,0.0751,0,0,0,0
gqx094yuu3ec1.webp,5,3,0,0,0.9569,adaptive,0.0301,0.0,0,0.0,0,0,0,0
gqx094yuu3ec1.webp,5,4,0,0,0.9569,adaptive,0.0305,0.0,0,0.0,0,0,0,0
gqx094yuu3ec1.webp,5,5,6,6,0.9743,adaptive,0.104,0.1038,1,0.1038,0,0,0,0
gqx094yuu3ec1.webp,5,6,0,0,0.9569,adaptive,0.0301,0.0,0,0.0,0,0,0,0
gqx094yuu3ec1.webp,5,7,0,0,0.9569,adaptive,0.0154,0.0,0,0.0,0,0,0,0
gqx094yuu3ec1.webp,5,8,3,3,0.9983,adaptive,0.0953,0.0831,1,0.0831,0,0,0,0
gqx094yuu3ec1.webp,5,9,0,0,0.9569,adaptive,0.0299,0.0,0,0.0,0,0,0,0
gqx094yuu3ec1.webp,6,1,0,0,0.9569,adaptive,0.0586,0.0,0,0.0,0,0,0,0
gqx094yuu3ec1.webp,6,2,4,4,0.913,adaptive,0.1113,0.0812,1,0.0812,0,0,0,0
gqx094yuu3ec1.webp,6,3,0,0,0.9569,adaptive,0.0586,0.0,0,0.0,0,0,0,0
gqx094yuu3ec1.webp,6,4,0,0,0.9569,adaptive,0.0579,0.0,0,0.0,0,0,0,0
gqx094yuu3ec1.webp,6,5,8,8,0.9993,adaptive,0.1377,0.1076,1,0.1076,0,0,0,0
gqx094yuu3ec1.webp,6,6,0,0,0.9569,adaptive,0.0588,0.0,0,0.0,0,0,0,0
gqx094yuu3ec1.webp,6,7,0,0,0.9569,adaptive,0.0441,0.0,0,0.0,0,0,0,0
gqx094yuu3ec1.webp,6,8,9,9,0.9996,adaptive,0.1418,0.1004,1,0.1004,0,0,0,0
gqx094yuu3ec1.webp,6,9,0,0,0.9569,adaptive,0.0588,0.0,0,0.0,0,0,0,0
gqx094yuu3ec1.webp,7,1,0,0,0.9569,adaptive,0.0666,0.0,0,0.0,0,0,0,0
gqx094yuu3ec1.webp,7,2,8,8,0.9985,adaptive,0.1416,0.1117,1,0.1117,0,0,0,0
gqx094yuu3ec1.webp,7,3,0,0,0.9569,adaptive,0.0561,0.0,0,0.0,0,0,0,0
gqx094yuu3ec1.webp,7,4,2,2,0.9894,adaptive,0.139,0.0884,1,0.0884,0,0,0,0
gqx094yuu3ec1.webp,7,5,0,0,0.9569,adaptive,0.0161,0.0,0,0.0,0,0,0,0
gqx094yuu3ec1.webp,7,6,0,0,0.9569,adaptive,0.0443,0.0,0,0.0,0,0,0,0
gqx094yuu3ec1.webp,7,7,0,0,0.9569,adaptive,0.0307,0.0,0,0.0,0,0,0,0
gqx094yuu3ec1.webp,7,8,6,6,0.9875,adaptive,0.1176,0.1015,1,0.1015,0,0,0,0
gqx094yuu3ec1.webp,7,9,0,0,0.9569,adaptive,0.0437,0.0,0,0.0,0,0,0,0
gqx094yuu3ec1.webp,8,1,0,0,0.9569,adaptive,0.0421,0.0,0,0.0,0,0,0,0
gqx094yuu3ec1.webp,8,2,9,9,0.9991,adaptive,0.1028,0.1024,1,0.1024,0,0,0,0
gqx094yuu3ec1.webp,8,3,2,2,0.9878,adaptive,0.1192,0.0886,1,0.0886,0,0,0,0
gqx094yuu3ec1.webp,8,4,0,0,0.9569,adaptive,0.0308,0.0,0,0.0,0,0,0,0
gqx094yuu3ec1.webp,8,5,0,0,0.9569,adaptive,0.0009,0.0,0,0.0,0,0,0,0
gqx094yuu3ec1.webp,8,6,0,0,0.9569,adaptive,0.0301,0.0,0,0.0,0,0,0,0
gqx094yuu3ec1.webp,8,7,7,7,0.9994,adaptive,0.0891,0.073,1,0.073,0,0,0,0
gqx094yuu3ec1.webp,8,8,0,0,0.9569,adaptive,0.0014,0.0,0,0.0,0,0,0,0
gqx094yuu3ec1.webp,8,9,0,0,0.9569,adaptive,0.0301,0.0,0,0.0,0,0,0,0
gqx094yuu3ec1.webp,9,1,0,0,0.9569,adaptive,0.059,0.0,0,0.0,0,0,0,0
gqx094yuu3ec1.webp,9,2,0,0,0.9569,adaptive,0.0299,0.0,0,0.0,0,0,0,0
gqx094yuu3ec1.webp,9,3,6,6,0.9759,adaptive,0.1575,0.0991,1,0.0991,0,0,0,0
gqx094yuu3ec1.webp,9,4,9,9,0.9992,adaptive,0.1566,0.0989,1,0.0989,0,0,0,0
gqx094yuu3ec1.webp,9,5,7,7,0.9984,adaptive,0.1004,0.0706,1,0.0706,0,0,0,0
gqx094yuu3ec1.webp,9,6,4,4,0.9352,adaptive,0.1377,0.0789,1,0.0789,0,0,0,0
gqx094yuu3ec1.webp,9,7,0,0,0.9569,adaptive,0.0443,0.0,0,0.0,0,0,0,0
gqx094yuu3ec1.webp,9,8,0,0,0.9569,adaptive,0.036,0.0,0,0.0,0,0,0,0
gqx094yuu3ec1.webp,9,9,0,0,0.9569,adaptive,0.072,0.0,0,0.0,0,0,0,0
14cjfxivj70d1.webp,1,1,5,5,0.9985,adaptive,0.1247,0.0555,1,0.0555,0,0,0,0
14cjfxivj70d1.webp,1,3,8,8,0.9988,adaptive,0.1486,0.0675,1,0.0675,0,0,0,0
14cjfxivj70d1.webp,1,5,3,3,0.9984,adaptive,0.1033,0.0536,1,0.0536,0,0,0,0
14cjfxivj70d1.webp,1,9,1,1,0.9946,adaptive,0.096,0.0388,1,0.0388,0,0,0,0
14cjfxivj70d1.webp,2,1,6,6,0.9664,adaptive,0.0954,0.0604,1,0.0604,0,0,0,0
14cjfxivj70d1.webp,2,3,3,3,0.9976,adaptive,0.0972,0.0531,1,0.0531,0,0,0,0
14cjfxivj70d1.webp,2,5,1,1,0.996,adaptive,0.0533,0.0402,1,0.0402,0,0,0,0
14cjfxivj70d1.webp,2,8,4,4,0.9569,adaptive,0.0686,0.0535,1,0.0535,0,0,0,0
14cjfxivj70d1.webp,3,2,1,1,0.9905,adaptive,0.088,0.0432,1,0.0432,0,0,0,0
14cjfxivj70d1.webp,3,6,2,2,0.9965,adaptive,0.1207,0.0503,1,0.0503,0,0,0,0
14cjfxivj70d1.webp,3,8,8,8,0.9983,adaptive,0.1257,0.0692,1,0.0692,0,0,0,0
14cjfxivj70d1.webp,4,4,3,3,0.9985,adaptive,0.1087,0.0526,1,0.0526,0,0,0,0
14cjfxivj70d1.webp,4,5,5,5,0.9963,adaptive,0.0938,0.0525,1,0.0525,0,0,0,0
14cjfxivj70d1.webp,4,8,1,1,0.996,adaptive,0.0819,0.0391,1,0.0391,0,0,0,0
14cjfxivj70d1.webp,5,4,6,6,0.9796,adaptive,0.1033,0.0611,1,0.0611,0,0,0,0
14cjfxivj70d1.webp,5,7,7,7,0.9988,adaptive,0.0868,0.0445,1,0.0445,0,0,0,0
14cjfxivj70d1.webp,5,9,5,5,0.9986,adaptive,0.0991,0.0561,1,0.0561,0,0,0,0
14cjfxivj70d1.webp,6,4,1,1,0.9955,adaptive,0.0956,0.0383,1,0.0383,0,0,0,0
14cjfxivj70d1.webp,6,7,8,8,0.9981,adaptive,0.125,0.0679,1,0.0679,0,0,0,0
14cjfxivj70d1.webp,6,9,4,4,0.8948,adaptive,0.1087,0.0508,1,0.0508,0,0,0,0
14cjfxivj70d1.webp,7,2,6,6,0.975,adaptive,0.1047,0.0604,1,0.0604,0,0,0,0
14cjfxivj70d1.webp,7,4,2,2,0.9981,adaptive,0.1172,0.0501,1,0.0501,0,0,0,0
14cjfxivj70d1.webp,7,5,4,4,0.9843,adaptive,0.0986,0.0511,1,0.0511,0,0,0,0
14cjfxivj70d1.webp,7,9,8,8,0.9944,adaptive,0.1341,0.0655,1,0.0655,0,0,0,0
14cjfxivj70d1.webp,8,1,2,2,0.9922,adaptive,0.1067,0.0498,1,0.0498,0,0,0,0
14cjfxivj70d1.webp,8,7,1,1,0.9923,adaptive,0.0805,0.0375,1,0.0375,0,0,0,0
14cjfxivj70d1.webp,9,2,8,8,0.9972,adaptive,0.0966,0.0667,1,0.0667,0,0,0,0
14cjfxivj70d1.webp,9,6,1,1,0.9944,adaptive,0.0994,0.041,1,0.041,0,0,0,0
14cjfxivj70d1.webp,9,7,4,4,0.9503,adaptive,0.1072,0.0506,1,0.0506,0,0,0,0
14cjfxivj70d1.webp,9,8,2,2,0.995,adaptive,0.095,0.0518,1,0.0518,0,0,0,0
6v28vzk9rv8c1.webp,1,1,2,2,0.9991,adaptive,0.1539,0.0708,1,0.0708,0,0,0,0
6v28vzk9rv8c1.webp,1,4,7,7,0.999,adaptive,0.1339,0.0503,1,0.0503,0,0,0,0
6v28vzk9rv8c1.webp,1,5,9,9,0.9968,adaptive,0.1411,0.085,1,0.085,0,0,0,0
6v28vzk9rv8c1.webp,1,6,8,8,0.9926,adaptive,0.1686,0.0858,1,0.0858,0,0,0,0
6v28vzk9rv8c1.webp,1,7,6,6,0.9047,adaptive,0.1784,0.0826,1,0.0826,0,0,0,0
6v28vzk9rv8c1.webp,1,8,5,5,0.9945,adaptive,0.1377,0.0801,1,0.0801,0,0,0,0
6v28vzk9rv8c1.webp,1,9,3,3,0.9981,adaptive,0.141,0.0704,1,0.0704,0,0,0,0
6v28vzk9rv8c1.webp,2,1,3,3,0.9987,adaptive,0.1282,0.0735,1,0.0735,0,0,0,0
6v28vzk9rv8c1.webp,2,2,5,5,0.995,adaptive,0.1074,0.0808,1,0.0808,0,0,0,0
6v28vzk9rv8c1.webp,2,3,7,7,0.998,adaptive,0.1108,0.054,1,0.054,0,0,0,0
6v28vzk9rv8c1.webp,2,4,6,6,0.9608,adaptive,0.1441,0.0857,1,0.0857,0,0,0,0
6v28vzk9rv8c1.webp,2,5,2,2,0.9994,adaptive,0.0962,0.0709,1,0.0709,0,0,0,0
6v28vzk9rv8c1.webp,2,6,1,1,0.9537,adaptive,0.0966,0.0412,1,0.0412,0,0,0,0
6v28vzk9rv8c1.webp,2,8,9,9,0.9982,adaptive,0.1182,0.0888,1,0.0888,0,0,0,0
6v28vzk9rv8c1.webp,3,1,9,9,0.998,adaptive,0.1697,0.0855,1,0.0855,0,0,0,0
6v28vzk9rv8c1.webp,3,2,8,8,0.9954,adaptive,0.1431,0.0862,1,0.0862,0,0,0,0
6v28vzk9rv8c1.webp,3,3,6,6,0.9247,adaptive,0.1677,0.0831,1,0.0831,0,0,0,0
6v28vzk9rv8c1.webp,3,4,4,4,0.9979,adaptive,0.1539,0.0699,1,0.0699,0,0,0,0
6v28vzk9rv8c1.webp,3,5,3,3,0.9971,adaptive,0.1284,0.073,1,0.073,0,0,0,0
6v28vzk9rv8c1.webp,3,6,5,5,0.9964,adaptive,0.1646,0.0811,1,0.0811,0,0,0,0
6v28vzk9rv8c1.webp,3,7,7,7,0.9991,adaptive,0.1446,0.0497,1,0.0497,0,0,0,0
6v28vzk9rv8c1.webp,3,8,1,1,0.9611,adaptive,0.0975,0.0403,1,0.0403,0,0,0,0
6v28vzk9rv8c1.webp,3,9,2,2,0.9994,adaptive,0.1288,0.0699,1,0.0699,0,0,0,0
6v28vzk9rv8c1.webp,4,1,7,7,0.9982,adaptive,0.1379,0.0541,1,0.0541,0,0,0,0
6v28vzk9rv8c1.webp,4,2,3,3,0.9962,adaptive,0.1305,0.0737,1,0.0737,0,0,0,0
6v28vzk9rv8c1.webp,4,3,8,8,0.9862,adaptive,0.1677,0.0842,1,0.0842,0,0,0,0
6v28vzk9rv8c1.webp,4,4,2,2,0.9995,adaptive,0.1535,0.0704,1,0.0704,0,0,0,0
6v28vzk9rv8c1.webp,4,5,4,4,0.9972,adaptive,0.1251,0.069,1,0.069,0,0,0,0
6v28vzk9rv8c1.webp,4,6,9,9,0.9982,adaptive,0.168,0.0864,1,0.0864,0,0,0,0
6v28vzk9rv8c1.webp,4,7,1,1,0.974,adaptive,0.106,0.0388,1,0.0388,0,0,0,0
6v28vzk9rv8c1.webp,4,8,6,6,0.9118,adaptive,0.1214,0.0823,1,0.0823,0,0,0,0
6v28vzk9rv8c1.webp,4,9,5,5,0.9933,adaptive,0.1357,0.0793,1,0.0793,0,0,0,0
6v28vzk9rv8c1.webp,5,1,1,1,0.9639,adaptive,0.071,0.04,1,0.04,0,0,0,0
6v28vzk9rv8c1.webp,5,2,6,6,0.9628,adaptive,0.0872,0.087,1,0.087,0,0,0,0
6v28vzk9rv8c1.webp,5,4,8,8,0.9963,adaptive,0.1287,0.0848,1,0.0848,0,0,0,0
6v28vzk9rv8c1.webp,5,5,5,5,0.9975,adaptive,0.0799,0.0797,1,0.0797,0,0,0,0
6v28vzk9rv8c1.webp,5,6,7,7,0.9979,adaptive,0.081,0.0509,1,0.0509,0,0,0,0
6v28vzk9rv8c1.webp,5,7,3,3,0.9982,adaptive,0.1201,0.0749,1,0.0749,0,0,0,0
6v28vzk9rv8c1.webp,6,1,5,5,0.9954,adaptive,0.1635,0.0811,1,0.0811,0,0,0,0
6v28vzk9rv8c1.webp,6,4,3,3,0.9975,adaptive,0.1457,0.074,1,0.074,0,0,0,0
6v28vzk9rv8c1.webp,6,5,1,1,0.9836,adaptive,0.0828,0.0409,1,0.0409,0,0,0,0
6v28vzk9rv8c1.webp,6,6,6,6,0.955,adaptive,0.1546,0.084,1,0.084,0,0,0,0
6v28vzk9rv8c1.webp,7,1,8,8,0.9964,adaptive,0.1796,0.0842,1,0.0842,0,0,0,0
6v28vzk9rv8c1.webp,7,3,3,3,0.9982,adaptive,0.1689,0.0733,1,0.0733,0,0,0,0
6v28vzk9rv8c1.webp,7,4,1,1,0.9622,adaptive,0.1419,0.0452,1,0.0452,0,0,0,0
6v28vzk9rv8c1.webp,7,5,6,6,0.9325,adaptive,0.1547,0.085,1,0.085,0,0,0,0
6v28vzk9rv8c1.webp,7,6,4,4,0.998,adaptive,0.1644,0.0695,1,0.0695,0,0,0,0
6v28vzk9rv8c1.webp,7,7,5,5,0.9966,adaptive,0.186,0.0798,1,0.0798,0,0,0,0
6v28vzk9rv8c1.webp,8,1,4,4,0.9977,adaptive,0.1273,0.0706,1,0.0706,0,0,0,0
6v28vzk9rv8c1.webp,8,5,8,8,0.9973,adaptive,0.1129,0.0875,1,0.0875,0,0,0,0
6v28vzk9rv8c1.webp,8,9,6,6,0.9579,adaptive,0.1266,0.0839,1,0.0839,0,0,0,0
6v28vzk9rv8c1.webp,9,1,6,6,0.8763,adaptive,0.1544,0.0831,1,0.0831,0,0,0,0
6v28vzk9rv8c1.webp,9,5,7,7,0.9982,adaptive,0.0932,0.0522,1,0.0522,0,0,0,0
6v28vzk9rv8c1.webp,9,9,1,1,0.9674,adaptive,0.1047,0.0457,1,0.0457,0,0,0,0
ocbbh9k7gdfc1.jpeg,1,1,0,0,0.9569,adaptive,0.1379,0.0,0,0.0,0,0,0,0
ocbbh9k7gdfc1.jpeg,1,2,2,2,0.9984,adaptive,0.1836,0.0866,1,0.0866,0,0,0,0
ocbbh9k7gdfc1.jpeg,1,3,0,0,0.9569,adaptive,0.1379,0.0,0,0.0,0,0,0,0
ocbbh9k7gdfc1.jpeg,1,4,3,3,0.9919,adaptive,0.2232,0.0853,1,0.0853,0,0,0,0
ocbbh9k7gdfc1.jpeg,1,5,0,0,0.9569,adaptive,0.0986,0.0,0,0.0,0,0,0,0
ocbbh9k7gdfc1.jpeg,1,6,1,1,0.9891,adaptive,0.1856,0.0477,1,0.0477,0,0,0,0
ocbbh9k7gdfc1.jpeg,1,7,0,0,0.9569,adaptive,0.1359,0.0,0,0.0,0,0,0,0
ocbbh9k7gdfc1.jpeg,1,8,0,0,0.9569,adaptive,0.0952,0.0,0,0.0,0,0,0,0
ocbbh9k7gdfc1.jpeg,1,9,0,0,0.9569,adaptive,0.1152,0.0,0,0.0,0,0,0,0
ocbbh9k7gdfc1.jpeg,2,1,0,0,0.9569,adaptive,0.0991,0.0,0,0.0,0,0,0,0
ocbbh9k7gdfc1.jpeg,2,2,0,0,0.9569,adaptive,0.0565,0.0,0,0.0,0,0,0,0
ocbbh9k7gdfc1.jpeg,2,3,0,0,0.9569,adaptive,0.0993,0.0,0,0.0,0,0,0,0
ocbbh9k7gdfc1.jpeg,2,4,4,4,0.998,adaptive,0.1705,0.0724,1,0.0724,0,0,0,0
ocbbh9k7gdfc1.jpeg,2,5,6,6,0.9345,adaptive,0.1543,0.0973,1,0.0973,0,0,0,0
ocbbh9k7gdfc1.jpeg,2,6,0,0,0.9569,adaptive,0.1,0.0,0,0.0,0,0,0,0
ocbbh9k7gdfc1.jpeg,2,7,0,0,0.9569,adaptive,0.0981,0.0,0,0.0,0,0,0,0
ocbbh9k7gdfc1.jpeg,2,8,0,0,0.9569,adaptive,0.0583,0.0,0,0.0,0,0,0,0
ocbbh9k7gdfc1.jpeg,2,9,7,7,0.9995,adaptive,0.1481,0.0615,1,0.0615,0,0,0,0
ocbbh9k7gdfc1.jpeg,3,1,4,4,0.9969,adaptive,0.2078,0.0717,1,0.0717,0,0,0,0
ocbbh9k7gdfc1.jpeg,3,2,0,0,0.9569,adaptive,0.0961,0.0,0,0.0,0,0,0,0
ocbbh9k7gdfc1.jpeg,3,3,0,0,0.9569,adaptive,0.1374,0.0,0,0.0,0,0,0,0
ocbbh9k7gdfc1.jpeg,3,4,0,0,0.9569,adaptive,0.1379,0.0,0,0.0,0,0,0,0
ocbbh9k7gdfc1.jpeg,3,5,9,9,0.9947,adaptive,0.194,0.0952,1,0.0952,0,0,0,0
ocbbh9k7gdfc1.jpeg,3,6,0,0,0.9569,adaptive,0.1383,0.0,0,0.0,0,0,0,0
ocbbh9k7gdfc1.jpeg,3,7,0,0,0.9569,adaptive,0.1379,0.0,0,0.0,0,0,0,0
ocbbh9k7gdfc1.jpeg,3,8,5,5,0.9965,adaptive,0.1857,0.0853,1,0.0853,0,0,0,0
ocbbh9k7gdfc1.jpeg,3,9,0,0,0.9569,adaptive,0.1276,0.0,0,0.0,0,0,0,0
ocbbh9k7gdfc1.jpeg,4,1,1,1,0.9908,adaptive,0.1862,0.0477,1,0.0477,0,0,0,0
ocbbh9k7gdfc1.jpeg,4,2,0,0,0.9569,adaptive,0.0981,0.0,0,0.0,0,0,0,0
ocbbh9k7gdfc1.jpeg,4,3,0,0,0.9569,adaptive,0.1388,0.0,0,0.0,0,0,0,0
ocbbh9k7gdfc1.jpeg,4,4,0,0,0.9569,adaptive,0.139,0.0,0,0.0,0,0,0,0
ocbbh9k7gdfc1.jpeg,4,5,5,5,0.9943,adaptive,0.1866,0.0873,1,0.0873,0,0,0,0
ocbbh9k7gdfc1.jpeg,4,6,0,0,0.9569,adaptive,0.1399,0.0,0,0.0,0,0,0,0
ocbbh9k7gdfc1.jpeg,4,7,0,0,0.9569,adaptive,0.1386,0.0,0,0.0,0,0,0,0
ocbbh9k7gdfc1.jpeg,4,8,2,2,0.9991,adaptive,0.1857,0.0855,1,0.0855,0,0,0,0
ocbbh9k7gdfc1.jpeg,4,9,0,0,0.9569,adaptive,0.1279,0.0,0,0.0,0,0,0,0
ocbbh9k7gdfc1.jpeg,5,1,0,0,0.9569,adaptive,0.0993,0.0,0,0.0,0,0,0,0
ocbbh9k7gdfc1.jpeg,5,2,0,0,0.9569,adaptive,0.0565,0.0,0,0.0,0,0,0,0
ocbbh9k7gdfc1.jpeg,5,3,9,9,0.9928,adaptive,0.1943,0.0957,1,0.0957,0,0,0,0
ocbbh9k7gdfc1.jpeg,5,4,1,1,0.9843,adaptive,0.1481,0.05,1,0.05,0,0,0,0
ocbbh9k7gdfc1.jpeg,5,5,0,0,0.9569,adaptive,0.0572,0.0,0,0.0,0,0,0,0
ocbbh9k7gdfc1.jpeg,5,6,6,6,0.9247,adaptive,0.1938,0.0943,1,0.0943,0,0,0,0
ocbbh9k7gdfc1.jpeg,5,7,7,7,0.9996,adaptive,0.1576,0.0592,1,0.0592,0,0,0,0
ocbbh9k7gdfc1.jpeg,5,8,0,0,0.9569,adaptive,0.0583,0.0,0,0.0,0,0,0,0
ocbbh9k7gdfc1.jpeg,5,9,0,0,0.9569,adaptive,0.0873,0.0,0,0.0,0,0,0,0
ocbbh9k7gdfc1.jpeg,6,1,0,0,0.9569,adaptive,0.1265,0.0,0,0.0,0,0,0,0
ocbbh9k7gdfc1.jpeg,6,2,4,4,0.9987,adaptive,0.1488,0.073,1,0.073,0,0,0,0
ocbbh9k7gdfc1.jpeg,6,3,0,0,0.9569,adaptive,0.1259,0.0,0,0.0,0,0,0,0
ocbbh9k7gdfc1.jpeg,6,4,0,0,0.9569,adaptive,0.1261,0.0,0,0.0,0,0,0,0
ocbbh9k7gdfc1.jpeg,6,5,8,8,0.9923,adaptive,0.1848,0.0991,1,0.0991,0,0,0,0
ocbbh9k7gdfc1.jpeg,6,6,0,0,0.9569,adaptive,0.127,0.0,0,0.0,0,0,0,0
ocbbh9k7gdfc1.jpeg,6,7,0,0,0.9569,adaptive,0.1256,0.0,0,0.0,0,0,0,0
ocbbh9k7gdfc1.jpeg,6,8,0,0,0.9569,adaptive,0.0868,0.0,0,0.0,0,0,0,0
ocbbh9k7gdfc1.jpeg,6,9,1,1,0.9831,adaptive,0.1584,0.0439,1,0.0439,0,0,0,0
ocbbh9k7gdfc1.jpeg,7,1,0,0,0.9569,adaptive,0.1377,0.0,0,0.0,0,0,0,0
ocbbh9k7gdfc1.jpeg,7,2,8,8,0.9959,adaptive,0.1852,0.0984,1,0.0984,0,0,0,0
ocbbh9k7gdfc1.jpeg,7,3,0,0,0.9569,adaptive,0.1379,0.0,0,0.0,0,0,0,0
ocbbh9k7gdfc1.jpeg,7,4,0,0,0.9569,adaptive,0.1374,0.0,0,0.0,0,0,0,0
ocbbh9k7gdfc1.jpeg,7,5,1,1,0.9788,adaptive,0.1474,0.0491,1,0.0491,0,0,0,0
ocbbh9k7gdfc1.jpeg,7,6,0,0,0.9569,adaptive,0.1395,0.0,0,0.0,0,0,0,0
ocbbh9k7gdfc1.jpeg,7,7,0,0,0.9569,adaptive,0.1368,0.0,0,0.0,0,0,0,0
ocbbh9k7gdfc1.jpeg,7,8,0,0,0.9569,adaptive,0.1,0.0,0,0.0,0,0,0,0
ocbbh9k7gdfc1.jpeg,7,9,3,3,0.987,adaptive,0.2132,0.0849,1,0.0849,0,0,0,0
ocbbh9k7gdfc1.jpeg,8,1,6,6,0.9357,adaptive,0.1823,0.0954,1,0.0954,0,0,0,0
ocbbh9k7gdfc1.jpeg,8,2,0,0,0.9569,adaptive,0.0308,0.0,0,0.0,0,0,0,0
ocbbh9k7gdfc1.jpeg,8,3,0,0,0.9569,adaptive,0.0868,0.0,0,0.0,0,0,0,0
ocbbh9k7gdfc1.jpeg,8,4,0,0,0.9569,adaptive,0.0864,0.0,0,0.0,0,0,0,0
ocbbh9k7gdfc1.jpeg,8,5,0,0,0.9569,adaptive,0.0443,0.0,0,0.0,0,0,0,0
ocbbh9k7gdfc1.jpeg,8,6,0,0,0.9569,adaptive,0.0898,0.0,0,0.0,0,0,0,0
ocbbh9k7gdfc1.jpeg,8,7,0,0,0.9569,adaptive,0.0981,0.0,0,0.0,0,0,0,0
ocbbh9k7gdfc1.jpeg,8,8,0,0,0.9569,adaptive,0.0579,0.0,0,0.0,0,0,0,0
ocbbh9k7gdfc1.jpeg,8,9,0,0,0.9569,adaptive,0.0868,0.0,0,0.0,0,0,0,0
ocbbh9k7gdfc1.jpeg,9,1,0,0,0.9569,adaptive,0.1383,0.0,0,0.0,0,0,0,0
ocbbh9k7gdfc1.jpeg,9,2,0,0,0.9569,adaptive,0.0875,0.0,0,0.0,0,0,0,0
ocbbh9k7gdfc1.jpeg,9,3,0,0,0.9569,adaptive,0.1388,0.0,0,0.0,0,0,0,0
ocbbh9k7gdfc1.jpeg,9,4,7,7,0.9993,adaptive,0.1967,0.0586,1,0.0586,0,0,0,0
ocbbh9k7gdfc1.jpeg,9,5,0,0,0.9569,adaptive,0.0991,0.0,0,0.0,0,0,0,0
ocbbh9k7gdfc1.jpeg,9,6,9,9,0.998,adaptive,0.233,0.0936,1,0.0936,0,0,0,0
ocbbh9k7gdfc1.jpeg,9,7,0,0,0.9569,adaptive,0.1388,0.0,0,0.0,0,0,0,0
ocbbh9k7gdfc1.jpeg,9,8,1,1,0.9903,adaptive,0.1497,0.0488,1,0.0488,0,0,0,0
ocbbh9k7gdfc1.jpeg,9,9,0,0,0.9569,adaptive,0.1279,0.0,0,0.0,0,0,0,0
81pxeupeoyac1.webp,1,4,9,9,0.9986,adaptive,0.1711,0.0867,1,0.0867,0,0,0,0
81pxeupeoyac1.webp,1,7,6,6,0.8899,adaptive,0.1804,0.0853,1,0.0853,0,0,0,0
81pxeupeoyac1.webp,2,1,4,4,0.9984,adaptive,0.1074,0.0717,1,0.0717,0,0,0,0
81pxeupeoyac1.webp,2,2,6,6,0.9423,adaptive,0.1006,0.0868,1,0.0868,0,0,0,0
81pxeupeoyac1.webp,2,3,9,9,0.9978,adaptive,0.1425,0.0857,1,0.0857,0,0,0,0
81pxeupeoyac1.webp,2,7,8,8,0.9969,adaptive,0.1468,0.088,1,0.088,0,0,0,0
81pxeupeoyac1.webp,3,1,2,2,0.9991,adaptive,0.131,0.0715,1,0.0715,0,0,0,0
81pxeupeoyac1.webp,3,3,7,7,0.9986,adaptive,0.1363,0.0526,1,0.0526,0,0,0,0
81pxeupeoyac1.webp,3,4,6,6,0.9481,adaptive,0.1693,0.0849,1,0.0849,0,0,0,0
81pxeupeoyac1.webp,3,5,3,3,0.9972,adaptive,0.1303,0.0733,1,0.0733,0,0,0,0
81pxeupeoyac1.webp,3,7,5,5,0.9969,adaptive,0.1758,0.0806,1,0.0806,0,0,0,0
81pxeupeoyac1.webp,3,8,9,9,0.9981,adaptive,0.1431,0.0855,1,0.0855,0,0,0,0
81pxeupeoyac1.webp,3,9,4,4,0.9989,adaptive,0.1555,0.0706,1,0.0706,0,0,0,0
81pxeupeoyac1.webp,4,1,1,1,0.9577,adaptive,0.0982,0.0403,1,0.0403,0,0,0,0
81pxeupeoyac1.webp,4,3,8,8,0.9948,adaptive,0.1615,0.0858,1,0.0858,0,0,0,0
81pxeupeoyac1.webp,4,4,7,7,0.9983,adaptive,0.1341,0.0517,1,0.0517,0,0,0,0
81pxeupeoyac1.webp,4,7,3,3,0.9981,adaptive,0.1546,0.0742,1,0.0742,0,0,0,0
81pxeupeoyac1.webp,5,1,9,9,0.9981,adaptive,0.1273,0.0844,1,0.0844,0,0,0,0
81pxeupeoyac1.webp,5,6,3,3,0.998,adaptive,0.1318,0.0742,1,0.0742,0,0,0,0
81pxeupeoyac1.webp,5,9,5,5,0.9957,adaptive,0.1386,0.0805,1,0.0805,0,0,0,0
81pxeupeoyac1.webp,6,8,4,4,0.9959,adaptive,0.1291,0.0719,1,0.0719,0,0,0,0
81pxeupeoyac1.webp,7,1,6,6,0.9509,adaptive,0.127,0.0829,1,0.0829,0,0,0,0
81pxeupeoyac1.webp,7,2,9,9,0.9973,adaptive,0.1524,0.0855,1,0.0855,0,0,0,0
81pxeupeoyac1.webp,7,4,3,3,0.9981,adaptive,0.1655,0.0717,1,0.0717,0,0,0,0
81pxeupeoyac1.webp,7,5,8,8,0.9982,adaptive,0.1549,0.0855,1,0.0855,0,0,0,0
81pxeupeoyac1.webp,7,6,7,7,0.998,adaptive,0.1459,0.0524,1,0.0524,0,0,0,0
81pxeupeoyac1.webp,7,8,5,5,0.9945,adaptive,0.1502,0.0794,1,0.0794,0,0,0,0
81pxeupeoyac1.webp,7,9,1,1,0.9375,adaptive,0.0991,0.0414,1,0.0414,0,0,0,0
81pxeupeoyac1.webp,8,1,8,8,0.9936,adaptive,0.1284,0.0862,1,0.0862,0,0,0,0
81pxeupeoyac1.webp,8,3,5,5,0.9971,adaptive,0.1391,0.0819,1,0.0819,0,0,0,0
81pxeupeoyac1.webp,8,5,9,9,0.9969,adaptive,0.1146,0.0852,1,0.0852,0,0,0,0
81pxeupeoyac1.webp,8,6,2,2,0.9991,adaptive,0.1284,0.0708,1,0.0708,0,0,0,0
81pxeupeoyac1.webp,8,7,7,7,0.999,adaptive,0.121,0.0507,1,0.0507,0,0,0,0
81pxeupeoyac1.webp,9,1,7,7,0.9981,adaptive,0.1103,0.0508,1,0.0508,0,0,0,0
81pxeupeoyac1.webp,9,2,3,3,0.9964,adaptive,0.1334,0.0771,1,0.0771,0,0,0,0
81pxeupeoyac1.webp,9,4,5,5,0.9966,adaptive,0.166,0.0806,1,0.0806,0,0,0,0
81pxeupeoyac1.webp,9,6,6,6,0.923,adaptive,0.1706,0.0855,1,0.0855,0,0,0,0
g8lu2qy6uz0d1.webp,1,1,4,4,0.9979,adaptive,0.1337,0.0762,1,0.0762,0,0,0,0
g8lu2qy6uz0d1.webp,1,2,7,7,0.9994,adaptive,0.0844,0.0547,1,0.0547,0,0,0,0
g8lu2qy6uz0d1.webp,1,3,3,3,0.9967,adaptive,0.1178,0.0744,1,0.0744,0,0,0,0
g8lu2qy6uz0d1.webp,1,7,2,2,0.9975,adaptive,0.1281,0.0731,1,0.0731,0,0,0,0
g8lu2qy6uz0d1.webp,1,8,5,5,0.9941,adaptive,0.1058,0.0764,1,0.0764,0,0,0,0
g8lu2qy6uz0d1.webp,1,9,6,6,0.9734,adaptive,0.1339,0.0757,1,0.0757,0,0,0,0
g8lu2qy6uz0d1.webp,2,1,8,8,0.9954,adaptive,0.1298,0.0889,1,0.0889,0,0,0,0
g8lu2qy6uz0d1.webp,2,2,5,5,0.9963,adaptive,0.107,0.081,1,0.081,0,0,0,0
g8lu2qy6uz0d1.webp,2,3,1,1,0.9441,adaptive,0.0771,0.0493,1,0.0493,0,0,0,0
g8lu2qy6uz0d1.webp,2,4,7,7,0.9984,adaptive,0.0719,0.057,1,0.057,0,0,0,0
g8lu2qy6uz0d1.webp,2,5,2,2,0.9987,adaptive,0.0725,0.0725,1,0.0725,0,0,0,0
g8lu2qy6uz0d1.webp,2,6,6,6,0.9738,adaptive,0.1074,0.0776,1,0.0776,0,0,0,0
g8lu2qy6uz0d1.webp,2,7,3,3,0.995,adaptive,0.1214,0.0749,1,0.0749,0,0,0,0
g8lu2qy6uz0d1.webp,2,8,4,4,0.999,adaptive,0.1035,0.0758,1,0.0758,0,0,0,0
g8lu2qy6uz0d1.webp,2,9,9,9,0.9995,adaptive,0.1199,0.0778,1,0.0778,0,0,0,0
g8lu2qy6uz0d1.webp,3,2,2,2,0.9976,adaptive,0.1117,0.0758,1,0.0758,0,0,0,0
g8lu2qy6uz0d1.webp,3,4,3,3,0.9983,adaptive,0.1029,0.0737,1,0.0737,0,0,0,0
g8lu2qy6uz0d1.webp,3,5,4,4,0.9983,adaptive,0.0898,0.0749,1,0.0749,0,0,0,0
g8lu2qy6uz0d1.webp,3,6,5,5,0.997,adaptive,0.1192,0.0755,1,0.0755,0,0,0,0
g8lu2qy6uz0d1.webp,3,7,8,8,0.9951,adaptive,0.1426,0.0875,1,0.0875,0,0,0,0
g8lu2qy6uz0d1.webp,3,8,7,7,0.999,adaptive,0.097,0.0554,1,0.0554,0,0,0,0
g8lu2qy6uz0d1.webp,3,9,1,1,0.9532,adaptive,0.1047,0.0483,1,0.0483,0,0,0,0
g8lu2qy6uz0d1.webp,4,2,1,1,0.9122,adaptive,0.0837,0.0427,1,0.0427,0,0,0,0
g8lu2qy6uz0d1.webp,4,4,5,5,0.9977,adaptive,0.104,0.0748,1,0.0748,0,0,0,0
g8lu2qy6uz0d1.webp,4,7,7,7,0.9989,adaptive,0.1085,0.0528,1,0.0528,0,0,0,0
g8lu2qy6uz0d1.webp,4,9,4,4,0.9985,adaptive,0.1341,0.0775,1,0.0775,0,0,0,0
g8lu2qy6uz0d1.webp,5,2,8,8,0.9948,adaptive,0.1028,0.09,1,0.09,0,0,0,0
g8lu2qy6uz0d1.webp,5,3,5,5,0.9946,adaptive,0.1049,0.0769,1,0.0769,0,0,0,0
g8lu2qy6uz0d1.webp,5,4,4,4,0.9973,adaptive,0.0862,0.0712,1,0.0712,0,0,0,0
g8lu2qy6uz0d1.webp,5,5,7,7,0.9989,adaptive,0.0567,0.0565,1,0.0565,0,0,0,0
g8lu2qy6uz0d1.webp,5,6,9,9,0.9993,adaptive,0.1083,0.0785,1,0.0785,0,0,0,0
g8lu2qy6uz0d1.webp,5,7,1,1,0.9408,adaptive,0.0778,0.0477,1,0.0477,0,0,0,0
g8lu2qy6uz0d1.webp,5,9,2,2,0.9986,adaptive,0.1038,0.0739,1,0.0739,0,0,0,0
g8lu2qy6uz0d1.webp,6,1,7,7,0.9987,adaptive,0.1005,0.0564,1,0.0564,0,0,0,0
g8lu2qy6uz0d1.webp,6,3,4,4,0.9984,adaptive,0.1167,0.0731,1,0.0731,0,0,0,0
g8lu2qy6uz0d1.webp,6,4,1,1,0.9787,adaptive,0.0851,0.0417,1,0.0417,0,0,0,0
g8lu2qy6uz0d1.webp,6,6,2,2,0.9979,adaptive,0.1292,0.0717,1,0.0717,0,0,0,0
g8lu2qy6uz0d1.webp,6,7,5,5,0.9974,adaptive,0.1339,0.0769,1,0.0769,0,0,0,0
g8lu2qy6uz0d1.webp,6,8,9,9,0.999,adaptive,0.1217,0.0785,1,0.0785,0,0,0,0
g8lu2qy6uz0d1.webp,6,9,8,8,0.9887,adaptive,0.1484,0.0902,1,0.0902,0,0,0,0
g8lu2qy6uz0d1.webp,7,1,1,1,0.9548,adaptive,0.102,0.0468,1,0.0468,0,0,0,0
g8lu2qy6uz0d1.webp,7,2,9,9,0.999,adaptive,0.1219,0.0798,1,0.0798,0,0,0,0
g8lu2qy6uz0d1.webp,7,3,7,7,0.9984,adaptive,0.1094,0.0555,1,0.0555,0,0,0,0
g8lu2qy6uz0d1.webp,7,4,2,2,0.9989,adaptive,0.1034,0.0731,1,0.0731,0,0,0,0
g8lu2qy6uz0d1.webp,7,5,5,5,0.9975,adaptive,0.1192,0.0769,1,0.0769,0,0,0,0
g8lu2qy6uz0d1.webp,7,6,4,4,0.9973,adaptive,0.1439,0.0748,1,0.0748,0,0,0,0
g8lu2qy6uz0d1.webp,7,7,6,6,0.98,adaptive,0.1506,0.0777,1,0.0777,0,0,0,0
g8lu2qy6uz0d1.webp,7,8,8,8,0.9952,adaptive,0.1443,0.0896,1,0.0896,0,0,0,0
g8lu2qy6uz0d1.webp,7,9,3,3,0.9966,adaptive,0.1421,0.0733,1,0.0733,0,0,0,0
g8lu2qy6uz0d1.webp,8,2,4,4,0.9987,adaptive,0.0927,0.0781,1,0.0781,0,0,0,0
g8lu2qy6uz0d1.webp,8,4,6,6,0.9694,adaptive,0.0909,0.076,1,0.076,0,0,0,0
g8lu2qy6uz0d1.webp,8,6,7,7,0.9991,adaptive,0.0995,0.0561,1,0.0561,0,0,0,0
g8lu2qy6uz0d1.webp,8,7,9,9,0.9995,adaptive,0.1226,0.0789,1,0.0789,0,0,0,0
g8lu2qy6uz0d1.webp,8,8,1,1,0.9782,adaptive,0.0723,0.0434,1,0.0434,0,0,0,0
g8lu2qy6uz0d1.webp,8,9,5,5,0.9985,adaptive,0.1217,0.0785,1,0.0785,0,0,0,0
g8lu2qy6uz0d1.webp,9,1,5,5,0.9978,adaptive,0.1214,0.0751,1,0.0751,0,0,0,0
g8lu2qy6uz0d1.webp,9,7,4,4,0.998,adaptive,0.1301,0.0733,1,0.0733,0,0,0,0
g8lu2qy6uz0d1.webp,9,8,2,2,0.9977,adaptive,0.1183,0.0751,1,0.0751,0,0,0,0
g8lu2qy6uz0d1.webp,9,9,7,7,0.9991,adaptive,0.1147,0.0552,1,0.0552,0,0,0,0
xosaap03m1bc1.webp,1,2,7,7,0.749,adaptive,0.1692,0.0991,1,0.0991,0,0,0,0
xosaap03m1bc1.webp,1,7,2,2,0.7395,adaptive,0.3484,0.172,1,0.172,0,0,0,0
xosaap03m1bc1.webp,1,8,9,9,0.8353,adaptive,0.3148,0.1701,2,0.1327,0,0,0,0
xosaap03m1bc1.webp,1,9,5,5,0.7473,adaptive,0.3357,0.1722,2,0.1722,1,0,0,0
xosaap03m1bc1.webp,2,3,5,5,0.7675,adaptive,0.2935,0.1741,1,0.1741,0,0,0,0
xosaap03m1bc1.webp,2,4,9,9,0.4524,adaptive,0.2985,0.159,2,0.1334,0,0,0,0
xosaap03m1bc1.webp,2,6,3,8,0.4603,adaptive,0.2886,0.1737,1,0.1737,0,0,0,0
xosaap03m1bc1.webp,2,7,8,8,0.7939,adaptive,0.3107,0.1859,3,0.126,0,0,0,1
xosaap03m1bc1.webp,2,8,7,7,0.7119,adaptive,0.1357,0.107,1,0.107,0,0,0,0
xosaap03m1bc1.webp,3,2,9,9,0.9305,adaptive,0.299,0.1707,2,0.1321,0,0,0,0
xosaap03m1bc1.webp,3,5,5,5,0.7541,adaptive,0.2763,0.1714,1,0.1714,0,0,0,0
xosaap03m1bc1.webp,3,6,7,7,0.7072,adaptive,0.2,0.1049,1,0.1049,0,0,0,0
xosaap03m1bc1.webp,3,7,1,8,0.3833,adaptive,0.2651,0.1116,2,0.1116,1,0,0,0
xosaap03m1bc1.webp,3,9,3,8,0.768,adaptive,0.3148,0.18,2,0.18,1,0,0,0
xosaap03m1bc1.webp,4,1,5,5,0.6616,adaptive,0.3687,0.1796,1,0.1796,0,0,0,0
xosaap03m1bc1.webp,4,2,4,3,0.3864,adaptive,0.2519,0.1346,2,0.1221,0,0,0,0
xosaap03m1bc1.webp,4,4,7,7,0.6163,adaptive,0.1856,0.0987,1,0.0987,0,0,0,0
xosaap03m1bc1.webp,4,7,6,6,0.4691,adaptive,0.3157,0.1526,2,0.1281,0,0,0,0
xosaap03m1bc1.webp,5,1,8,5,0.5731,adaptive,0.2962,0.1633,3,0.1289,0,0,0,0
xosaap03m1bc1.webp,5,4,5,5,0.6992,adaptive,0.3128,0.1825,1,0.1825,0,0,0,0
xosaap03m1bc1.webp,5,9,2,2,0.8882,adaptive,0.2895,0.1746,1,0.1746,0,0,0,0
xosaap03m1bc1.webp,6,3,9,9,0.7884,adaptive,0.2976,0.1555,3,0.1305,1,0,0,0
xosaap03m1bc1.webp,6,6,6,5,0.4705,adaptive,0.2936,0.1526,4,0.1276,2,0,0,0
xosaap03m1bc1.webp,6,8,5,5,0.6985,adaptive,0.2845,0.1753,4,0.1753,3,0,0,0
xosaap03m1bc1.webp,7,3,4,3,0.3441,adaptive,0.2932,0.1352,2,0.1227,0,0,0,0
xosaap03m1bc1.webp,7,5,7,7,0.7189,adaptive,0.1355,0.1049,1,0.1049,0,0,0,0
xosaap03m1bc1.webp,8,2,8,3,0.4816,adaptive,0.2537,0.1667,3,0.1322,0,0,0,0
xosaap03m1bc1.webp,8,4,6,5,0.4706,adaptive,0.2922,0.1538,2,0.128,0,0,0,0
xosaap03m1bc1.webp,8,6,5,5,0.8058,adaptive,0.2919,0.1764,1,0.1764,0,0,0,0
xosaap03m1bc1.webp,8,7,4,3,0.4412,adaptive,0.2623,0.135,2,0.1219,0,0,0,0
xosaap03m1bc1.webp,9,1,9,9,0.8631,adaptive,0.307,0.1535,4,0.1294,2,0,0,0
xosaap03m1bc1.webp,9,3,1,8,0.2364,adaptive,0.2397,0.1109,2,0.1109,1,0,0,0
xosaap03m1bc1.webp,9,8,3,8,0.399,adaptive,0.2741,0.1732,2,0.1732,1,0,0,0
r4k4memgy6ac1.webp,1,1,9,9,0.9996,adaptive,0.1588,0.1014,1,0.1014,0,0,0,0
r4k4memgy6ac1.webp,1,2,2,2,0.9945,adaptive,0.1185,0.0884,1,0.0884,0,0,0,0
r4k4memgy6ac1.webp,1,3,1,1,0.9966,adaptive,0.1205,0.0624,1,0.0624,0,0,0,0
r4k4memgy6ac1.webp,1,4,3,3,0.9992,adaptive,0.1475,0.0795,1,0.0795,0,0,0,0
r4k4memgy6ac1.webp,1,5,8,8,0.9991,adaptive,0.1517,0.1092,1,0.1092,0,0,0,0
r4k4memgy6ac1.webp,1,6,5,5,0.9967,adaptive,0.1423,0.084,1,0.084,0,0,0,0
r4k4memgy6ac1.webp,1,7,7,7,0.9991,adaptive,0.1354,0.0686,1,0.0686,0,0,0,0
r4k4memgy6ac1.webp,1,8,6,6,0.9889,adaptive,0.1321,0.1015,1,0.1015,0,0,0,0
r4k4memgy6ac1.webp,1,9,4,4,0.9296,adaptive,0.1352,0.0773,1,0.0773,0,0,0,0
r4k4memgy6ac1.webp,2,1,8,8,0.9995,adaptive,0.1393,0.109,1,0.109,0,0,0,0
r4k4memgy6ac1.webp,2,2,5,5,0.9979,adaptive,0.0877,0.0875,1,0.0875,0,0,0,0
r4k4memgy6ac1.webp,2,3,4,4,0.9147,adaptive,0.1097,0.0794,1,0.0794,0,0,0,0
r4k4memgy6ac1.webp,2,4,7,7,0.9981,adaptive,0.1151,0.0728,1,0.0728,0,0,0,0
r4k4memgy6ac1.webp,2,5,6,6,0.9807,adaptive,0.1152,0.1017,1,0.1017,0,0,0,0
r4k4memgy6ac1.webp,2,6,1,1,0.9934,adaptive,0.0988,0.069,1,0.069,0,0,0,0
r4k4memgy6ac1.webp,2,7,2,2,0.9877,adaptive,0.1309,0.0905,1,0.0905,0,0,0,0
r4k4memgy6ac1.webp,2,8,3,3,0.9984,adaptive,0.0847,0.084,1,0.084,0,0,0,0
r4k4memgy6ac1.webp,2,9,9,9,0.9994,adaptive,0.1321,0.1022,1,0.1022,0,0,0,0
r4k4memgy6ac1.webp,3,1,6,6,0.9845,adaptive,0.1582,0.0998,1,0.0998,0,0,0,0
r4k4memgy6ac1.webp,3,2,7,7,0.9978,adaptive,0.1024,0.0721,1,0.0721,0,0,0,0
r4k4memgy6ac1.webp,3,3,3,3,0.9982,adaptive,0.1388,0.0795,1,0.0795,0,0,0,0
r4k4memgy6ac1.webp,3,4,4,4,0.8243,adaptive,0.1457,0.0782,1,0.0782,0,0,0,0
r4k4memgy6ac1.webp,3,5,9,9,0.9992,adaptive,0.1443,0.1018,1,0.1018,0,0,0,0
r4k4memgy6ac1.webp,3,6,2,2,0.9953,adaptive,0.151,0.0922,1,0.0922,0,0,0,0
r4k4memgy6ac1.webp,3,7,5,5,0.9985,adaptive,0.1501,0.0831,1,0.0831,0,0,0,0
r4k4memgy6ac1.webp,3,8,1,1,0.9955,adaptive,0.0995,0.069,1,0.069,0,0,0,0
r4k4memgy6ac1.webp,3,9,8,8,0.9991,adaptive,0.1673,0.1085,1,0.1085,0,0,0,0
r4k4memgy6ac1.webp,4,2,9,9,0.9995,adaptive,0.1454,0.1011,1,0.1011,0,0,0,0
r4k4memgy6ac1.webp,4,3,6,6,0.974,adaptive,0.1695,0.1007,1,0.1007,0,0,0,0
r4k4memgy6ac1.webp,4,4,8,8,0.9989,adaptive,0.1751,0.108,1,0.108,0,0,0,0
r4k4memgy6ac1.webp,4,5,4,4,0.9037,adaptive,0.1323,0.0796,1,0.0796,0,0,0,0
r4k4memgy6ac1.webp,4,6,7,7,0.9985,adaptive,0.1399,0.072,1,0.072,0,0,0,0
r4k4memgy6ac1.webp,4,8,5,5,0.9984,adaptive,0.1262,0.0875,1,0.0875,0,0,0,0
r4k4memgy6ac1.webp,4,9,2,2,0.9871,adaptive,0.145,0.0867,1,0.0867,0,0,0,0
r4k4memgy6ac1.webp,5,1,7,7,0.9986,adaptive,0.1126,0.0694,1,0.0694,0,0,0,0
r4k4memgy6ac1.webp,5,3,5,5,0.9983,adaptive,0.1151,0.0834,1,0.0834,0,0,0,0
r4k4memgy6ac1.webp,5,4,9,9,0.9983,adaptive,0.1316,0.1015,1,0.1015,0,0,0,0
r4k4memgy6ac1.webp,5,5,2,2,0.9912,adaptive,0.1045,0.0921,1,0.0921,0,0,0,0
r4k4memgy6ac1.webp,5,6,6,6,0.9819,adaptive,0.1323,0.1022,1,0.1022,0,0,0,0
r4k4memgy6ac1.webp,5,7,8,8,0.9993,adaptive,0.1517,0.1092,1,0.1092,0,0,0,0
r4k4memgy6ac1.webp,5,8,4,4,0.9598,adaptive,0.095,0.0801,1,0.0801,0,0,0,0
r4k4memgy6ac1.webp,6,1,2,2,0.9902,adaptive,0.1461,0.0882,1,0.0882,0,0,0,0
r4k4memgy6ac1.webp,6,2,4,4,0.9386,adaptive,0.1083,0.0782,1,0.0782,0,0,0,0
r4k4memgy6ac1.webp,6,3,8,8,0.999,adaptive,0.1666,0.1076,1,0.1076,0,0,0,0
r4k4memgy6ac1.webp,6,4,5,5,0.9977,adaptive,0.1441,0.0871,1,0.0871,0,0,0,0
r4k4memgy6ac1.webp,6,5,1,1,0.9955,adaptive,0.1029,0.0622,1,0.0622,0,0,0,0
r4k4memgy6ac1.webp,6,6,3,3,0.9984,adaptive,0.139,0.0802,1,0.0802,0,0,0,0
r4k4memgy6ac1.webp,6,7,6,6,0.9835,adaptive,0.1671,0.1,1,0.1,0,0,0,0
r4k4memgy6ac1.webp,6,8,9,9,0.9996,adaptive,0.1314,0.1013,1,0.1013,0,0,0,0
r4k4memgy6ac1.webp,6,9,7,7,0.999,adaptive,0.1281,0.0693,1,0.0693,0,0,0,0
r4k4memgy6ac1.webp,7,2,8,8,0.999,adaptive,0.1459,0.1097,1,0.1097,0,0,0,0
r4k4memgy6ac1.webp,7,3,2,2,0.9843,adaptive,0.1515,0.0904,1,0.0904,0,0,0,0
r4k4memgy6ac1.webp,7,4,6,6,0.9794,adaptive,0.1613,0.1007,1,0.1007,0,0,0,0
r4k4memgy6ac1.webp,7,6,4,4,0.952,adaptive,0.1227,0.0782,1,0.0782,0,0,0,0
r4k4memgy6ac1.webp,7,7,9,9,0.9993,adaptive,0.1546,0.0991,1,0.0991,0,0,0,0
r4k4memgy6ac1.webp,7,8,7,7,0.9991,adaptive,0.0855,0.069,1,0.069,0,0,0,0
r4k4memgy6ac1.webp,8,1,4,4,0.9425,adaptive,0.1104,0.0801,1,0.0801,0,0,0,0
r4k4memgy6ac1.webp,8,3,7,7,0.9992,adaptive,0.0995,0.0692,1,0.0692,0,0,0,0
r4k4memgy6ac1.webp,8,4,2,2,0.9935,adaptive,0.1291,0.0884,1,0.0884,0,0,0,0
r4k4memgy6ac1.webp,8,6,9,9,0.9985,adaptive,0.1318,0.1018,1,0.1018,0,0,0,0
r4k4memgy6ac1.webp,8,8,8,8,0.9991,adaptive,0.1116,0.1109,1,0.1109,0,0,0,0
r4k4memgy6ac1.webp,9,1,5,5,0.9981,adaptive,0.1559,0.0858,1,0.0858,0,0,0,0
r4k4memgy6ac1.webp,9,3,9,9,0.9995,adaptive,0.1591,0.1,1,0.1,0,0,0,0
r4k4memgy6ac1.webp,9,4,1,1,0.9941,adaptive,0.1205,0.0633,1,0.0633,0,0,0,0
r4k4memgy6ac1.webp,9,5,7,7,0.9987,adaptive,0.116,0.0739,1,0.0739,0,0,0,0
r4k4memgy6ac1.webp,9,6,8,8,0.999,adaptive,0.1677,0.1089,1,0.1089,0,0,0,0
r4k4memgy6ac1.webp,9,7,4,4,0.8793,adaptive,0.147,0.0782,1,0.0782,0,0,0,0
r4k4memgy6ac1.webp,9,8,2,2,0.9938,adaptive,0.1341,0.0911,1,0.0911,0,0,0,0
9p3wy0w89x0d1.webp,1,1,7,7,0.9948,adaptive,0.1802,0.0684,1,0.0684,0,0,0,0
9p3wy0w89x0d1.webp,1,2,4,4,0.9667,adaptive,0.1615,0.0771,1,0.0771,0,0,0,0
9p3wy0w89x0d1.webp,1,3,0,0,0.9569,adaptive,0.1127,0.0,0,0.0,0,0,0,0
9p3wy0w89x0d1.webp,1,4,9,9,0.9957,adaptive,0.2072,0.0978,1,0.0978,0,0,0,0
9p3wy0w89x0d1.webp,1,5,0,0,0.9569,adaptive,0.0769,0.0,0,0.0,0,0,0,0
9p3wy0w89x0d1.webp,1,6,0,0,0.9569,adaptive,0.0967,0.0,0,0.0,0,0,0,0
9p3wy0w89x0d1.webp,1,7,6,6,0.9665,adaptive,0.2043,0.0989,1,0.0989,0,0,0,0
9p3wy0w89x0d1.webp,1,8,0,0,0.9569,adaptive,0.0839,0.0,0,0.0,0,0,0,0
9p3wy0w89x0d1.webp,1,9,0,0,0.9569,adaptive,0.1259,0.0,0,0.0,0,0,0,0
9p3wy0w89x0d1.webp,2,1,0,0,0.9569,adaptive,0.0875,0.0,0,0.0,0,0,0,0
9p3wy0w89x0d1.webp,2,2,0,0,0.9569,adaptive,0.0576,0.0,0,0.0,0,0,0,0
9p3wy0w89x0d1.webp,2,3,2,2,0.9943,adaptive,0.1707,0.0857,1,0.0857,0,0,0,0
9p3wy0w89x0d1.webp,2,4,6,6,0.9655,adaptive,0.1793,0.1011,1,0.1011,0,0,0,0
9p3wy0w89x0d1.webp,2,5,0,0,0.9569,adaptive,0.0445,0.0,0,0.0,0,0,0,0
9p3wy0w89x0d1.webp,2,6,0,0,0.9569,adaptive,0.0649,0.0,0,0.0,0,0,0,0
9p3wy0w89x0d1.webp,2,7,0,0,0.9569,adaptive,0.0592,0.0,0,0.0,0,0,0,0
9p3wy0w89x0d1.webp,2,8,3,3,0.991,adaptive,0.1157,0.079,1,0.079,0,0,0,0
9p3wy0w89x0d1.webp,2,9,0,0,0.9569,adaptive,0.0882,0.0,0,0.0,0,0,0,0
9p3wy0w89x0d1.webp,3,1,0,0,0.9569,adaptive,0.1007,0.0,0,0.0,0,0,0,0
9p3wy0w89x0d1.webp,3,2,0,0,0.9569,adaptive,0.0708,0.0,0,0.0,0,0,0,0
9p3wy0w89x0d1.webp,3,3,0,0,0.9569,adaptive,0.1011,0.0,0,0.0,0,0,0,0
9p3wy0w89x0d1.webp,3,4,2,2,0.9955,adaptive,0.1824,0.0864,1,0.0864,0,0,0,0
9p3wy0w89x0d1.webp,3,5,0,0,0.9569,adaptive,0.0642,0.0,0,0.0,0,0,0,0
9p3wy0w89x0d1.webp,3,6,0,0,0.9569,adaptive,0.0855,0.0,0,0.0,0,0,0,0
9p3wy0w89x0d1.webp,3,7,5,5,0.998,adaptive,0.172,0.0824,1,0.0824,0,0,0,0
9p3wy0w89x0d1.webp,3,8,0,0,0.9569,adaptive,0.0633,0.0,0,0.0,0,0,0,0
9p3wy0w89x0d1.webp,3,9,0,0,0.9569,adaptive,0.1087,0.0,0,0.0,0,0,0,0
9p3wy0w89x0d1.webp,4,1,0,0,0.9569,adaptive,0.1109,0.0,0,0.0,0,0,0,0
9p3wy0w89x0d1.webp,4,2,0,0,0.9569,adaptive,0.0844,0.0,0,0.0,0,0,0,0
9p3wy0w89x0d1.webp,4,3,0,0,0.9569,adaptive,0.1109,0.0,0,0.0,0,0,0,0
9p3wy0w89x0d1.webp,4,4,0,0,0.9569,adaptive,0.1031,0.0,0,0.0,0,0,0,0
9p3wy0w89x0d1.webp,4,5,0,0,0.9569,adaptive,0.0782,0.0,0,0.0,0,0,0,0
9p3wy0w89x0d1.webp,4,6,0,0,0.9569,adaptive,0.0929,0.0,0,0.0,0,0,0,0
9p3wy0w89x0d1.webp,4,7,0,0,0.9569,adaptive,0.0953,0.0,0,0.0,0,0,0,0
9p3wy0w89x0d1.webp,4,8,0,0,0.9569,adaptive,0.0764,0.0,0,0.0,0,0,0,0
9p3wy0w89x0d1.webp,4,9,0,0,0.9569,adaptive,0.1125,0.0,0,0.0,0,0,0,0
9p3wy0w89x0d1.webp,5,1,0,0,0.9569,adaptive,0.0832,0.0,0,0.0,0,0,0,0
9p3wy0w89x0d1.webp,5,2,1,1,0.9905,adaptive,0.1102,0.0668,1,0.0668,0,0,0,0
9p3wy0w89x0d1.webp,5,3,5,5,0.9987,adaptive,0.1588,0.0862,1,0.0862,0,0,0,0
9p3wy0w89x0d1.webp,5,4,0,0,0.9569,adaptive,0.0749,0.0,0,0.0,0,0,0,0
9p3wy0w89x0d1.webp,5,5,0,0,0.9569,adaptive,0.0367,0.0,0,0.0,0,0,0,0
9p3wy0w89x0d1.webp,5,6,4,4,0.8481,adaptive,0.1413,0.0782,1,0.0782,0,0,0,0
9p3wy0w89x0d1.webp,5,7,0,0,0.9569,adaptive,0.0656,0.0,0,0.0,0,0,0,0
9p3wy0w89x0d1.webp,5,8,0,0,0.9569,adaptive,0.0367,0.0,0,0.0,0,0,0,0
9p3wy0w89x0d1.webp,5,9,3,3,0.9986,adaptive,0.1628,0.0801,1,0.0801,0,0,0,0
9p3wy0w89x0d1.webp,6,1,4,4,0.8612,adaptive,0.1943,0.078,1,0.078,0,0,0,0
9p3wy0w89x0d1.webp,6,2,7,7,0.9982,adaptive,0.1549,0.0724,1,0.0724,0,0,0,0
9p3wy0w89x0d1.webp,6,3,0,0,0.9569,adaptive,0.1027,0.0,0,0.0,0,0,0,0
9p3wy0w89x0d1.webp,6,4,0,0,0.9569,adaptive,0.09,0.0,0,0.0,0,0,0,0
9p3wy0w89x0d1.webp,6,5,0,0,0.9569,adaptive,0.0654,0.0,0,0.0,0,0,0,0
9p3wy0w89x0d1.webp,6,6,8,8,0.9995,adaptive,0.2014,0.1067,1,0.1067,0,0,0,0
9p3wy0w89x0d1.webp,6,7,0,0,0.9569,adaptive,0.0911,0.0,0,0.0,0,0,0,0
9p3wy0w89x0d1.webp,6,8,0,0,0.9569,adaptive,0.0649,0.0,0,0.0,0,0,0,0
9p3wy0w89x0d1.webp,6,9,9,9,0.9994,adaptive,0.2005,0.0973,1,0.0973,0,0,0,0
9p3wy0w89x0d1.webp,7,1,5,5,0.9979,adaptive,0.1889,0.0844,1,0.0844,0,0,0,0
9p3wy0w89x0d1.webp,7,2,0,0,0.9569,adaptive,0.0706,0.0,0,0.0,0,0,0,0
9p3wy0w89x0d1.webp,7,3,0,0,0.9569,adaptive,0.1009,0.0,0,0.0,0,0,0,0
9p3wy0w89x0d1.webp,7,4,0,0,0.9569,adaptive,0.0884,0.0,0,0.0,0,0,0,0
9p3wy0w89x0d1.webp,7,5,0,0,0.9569,adaptive,0.0658,0.0,0,0.0,0,0,0,0
9p3wy0w89x0d1.webp,7,6,0,0,0.9569,adaptive,0.0971,0.0,0,0.0,0,0,0,0
9p3wy0w89x0d1.webp,7,7,0,0,0.9569,adaptive,0.0936,0.0,0,0.0,0,0,0,0
9p3wy0w89x0d1.webp,7,8,0,0,0.9569,adaptive,0.0654,0.0,0,0.0,0,0,0,0
9p3wy0w89x0d1.webp,7,9,0,0,0.9569,adaptive,0.1025,0.0,0,0.0,0,0,0,0
9p3wy0w89x0d1.webp,8,1,0,0,0.9569,adaptive,0.0839,0.0,0,0.0,0,0,0,0
9p3wy0w89x0d1.webp,8,2,0,0,0.9569,adaptive,0.0455,0.0,0,0.0,0,0,0,0
9p3wy0w89x0d1.webp,8,3,0,0,0.9569,adaptive,0.0753,0.0,0,0.0,0,0,0,0
9p3wy0w89x0d1.webp,8,4,0,0,0.9569,adaptive,0.069,0.0,0,0.0,0,0,0,0
9p3wy0w89x0d1.webp,8,5,0,0,0.9569,adaptive,0.0404,0.0,0,0.0,0,0,0,0
9p3wy0w89x0d1.webp,8,6,0,0,0.9569,adaptive,0.0751,0.0,0,0.0,0,0,0,0
9p3wy0w89x0d1.webp,8,7,0,0,0.9569,adaptive,0.0742,0.0,0,0.0,0,0,0,0
9p3wy0w89x0d1.webp,8,8,4,4,0.9471,adaptive,0.1263,0.079,1,0.079,0,0,0,0
9p3wy0w89x0d1.webp,8,9,8,8,0.9993,adaptive,0.197,0.1081,1,0.1081,0,0,0,0
9p3wy0w89x0d1.webp,9,1,0,0,0.9569,adaptive,0.1223,0.0,0,0.0,0,0,0,0
9p3wy0w89x0d1.webp,9,2,6,6,0.9841,adaptive,0.1929,0.1011,1,0.1011,0,0,0,0
9p3wy0w89x0d1.webp,9,3,9,9,0.9996,adaptive,0.2201,0.098,1,0.098,0,0,0,0
9p3wy0w89x0d1.webp,9,4,0,0,0.9569,adaptive,0.1002,0.0,0,0.0,0,0,0,0
9p3wy0w89x0d1.webp,9,5,3,3,0.9989,adaptive,0.1685,0.0798,1,0.0798,0,0,0,0
9p3wy0w89x0d1.webp,9,6,0,0,0.9569,adaptive,0.1147,0.0,0,0.0,0,0,0,0
9p3wy0w89x0d1.webp,9,7,0,0,0.9569,adaptive,0.1096,0.0,0,0.0,0,0,0,0
9p3wy0w89x0d1.webp,9,8,1,1,0.9956,adaptive,0.1477,0.0611,1,0.0611,0,0,0,0
9p3wy0w89x0d1.webp,9,9,0,0,0.9569,adaptive,0.1219,0.0,0,0.0,0,0,0,0
uf3lgp4i6wdc1.webp,1,2,4,4,0.9983,adaptive,0.1578,0.0909,1,0.0909,0,0,0,0
uf3lgp4i6wdc1.webp,1,3,3,3,0.9985,adaptive,0.2038,0.0916,1,0.0916,0,0,0,0
uf3lgp4i6wdc1.webp,1,9,5,5,0.997,adaptive,0.2016,0.1009,1,0.1009,0,0,0,0
uf3lgp4i6wdc1.webp,2,2,5,5,0.9958,adaptive,0.1772,0.104,1,0.104,0,0,0,0
uf3lgp4i6wdc1.webp,2,5,6,6,0.9873,adaptive,0.1974,0.1116,1,0.1116,0,0,0,0
uf3lgp4i6wdc1.webp,2,6,3,3,0.9986,adaptive,0.2065,0.0927,1,0.0927,0,0,0,0
uf3lgp4i6wdc1.webp,3,4,2,2,0.9994,adaptive,0.2321,0.0936,1,0.0936,0,0,0,0
uf3lgp4i6wdc1.webp,3,5,4,4,0.9987,adaptive,0.2015,0.09,1,0.09,0,0,0,0
uf3lgp4i6wdc1.webp,3,6,5,5,0.9948,adaptive,0.2401,0.1011,1,0.1011,0,0,0,0
uf3lgp4i6wdc1.webp,4,1,1,1,0.9826,adaptive,0.1566,0.0564,1,0.0564,0,0,0,0
uf3lgp4i6wdc1.webp,4,2,8,8,0.9971,adaptive,0.2117,0.111,1,0.111,0,0,0,0
uf3lgp4i6wdc1.webp,4,4,5,5,0.9946,adaptive,0.2364,0.1007,1,0.1007,0,0,0,0
uf3lgp4i6wdc1.webp,4,6,4,4,0.999,adaptive,0.2159,0.0887,1,0.0887,0,0,0,0
uf3lgp4i6wdc1.webp,4,8,9,9,0.9954,adaptive,0.2112,0.1097,1,0.1097,0,0,0,0
uf3lgp4i6wdc1.webp,4,9,6,6,0.9421,adaptive,0.221,0.1069,1,0.1069,0,0,0,0
uf3lgp4i6wdc1.webp,5,1,5,5,0.9953,adaptive,0.1737,0.1024,1,0.1024,0,0,0,0
uf3lgp4i6wdc1.webp,5,2,6,6,0.9518,adaptive,0.1853,0.1127,1,0.1127,0,0,0,0
uf3lgp4i6wdc1.webp,5,3,4,4,0.9988,adaptive,0.2013,0.0907,1,0.0907,0,0,0,0
uf3lgp4i6wdc1.webp,5,8,8,8,0.9958,adaptive,0.1988,0.1127,1,0.1127,0,0,0,0
uf3lgp4i6wdc1.webp,5,9,2,2,0.9997,adaptive,0.1949,0.0952,1,0.0952,0,0,0,0
uf3lgp4i6wdc1.webp,6,4,6,6,0.9691,adaptive,0.2475,0.1092,1,0.1092,0,0,0,0
uf3lgp4i6wdc1.webp,6,7,5,5,0.9957,adaptive,0.2381,0.0994,1,0.0994,0,0,0,0
uf3lgp4i6wdc1.webp,7,1,4,4,0.998,adaptive,0.1887,0.0887,1,0.0887,0,0,0,0
uf3lgp4i6wdc1.webp,7,4,3,3,0.9977,adaptive,0.2292,0.0918,1,0.0918,0,0,0,0
uf3lgp4i6wdc1.webp,7,7,9,9,0.9914,adaptive,0.2442,0.1076,1,0.1076,0,0,0,0
uf3lgp4i6wdc1.webp,7,8,5,5,0.9956,adaptive,0.2144,0.1013,1,0.1013,0,0,0,0
uf3lgp4i6wdc1.webp,8,1,2,2,0.9997,adaptive,0.1685,0.0954,1,0.0954,0,0,0,0
uf3lgp4i6wdc1.webp,8,4,4,4,0.9986,adaptive,0.2053,0.0916,1,0.0916,0,0,0,0
uf3lgp4i6wdc1.webp,8,5,5,5,0.9945,adaptive,0.1896,0.1035,1,0.1035,0,0,0,0
uf3lgp4i6wdc1.webp,8,7,1,1,0.9875,adaptive,0.1703,0.0568,1,0.0568,0,0,0,0
uf3lgp4i6wdc1.webp,9,3,5,5,0.9942,adaptive,0.2136,0.0998,1,0.0998,0,0,0,0
uf3lgp4i6wdc1.webp,9,4,8,8,0.9899,adaptive,0.2245,0.11,1,0.11,0,0,0,0
uf3lgp4i6wdc1.webp,9,5,7,7,0.9974,adaptive,0.1578,0.0717,1,0.0717,0,0,0,0
