photo,row,col,gt,pred,conf,threshold,fg_frac,comps,largest_frac,tiny_removed,grid_removed,corner_removed,merged
3bor2sty6q0d1.webp,1,1,1,1,0.9915,adaptive,0.1894,8,0.0794,7,0,0,0
3bor2sty6q0d1.webp,1,2,7,7,0.9992,adaptive,0.1354,18,0.0491,17,0,0,0
3bor2sty6q0d1.webp,1,3,5,5,0.9977,adaptive,0.1905,26,0.1146,25,0,0,0
3bor2sty6q0d1.webp,1,4,6,6,0.7502,adaptive,0.2472,16,0.1267,15,0,0,0
3bor2sty6q0d1.webp,1,5,9,2,0.3106,adaptive,0.1731,15,0.0666,14,0,0,0
3bor2sty6q0d1.webp,1,6,4,4,0.978,adaptive,0.2208,29,0.1063,28,0,0,0
3bor2sty6q0d1.webp,1,7,3,3,0.9993,adaptive,0.2084,32,0.1049,31,0,0,0
3bor2sty6q0d1.webp,1,8,2,2,0.8257,adaptive,0.1791,38,0.0691,37,0,0,0
3bor2sty6q0d1.webp,1,9,8,8,0.7695,adaptive,0.1931,21,0.098,20,0,0,0
3bor2sty6q0d1.webp,2,1,4,4,0.9962,adaptive,0.1949,8,0.1072,7,0,0,0
3bor2sty6q0d1.webp,2,2,0,0,0.9569,adaptive,0.0973,25,0.0,25,0,0,0
3bor2sty6q0d1.webp,2,3,0,0,0.9569,adaptive,0.0923,43,0.0,43,0,0,0
3bor2sty6q0d1.webp,2,4,0,0,0.9569,adaptive,0.1455,36,0.0,36,0,0,0
3bor2sty6q0d1.webp,2,5,0,0,0.9569,adaptive,0.1187,30,0.0,30,0,0,0
3bor2sty6q0d1.webp,2,6,5,5,0.5775,adaptive,0.2107,29,0.0755,28,0,0,0
3bor2sty6q0d1.webp,2,7,9,9,0.9945,adaptive,0.2472,20,0.124,19,0,0,0
3bor2sty6q0d1.webp,2,8,1,1,0.9344,adaptive,0.1641,31,0.0478,30,0,0,0
3bor2sty6q0d1.webp,2,9,6,6,0.621,adaptive,0.1887,32,0.073,30,0,0,0
3bor2sty6q0d1.webp,3,1,9,7,0.5073,adaptive,0.1568,8,0.0702,7,0,0,0
3bor2sty6q0d1.webp,3,2,6,7,0.6538,adaptive,0.1646,7,0.0627,5,1,0,0
3bor2sty6q0d1.webp,3,3,0,0,0.9569,adaptive,0.1088,23,0.0,22,1,0,0
3bor2sty6q0d1.webp,3,4,1,1,0.8716,adaptive,0.2128,14,0.0863,12,0,0,0
3bor2sty6q0d1.webp,3,5,3,3,0.9991,adaptive,0.2245,19,0.1049,18,0,0,0
3bor2sty6q0d1.webp,3,6,0,0,0.9569,adaptive,0.1393,37,0.0,37,0,0,0
3bor2sty6q0d1.webp,3,7,4,5,0.4793,adaptive,0.2229,23,0.0737,21,0,0,0
3bor2sty6q0d1.webp,3,8,5,5,0.9919,adaptive,0.1761,25,0.073,24,0,0,0
3bor2sty6q0d1.webp,3,9,7,7,0.9987,adaptive,0.2117,33,0.0911,32,0,0,0
3bor2sty6q0d1.webp,4,1,2,4,0.3409,adaptive,0.1377,3,0.073,2,0,0,0
3bor2sty6q0d1.webp,4,2,0,0,0.9569,adaptive,0.0631,13,0.0,13,0,0,0
3bor2sty6q0d1.webp,4,3,4,4,0.9884,adaptive,0.1697,15,0.1088,14,0,0,0
3bor2sty6q0d1.webp,4,4,0,0,0.9569,adaptive,0.115,24,0.0,24,0,0,0
3bor2sty6q0d1.webp,4,5,6,2,0.639,adaptive,0.2039,21,0.0893,19,0,0,0
3bor2sty6q0d1.webp,4,6,1,1,0.9913,adaptive,0.2068,25,0.0847,24,0,0,0
3bor2sty6q0d1.webp,4,7,5,5,0.6486,adaptive,0.2124,24,0.0742,22,1,0,0
3bor2sty6q0d1.webp,4,8,7,7,0.9985,adaptive,0.1977,34,0.0909,33,0,0,0
3bor2sty6q0d1.webp,4,9,9,2,0.3441,adaptive,0.1878,35,0.0824,34,0,0,0
3bor2sty6q0d1.webp,5,1,6,6,0.9781,adaptive,0.1664,2,0.0861,1,0,0,0
3bor2sty6q0d1.webp,5,2,1,1,0.9391,adaptive,0.112,6,0.0425,5,0,0,0
3bor2sty6q0d1.webp,5,3,7,7,0.9584,adaptive,0.1522,17,0.0937,16,0,0,0
3bor2sty6q0d1.webp,5,4,0,0,0.9569,adaptive,0.1219,14,0.0071,13,0,0,0
3bor2sty6q0d1.webp,5,5,5,5,0.9919,adaptive,0.1919,5,0.104,4,0,0,0
3bor2sty6q0d1.webp,5,6,9,9,0.6564,adaptive,0.168,33,0.0643,32,0,0,0
3bor2sty6q0d1.webp,5,7,8,8,0.9912,adaptive,0.2617,20,0.1352,18,1,0,0
3bor2sty6q0d1.webp,5,8,0,0,0.9569,adaptive,0.1322,51,0.0092,50,0,0,0
3bor2sty6q0d1.webp,5,9,2,2,0.9981,adaptive,0.1763,36,0.0693,35,0,0,0
3bor2sty6q0d1.webp,6,1,5,5,0.7652,adaptive,0.2103,5,0.1042,4,0,0,0
3bor2sty6q0d1.webp,6,2,9,9,0.9529,adaptive,0.205,3,0.1327,2,0,0,0
3bor2sty6q0d1.webp,6,3,0,0,0.9569,adaptive,0.0769,7,0.0,7,0,0,0
3bor2sty6q0d1.webp,6,4,2,2,0.9971,adaptive,0.2091,3,0.1123,2,0,0,0
3bor2sty6q0d1.webp,6,5,0,0,0.9569,adaptive,0.1141,26,0.0,26,0,0,0
3bor2sty6q0d1.webp,6,6,0,0,0.9569,adaptive,0.124,29,0.0051,28,0,0,0
3bor2sty6q0d1.webp,6,7,6,6,0.9509,adaptive,0.2507,14,0.1331,12,1,0,0
3bor2sty6q0d1.webp,6,8,0,0,0.9569,adaptive,0.1515,41,0.0069,39,0,0,0
3bor2sty6q0d1.webp,6,9,1,1,0.9745,adaptive,0.1687,42,0.0514,40,0,0,1
3bor2sty6q0d1.webp,7,1,3,3,0.9908,adaptive,0.1761,1,0.1171,0,0,0,0
3bor2sty6q0d1.webp,7,2,2,2,0.602,adaptive,0.1226,2,0.0817,1,0,0,0
3bor2sty6q0d1.webp,7,3,1,1,0.9249,adaptive,0.0657,3,0.039,2,0,0,0
3bor2sty6q0d1.webp,7,4,5,5,0.9883,adaptive,0.1749,4,0.0946,3,0,0,0
3bor2sty6q0d1.webp,7,5,8,8,0.9934,adaptive,0.2176,17,0.1412,16,0,0,0
3bor2sty6q0d1.webp,7,6,6,5,0.7312,adaptive,0.2149,16,0.1348,12,0,0,0
3bor2sty6q0d1.webp,7,7,7,7,0.6368,adaptive,0.1894,18,0.0817,15,1,0,1
3bor2sty6q0d1.webp,7,8,9,2,0.6231,adaptive,0.1912,35,0.0744,31,0,0,1
3bor2sty6q0d1.webp,7,9,4,4,0.9641,adaptive,0.2004,34,0.0771,33,0,0,0
3bor2sty6q0d1.webp,8,1,8,9,0.8408,adaptive,0.1754,4,0.0921,3,0,0,0
3bor2sty6q0d1.webp,8,2,5,5,0.5676,adaptive,0.1543,4,0.0944,3,0,0,0
3bor2sty6q0d1.webp,8,3,9,9,0.9978,adaptive,0.1612,5,0.1393,4,0,0,0
3bor2sty6q0d1.webp,8,4,0,0,0.9569,adaptive,0.0875,6,0.0,6,0,0,0
3bor2sty6q0d1.webp,8,5,0,0,0.9569,adaptive,0.0719,22,0.0,22,0,0,0
3bor2sty6q0d1.webp,8,6,0,0,0.9569,adaptive,0.0932,29,0.0076,26,0,0,0
3bor2sty6q0d1.webp,8,7,1,7,0.5537,adaptive,0.1538,27,0.0383,24,1,0,0
3bor2sty6q0d1.webp,8,8,6,1,0.7672,adaptive,0.2254,43,0.068,41,0,0,0
3bor2sty6q0d1.webp,8,9,3,3,0.999,adaptive,0.2241,32,0.1157,31,0,0,0
3bor2sty6q0d1.webp,9,1,7,7,0.9976,adaptive,0.1469,1,0.0537,0,0,0,0
3bor2sty6q0d1.webp,9,2,4,5,0.4032,adaptive,0.1416,1,0.0645,0,0,0,0
3bor2sty6q0d1.webp,9,3,6,5,0.5372,adaptive,0.1915,3,0.14,2,0,0,0
3bor2sty6q0d1.webp,9,4,9,9,0.9912,adaptive,0.2424,4,0.138,3,0,0,0
3bor2sty6q0d1.webp,9,5,1,7,0.8697,adaptive,0.155,22,0.0386,20,0,0,1
3bor2sty6q0d1.webp,9,6,3,3,0.9991,adaptive,0.2355,17,0.1157,16,0,0,0
3bor2sty6q0d1.webp,9,7,2,2,0.9598,adaptive,0.2371,11,0.1205,9,1,0,0
3bor2sty6q0d1.webp,9,8,8,2,0.9783,adaptive,0.2273,23,0.1047,20,0,0,1
3bor2sty6q0d1.webp,9,9,5,2,0.7935,adaptive,0.2243,27,0.1226,25,0,0,0
w9y7j9hnxszc1.webp,1,1,6,6,0.9917,adaptive,0.1738,1,0.1148,0,0,0,0
w9y7j9hnxszc1.webp,1,2,8,8,0.9992,adaptive,0.1855,1,0.1283,0,0,0,0
w9y7j9hnxszc1.webp,1,4,0,0,0.9569,adaptive,0.0744,0,0.0,0,0,0,0
w9y7j9hnxszc1.webp,1,5,9,9,0.9996,adaptive,0.1814,1,0.1104,0,0,0,0
w9y7j9hnxszc1.webp,1,6,0,0,0.9569,adaptive,0.0579,0,0.0,0,0,0,0
w9y7j9hnxszc1.webp,1,9,3,3,0.9984,adaptive,0.1669,1,0.1088,0,0,0,0
w9y7j9hnxszc1.webp,2,2,9,9,0.999,adaptive,0.1667,1,0.1095,0,0,0,0
w9y7j9hnxszc1.webp,2,3,0,0,0.9569,adaptive,0.0429,0,0.0,0,0,0,0
w9y7j9hnxszc1.webp,2,4,6,6,0.9919,adaptive,0.1848,1,0.1127,0,0,0,0
w9y7j9hnxszc1.webp,2,5,5,5,0.9972,adaptive,0.168,1,0.1093,0,0,0,0
w9y7j9hnxszc1.webp,2,7,8,8,0.9993,adaptive,0.1995,1,0.1283,0,0,0,0
w9y7j9hnxszc1.webp,2,8,2,2,0.9979,adaptive,0.1618,1,0.1028,0,0,0,0
w9y7j9hnxszc1.webp,3,2,5,5,0.9989,adaptive,0.1694,1,0.112,0,0,0,0
w9y7j9hnxszc1.webp,3,6,7,7,0.999,adaptive,0.1345,1,0.0755,0,0,0,0
w9y7j9hnxszc1.webp,3,7,6,6,0.9944,adaptive,0.1837,1,0.1125,0,0,0,0
w9y7j9hnxszc1.webp,3,8,9,9,0.9996,adaptive,0.1697,1,0.1107,0,0,0,0
w9y7j9hnxszc1.webp,3,9,0,0,0.9569,adaptive,0.059,0,0.0,0,0,0,0
w9y7j9hnxszc1.webp,4,1,0,0,0.9569,adaptive,0.0735,0,0.0,0,0,0,0
w9y7j9hnxszc1.webp,4,2,7,7,0.9998,adaptive,0.1458,1,0.0753,0,0,0,0
w9y7j9hnxszc1.webp,4,3,1,1,0.8131,adaptive,0.1141,1,0.0686,0,0,0,0
w9y7j9hnxszc1.webp,4,5,6,6,0.9881,adaptive,0.194,1,0.1116,0,0,0,0
w9y7j9hnxszc1.webp,4,7,0,0,0.9569,adaptive,0.0877,0,0.0,0,0,0,0
w9y7j9hnxszc1.webp,4,8,8,8,0.998,adaptive,0.1993,1,0.1263,0,0,0,0
w9y7j9hnxszc1.webp,4,9,9,9,0.9994,adaptive,0.1834,1,0.1107,0,0,0,0
w9y7j9hnxszc1.webp,5,1,0,0,0.9569,adaptive,0.0579,0,0.0,0,0,0,0
w9y7j9hnxszc1.webp,5,2,2,2,0.9584,adaptive,0.1462,1,0.1012,0,0,0,0
w9y7j9hnxszc1.webp,5,3,0,0,0.9569,adaptive,0.045,0,0.0,0,0,0,0
w9y7j9hnxszc1.webp,5,5,0,0,0.9569,adaptive,0.0597,0,0.0,0,0,0,0
w9y7j9hnxszc1.webp,5,6,8,8,0.9972,adaptive,0.1841,1,0.1247,0,0,0,0
w9y7j9hnxszc1.webp,5,7,0,0,0.9569,adaptive,0.0716,0,0.0,0,0,0,0
w9y7j9hnxszc1.webp,5,8,0,0,0.9569,adaptive,0.0597,0,0.0,0,0,0,0
w9y7j9hnxszc1.webp,5,9,0,0,0.9569,adaptive,0.0716,0,0.0,0,0,0,0
w9y7j9hnxszc1.webp,6,2,0,0,0.9569,adaptive,0.0556,0,0.0,0,0,0,0
w9y7j9hnxszc1.webp,6,4,3,3,0.9955,adaptive,0.1807,1,0.1081,0,0,0,0
w9y7j9hnxszc1.webp,6,5,0,0,0.9569,adaptive,0.0595,0,0.0,0,0,0,0
w9y7j9hnxszc1.webp,6,7,2,2,0.9786,adaptive,0.1717,1,0.0999,0,0,0,0
w9y7j9hnxszc1.webp,6,8,0,0,0.9569,adaptive,0.0597,0,0.0,0,0,0,0
w9y7j9hnxszc1.webp,6,9,0,0,0.9569,adaptive,0.0684,0,0.0,0,0,0,0
w9y7j9hnxszc1.webp,7,1,0,0,0.9569,adaptive,0.0739,0,0.0,0,0,0,0
w9y7j9hnxszc1.webp,7,3,0,0,0.9569,adaptive,0.0691,0,0.0,0,0,0,0
w9y7j9hnxszc1.webp,7,4,0,0,0.9569,adaptive,0.0888,0,0.0,0,0,0,0
w9y7j9hnxszc1.webp,7,5,0,0,0.9569,adaptive,0.0721,0,0.0,0,0,0,0
w9y7j9hnxszc1.webp,7,6,0,0,0.9569,adaptive,0.0723,0,0.0,0,0,0,0
w9y7j9hnxszc1.webp,7,7,4,4,0.9417,adaptive,0.1938,1,0.1049,0,0,0,0
w9y7j9hnxszc1.webp,7,9,2,2,0.9444,adaptive,0.1873,1,0.1047,0,0,0,0
w9y7j9hnxszc1.webp,8,1,0,0,0.9569,adaptive,0.0714,0,0.0,0,0,0,0
w9y7j9hnxszc1.webp,8,3,0,0,0.9569,adaptive,0.0565,0,0.0,0,0,0,0
w9y7j9hnxszc1.webp,8,6,6,6,0.9501,adaptive,0.1843,1,0.1097,0,0,0,0
w9y7j9hnxszc1.webp,8,8,7,7,0.9998,adaptive,0.1508,1,0.0785,0,0,0,0
w9y7j9hnxszc1.webp,8,9,8,8,0.9825,adaptive,0.211,1,0.1249,0,0,0,0
w9y7j9hnxszc1.webp,9,1,2,2,0.907,adaptive,0.1756,1,0.1045,0,0,0,0
w9y7j9hnxszc1.webp,9,2,0,0,0.9569,adaptive,0.0705,0,0.0,0,0,0,0
w9y7j9hnxszc1.webp,9,3,0,0,0.9569,adaptive,0.045,0,0.0,0,0,0,0
w9y7j9hnxszc1.webp,9,4,0,0,0.9569,adaptive,0.0852,0,0.0,0,0,0,0
w9y7j9hnxszc1.webp,9,5,0,0,0.9569,adaptive,0.0721,0,0.0,0,0,0,0
w9y7j9hnxszc1.webp,9,6,0,0,0.9569,adaptive,0.0595,0,0.0,0,0,0,0
w9y7j9hnxszc1.webp,9,8,1,1,0.7872,adaptive,0.1481,1,0.0618,0,0,0,0
kt8h5700va8c1.webp,1,1,5,5,0.999,adaptive,0.1724,1,0.0838,0,0,0,0
kt8h5700va8c1.webp,1,2,2,2,0.9952,adaptive,0.1745,1,0.082,0,0,0,0
kt8h5700va8c1.webp,1,3,7,7,0.998,adaptive,0.146,1,0.0611,0,0,0,0
kt8h5700va8c1.webp,1,5,3,3,0.9986,adaptive,0.1678,1,0.0817,0,0,0,0
kt8h5700va8c1.webp,1,6,4,4,0.9975,adaptive,0.1736,1,0.0751,0,0,0,0
kt8h5700va8c1.webp,2,1,4,4,0.9967,adaptive,0.1483,1,0.0758,0,0,0,0
kt8h5700va8c1.webp,2,2,9,9,0.9948,adaptive,0.1747,1,0.0918,0,0,0,0
kt8h5700va8c1.webp,2,5,2,2,0.9959,adaptive,0.1683,1,0.082,0,0,0,0
kt8h5700va8c1.webp,2,6,1,1,0.9905,adaptive,0.1428,1,0.0579,0,0,0,0
kt8h5700va8c1.webp,2,7,7,7,0.9989,adaptive,0.1618,1,0.0636,0,0,0,0
kt8h5700va8c1.webp,2,9,5,5,0.9974,adaptive,0.1439,1,0.0859,0,0,0,0
kt8h5700va8c1.webp,3,2,1,1,0.9837,adaptive,0.1483,1,0.0624,0,0,0,0
kt8h5700va8c1.webp,3,4,9,9,0.9935,adaptive,0.1894,1,0.0911,0,0,0,0
kt8h5700va8c1.webp,3,5,5,5,0.9986,adaptive,0.1715,1,0.0843,0,0,0,0
kt8h5700va8c1.webp,3,6,7,7,0.9985,adaptive,0.1506,1,0.0652,0,0,0,0
kt8h5700va8c1.webp,4,1,1,1,0.9962,adaptive,0.1455,1,0.059,0,0,0,0
kt8h5700va8c1.webp,4,2,7,7,0.9987,adaptive,0.149,1,0.0634,0,0,0,0
kt8h5700va8c1.webp,4,4,5,5,0.9993,adaptive,0.1843,1,0.0872,0,0,0,0
kt8h5700va8c1.webp,4,5,8,8,0.9915,adaptive,0.1924,1,0.0925,0,0,0,0
kt8h5700va8c1.webp,4,6,2,2,0.9972,adaptive,0.1823,1,0.0831,0,0,0,0
kt8h5700va8c1.webp,4,8,9,9,0.9934,adaptive,0.1756,1,0.0902,0,0,0,0
kt8h5700va8c1.webp,4,9,4,4,0.9976,adaptive,0.1485,1,0.0751,0,0,0,0
kt8h5700va8c1.webp,5,3,2,2,0.9945,adaptive,0.1655,1,0.0829,0,0,0,0
kt8h5700va8c1.webp,5,4,1,1,0.9959,adaptive,0.1472,1,0.0595,0,0,0,0
kt8h5700va8c1.webp,5,6,3,3,0.9978,adaptive,0.155,1,0.0822,0,0,0,0
kt8h5700va8c1.webp,5,8,7,7,0.9986,adaptive,0.1247,1,0.0647,0,0,0,0
kt8h5700va8c1.webp,6,4,7,7,0.999,adaptive,0.1481,1,0.0611,0,0,0,0
kt8h5700va8c1.webp,6,6,6,6,0.9227,adaptive,0.1609,1,0.09,0,0,0,0
kt8h5700va8c1.webp,7,2,3,3,0.9979,adaptive,0.1781,1,0.0817,0,0,0,0
kt8h5700va8c1.webp,7,4,2,2,0.9956,adaptive,0.1997,2,0.0817,0,1,0,0
kt8h5700va8c1.webp,7,5,7,7,0.9985,adaptive,0.1616,1,0.0631,0,0,0,0
kt8h5700va8c1.webp,7,6,8,8,0.9904,adaptive,0.1837,1,0.0941,0,0,0,0
kt8h5700va8c1.webp,7,8,1,1,0.9965,adaptive,0.1449,1,0.0599,0,0,0,0
kt8h5700va8c1.webp,8,1,7,7,0.9988,adaptive,0.1607,1,0.0613,0,0,0,0
kt8h5700va8c1.webp,8,3,1,1,0.9923,adaptive,0.1327,1,0.0599,0,0,0,0
kt8h5700va8c1.webp,8,4,3,3,0.9983,adaptive,0.1697,1,0.081,0,0,0,0
kt8h5700va8c1.webp,8,5,6,6,0.9546,adaptive,0.1687,1,0.0909,0,0,0,0
kt8h5700va8c1.webp,9,1,2,2,0.995,adaptive,0.183,1,0.0831,0,0,0,0
kt8h5700va8c1.webp,9,4,4,4,0.9979,adaptive,0.177,1,0.0778,0,0,0,0
kt8h5700va8c1.webp,9,5,1,1,0.9957,adaptive,0.1476,1,0.0597,0,0,0,0
kt8h5700va8c1.webp,9,9,7,7,0.9982,adaptive,0.1515,1,0.0652,0,0,0,0
ju8gg6b80v0d1.webp,1,1,0,0,0.9569,adaptive,0.0588,0,0.0,0,0,0,0
ju8gg6b80v0d1.webp,1,2,0,0,0.9569,adaptive,0.0303,0,0.0,0,0,0,0
ju8gg6b80v0d1.webp,1,3,0,0,0.9569,adaptive,0.0303,0,0.0,0,0,0,0
ju8gg6b80v0d1.webp,1,4,2,2,0.9881,adaptive,0.1623,1,0.0886,0,0,0,0
ju8gg6b80v0d1.webp,1,5,0,0,0.9569,adaptive,0.0436,0,0.0,0,0,0,0
ju8gg6b80v0d1.webp,1,6,0,0,0.9569,adaptive,0.0448,0,0.0,0,0,0,0
ju8gg6b80v0d1.webp,1,7,0,0,0.9569,adaptive,0.0732,0,0.0,0,0,0,0
ju8gg6b80v0d1.webp,1,8,0,0,0.9569,adaptive,0.0438,0,0.0,0,0,0,0
ju8gg6b80v0d1.webp,1,9,0,0,0.9569,adaptive,0.0438,0,0.0,0,0,0,0
ju8gg6b80v0d1.webp,2,1,0,0,0.9569,adaptive,0.0303,0,0.0,0,0,0,0
ju8gg6b80v0d1.webp,2,2,0,0,0.9569,adaptive,0.0009,0,0.0,0,0,0,0
ju8gg6b80v0d1.webp,2,3,8,8,0.9993,adaptive,0.11,1,0.109,0,0,0,0
ju8gg6b80v0d1.webp,2,4,0,0,0.9569,adaptive,0.0455,0,0.0,0,0,0,0
ju8gg6b80v0d1.webp,2,5,0,0,0.9569,adaptive,0.0149,0,0.0,0,0,0,0
ju8gg6b80v0d1.webp,2,6,7,7,0.9987,adaptive,0.0845,1,0.0693,0,0,0,0
ju8gg6b80v0d1.webp,2,7,3,3,0.9989,adaptive,0.1251,1,0.0797,0,0,0,0
ju8gg6b80v0d1.webp,2,8,0,0,0.9569,adaptive,0.0158,0,0.0,0,0,0,0
ju8gg6b80v0d1.webp,2,9,0,0,0.9569,adaptive,0.0158,0,0.0,0,0,0,0
ju8gg6b80v0d1.webp,3,1,6,6,0.9863,adaptive,0.1297,1,0.0994,0,0,0,0
ju8gg6b80v0d1.webp,3,2,7,7,0.9993,adaptive,0.0696,1,0.0686,0,0,0,0
ju8gg6b80v0d1.webp,3,3,0,0,0.9569,adaptive,0.0009,0,0.0,0,0,0,0
ju8gg6b80v0d1.webp,3,4,0,0,0.9569,adaptive,0.0455,0,0.0,0,0,0,0
ju8gg6b80v0d1.webp,3,5,0,0,0.9569,adaptive,0.0147,0,0.0,0,0,0,0
ju8gg6b80v0d1.webp,3,6,9,9,0.9996,adaptive,0.115,1,0.1001,0,0,0,0
ju8gg6b80v0d1.webp,3,7,0,0,0.9569,adaptive,0.0455,0,0.0,0,0,0,0
ju8gg6b80v0d1.webp,3,8,0,0,0.9569,adaptive,0.0158,0,0.0,0,0,0,0
ju8gg6b80v0d1.webp,3,9,0,0,0.9569,adaptive,0.0158,0,0.0,0,0,0,0
ju8gg6b80v0d1.webp,4,1,0,0,0.9569,adaptive,0.0735,0,0.0,0,0,0,0
ju8gg6b80v0d1.webp,4,2,0,0,0.9569,adaptive,0.0455,0,0.0,0,0,0,0
ju8gg6b80v0d1.webp,4,3,0,0,0.9569,adaptive,0.0455,0,0.0,0,0,0,0
ju8gg6b80v0d1.webp,4,4,0,0,0.9569,adaptive,0.0884,0,0.0,0,0,0,0
ju8gg6b80v0d1.webp,4,5,0,0,0.9569,adaptive,0.0581,0,0.0,0,0,0,0
ju8gg6b80v0d1.webp,4,6,0,0,0.9569,adaptive,0.0583,0,0.0,0,0,0,0
ju8gg6b80v0d1.webp,4,7,0,0,0.9569,adaptive,0.0884,0,0.0,0,0,0,0
ju8gg6b80v0d1.webp,4,8,7,7,0.999,adaptive,0.1272,1,0.0684,0,0,0,0
ju8gg6b80v0d1.webp,4,9,0,0,0.9569,adaptive,0.0592,0,0.0,0,0,0,0
ju8gg6b80v0d1.webp,5,1,4,4,0.9029,adaptive,0.1189,1,0.0753,0,0,0,0
ju8gg6b80v0d1.webp,5,2,5,5,0.997,adaptive,0.0966,1,0.081,0,0,0,0
ju8gg6b80v0d1.webp,5,3,0,0,0.9569,adaptive,0.0156,0,0.0,0,0,0,0
ju8gg6b80v0d1.webp,5,4,0,0,0.9569,adaptive,0.0583,0,0.0,0,0,0,0
ju8gg6b80v0d1.webp,5,5,9,9,0.9992,adaptive,0.1258,1,0.0966,0,0,0,0
ju8gg6b80v0d1.webp,5,6,0,0,0.9569,adaptive,0.0298,0,0.0,0,0,0,0
ju8gg6b80v0d1.webp,5,7,0,0,0.9569,adaptive,0.0581,0,0.0,0,0,0,0
ju8gg6b80v0d1.webp,5,8,0,0,0.9569,adaptive,0.0296,0,0.0,0,0,0,0
ju8gg6b80v0d1.webp,5,9,0,0,0.9569,adaptive,0.0294,0,0.0,0,0,0,0
ju8gg6b80v0d1.webp,6,1,0,0,0.9569,adaptive,0.0556,0,0.0,0,0,0,0
ju8gg6b80v0d1.webp,6,2,2,2,0.9909,adaptive,0.1141,1,0.0868,0,0,0,0
ju8gg6b80v0d1.webp,6,3,3,3,0.9981,adaptive,0.0983,1,0.0781,0,0,0,0
ju8gg6b80v0d1.webp,6,4,5,5,0.9974,adaptive,0.14,1,0.0815,0,0,0,0
ju8gg6b80v0d1.webp,6,5,0,0,0.9569,adaptive,0.0292,0,0.0,0,0,0,0
ju8gg6b80v0d1.webp,6,6,0,0,0.9569,adaptive,0.0303,0,0.0,0,0,0,0
ju8gg6b80v0d1.webp,6,7,0,0,0.9569,adaptive,0.0581,0,0.0,0,0,0,0
ju8gg6b80v0d1.webp,6,8,0,0,0.9569,adaptive,0.0315,0,0.0,0,0,0,0
ju8gg6b80v0d1.webp,6,9,9,9,0.9987,adaptive,0.1276,1,0.0969,0,0,0,0
ju8gg6b80v0d1.webp,7,1,0,0,0.9569,adaptive,0.0735,0,0.0,0,0,0,0
ju8gg6b80v0d1.webp,7,2,0,0,0.9569,adaptive,0.0455,0,0.0,0,0,0,0
ju8gg6b80v0d1.webp,7,3,0,0,0.9569,adaptive,0.0455,0,0.0,0,0,0,0
ju8gg6b80v0d1.webp,7,4,3,3,0.9991,adaptive,0.1786,1,0.0781,0,0,0,0
ju8gg6b80v0d1.webp,7,5,4,4,0.9132,adaptive,0.1325,1,0.0758,0,0,0,0
ju8gg6b80v0d1.webp,7,6,0,0,0.9569,adaptive,0.0689,0,0.0,0,0,0,0
ju8gg6b80v0d1.webp,7,7,0,0,0.9569,adaptive,0.0888,0,0.0,0,0,0,0
ju8gg6b80v0d1.webp,7,8,9,9,0.9987,adaptive,0.1577,1,0.0996,0,0,0,0
ju8gg6b80v0d1.webp,7,9,8,8,0.9976,adaptive,0.1657,1,0.1074,0,0,0,0
ju8gg6b80v0d1.webp,8,1,0,0,0.9569,adaptive,0.0438,0,0.0,0,0,0,0
ju8gg6b80v0d1.webp,8,2,3,3,0.9993,adaptive,0.0932,1,0.0774,0,0,0,0
ju8gg6b80v0d1.webp,8,3,0,0,0.9569,adaptive,0.0161,0,0.0,0,0,0,0
ju8gg6b80v0d1.webp,8,4,0,0,0.9569,adaptive,0.0732,0,0.0,0,0,0,0
ju8gg6b80v0d1.webp,8,5,7,7,0.998,adaptive,0.0985,1,0.07,0,0,0,0
ju8gg6b80v0d1.webp,8,6,0,0,0.9569,adaptive,0.0425,0,0.0,0,0,0,0
ju8gg6b80v0d1.webp,8,7,0,0,0.9569,adaptive,0.0583,0,0.0,0,0,0,0
ju8gg6b80v0d1.webp,8,8,0,0,0.9569,adaptive,0.0303,0,0.0,0,0,0,0
ju8gg6b80v0d1.webp,8,9,0,0,0.9569,adaptive,0.0308,0,0.0,0,0,0,0
ju8gg6b80v0d1.webp,9,1,0,0,0.9569,adaptive,0.0438,0,0.0,0,0,0,0
ju8gg6b80v0d1.webp,9,2,0,0,0.9569,adaptive,0.0158,0,0.0,0,0,0,0
ju8gg6b80v0d1.webp,9,3,4,4,0.9076,adaptive,0.0909,1,0.0753,0,0,0,0
ju8gg6b80v0d1.webp,9,4,6,6,0.9836,adaptive,0.171,1,0.0973,0,0,0,0
ju8gg6b80v0d1.webp,9,5,0,0,0.9569,adaptive,0.0285,0,0.0,0,0,0,0
ju8gg6b80v0d1.webp,9,6,0,0,0.9569,adaptive,0.0427,0,0.0,0,0,0,0
ju8gg6b80v0d1.webp,9,7,0,0,0.9569,adaptive,0.0583,0,0.0,0,0,0,0
ju8gg6b80v0d1.webp,9,8,0,0,0.9569,adaptive,0.0301,0,0.0,0,0,0,0
ju8gg6b80v0d1.webp,9,9,2,2,0.9958,adaptive,0.1166,1,0.0859,0,0,0,0
wnijnnxmeyzc1.webp,1,3,5,5,0.998,adaptive,0.1169,1,0.0865,0,0,0,0
wnijnnxmeyzc1.webp,1,4,4,4,0.9673,adaptive,0.1345,1,0.0755,0,0,0,0
wnijnnxmeyzc1.webp,1,5,8,8,0.9993,adaptive,0.1359,1,0.1079,0,0,0,0
wnijnnxmeyzc1.webp,1,6,3,3,0.9955,adaptive,0.1205,1,0.0794,0,0,0,0
wnijnnxmeyzc1.webp,1,9,6,6,0.9837,adaptive,0.1412,1,0.0994,0,0,0,0
wnijnnxmeyzc1.webp,2,7,3,3,0.9984,adaptive,0.1396,1,0.079,0,0,0,0
wnijnnxmeyzc1.webp,2,8,4,4,0.9411,adaptive,0.0932,1,0.0781,0,0,0,0
wnijnnxmeyzc1.webp,3,1,7,7,0.9987,adaptive,0.0987,1,0.0682,0,0,0,0
wnijnnxmeyzc1.webp,3,2,4,4,0.8818,adaptive,0.0971,1,0.082,0,0,0,0
wnijnnxmeyzc1.webp,3,3,3,3,0.9984,adaptive,0.1141,1,0.081,0,0,0,0
wnijnnxmeyzc1.webp,3,5,1,1,0.9938,adaptive,0.0916,1,0.0636,0,0,0,0
wnijnnxmeyzc1.webp,4,1,3,3,0.9973,adaptive,0.1391,1,0.0801,0,0,0,0
wnijnnxmeyzc1.webp,4,2,9,9,0.9995,adaptive,0.1476,1,0.1022,0,0,0,0
wnijnnxmeyzc1.webp,4,3,4,4,0.9207,adaptive,0.1391,1,0.0771,0,0,0,0
wnijnnxmeyzc1.webp,4,4,2,2,0.9925,adaptive,0.1763,1,0.0875,0,0,0,0
wnijnnxmeyzc1.webp,4,5,6,6,0.9884,adaptive,0.157,1,0.0999,0,0,0,0
wnijnnxmeyzc1.webp,4,6,7,7,0.9991,adaptive,0.1421,1,0.0709,0,0,0,0
wnijnnxmeyzc1.webp,5,5,9,9,0.9992,adaptive,0.1428,1,0.0992,0,0,0,0
wnijnnxmeyzc1.webp,5,9,7,7,0.9992,adaptive,0.1054,1,0.0682,0,0,0,0
wnijnnxmeyzc1.webp,6,1,6,6,0.9746,adaptive,0.1295,1,0.0989,0,0,0,0
wnijnnxmeyzc1.webp,6,2,5,5,0.9988,adaptive,0.1001,1,0.0849,0,0,0,0
wnijnnxmeyzc1.webp,6,3,7,7,0.9993,adaptive,0.1051,1,0.073,0,0,0,0
wnijnnxmeyzc1.webp,6,4,8,8,0.9996,adaptive,0.1963,1,0.107,0,0,0,0
wnijnnxmeyzc1.webp,6,6,1,1,0.9955,adaptive,0.1063,1,0.0636,0,0,0,0
wnijnnxmeyzc1.webp,7,1,4,4,0.8778,adaptive,0.1543,1,0.0808,0,0,0,0
wnijnnxmeyzc1.webp,7,3,9,9,0.999,adaptive,0.1742,1,0.1008,0,0,0,0
wnijnnxmeyzc1.webp,7,6,8,8,0.9993,adaptive,0.1951,1,0.1102,0,0,0,0
wnijnnxmeyzc1.webp,8,1,8,8,0.9989,adaptive,0.1524,1,0.1104,0,0,0,0
wnijnnxmeyzc1.webp,8,2,7,7,0.9994,adaptive,0.0985,1,0.0682,0,0,0,0
wnijnnxmeyzc1.webp,8,3,6,6,0.9761,adaptive,0.1407,1,0.0994,0,0,0,0
wnijnnxmeyzc1.webp,8,6,9,9,0.9979,adaptive,0.1582,1,0.101,0,0,0,0
wnijnnxmeyzc1.webp,8,9,5,5,0.998,adaptive,0.1389,1,0.0829,0,0,0,0
wnijnnxmeyzc1.webp,9,1,5,5,0.9974,adaptive,0.1166,1,0.0868,0,0,0,0
wnijnnxmeyzc1.webp,9,7,9,9,0.9978,adaptive,0.1719,1,0.0987,0,0,0,0
wnijnnxmeyzc1.webp,9,8,8,8,0.9991,adaptive,0.1364,1,0.1056,0,0,0,0
xlqt9nwk960d1.webp,1,2,7,7,0.9977,adaptive,0.1405,2,0.0675,1,0,0,0
xlqt9nwk960d1.webp,1,4,3,3,0.9973,adaptive,0.1618,4,0.0877,3,0,0,0
xlqt9nwk960d1.webp,1,5,4,4,0.9973,adaptive,0.155,5,0.0797,4,0,0,0
xlqt9nwk960d1.webp,1,8,2,2,0.9975,adaptive,0.1628,9,0.0856,8,0,0,0
xlqt9nwk960d1.webp,1,9,9,9,0.9947,adaptive,0.1639,2,0.0944,1,0,0,0
xlqt9nwk960d1.webp,2,1,2,2,0.9942,adaptive,0.1467,3,0.084,2,0,0,0
xlqt9nwk960d1.webp,2,3,4,4,0.9983,adaptive,0.1357,7,0.0794,6,0,0,0
xlqt9nwk960d1.webp,2,5,7,7,0.9989,adaptive,0.1173,4,0.0696,3,0,0,0
xlqt9nwk960d1.webp,2,8,5,5,0.9995,adaptive,0.1478,9,0.0921,8,0,0,0
xlqt9nwk960d1.webp,3,2,8,8,0.9894,adaptive,0.141,5,0.098,4,0,0,0
xlqt9nwk960d1.webp,3,3,9,9,0.9978,adaptive,0.1419,6,0.0955,5,0,0,0
xlqt9nwk960d1.webp,3,4,2,2,0.9956,adaptive,0.1373,12,0.0852,11,0,0,0
xlqt9nwk960d1.webp,3,6,6,6,0.9346,adaptive,0.1398,5,0.0944,4,0,0,0
xlqt9nwk960d1.webp,3,8,4,4,0.9978,adaptive,0.1435,2,0.0831,1,0,0,0
xlqt9nwk960d1.webp,4,2,9,9,0.9928,adaptive,0.1669,6,0.0927,5,0,0,0
xlqt9nwk960d1.webp,4,3,7,7,0.9988,adaptive,0.1423,4,0.0686,3,0,0,0
xlqt9nwk960d1.webp,4,7,2,2,0.9958,adaptive,0.1791,2,0.0852,1,0,0,0
xlqt9nwk960d1.webp,5,5,8,8,0.9923,adaptive,0.1699,3,0.0989,2,0,0,0
xlqt9nwk960d1.webp,5,7,5,5,0.9993,adaptive,0.1876,5,0.0907,4,0,0,0
xlqt9nwk960d1.webp,6,4,7,7,0.9987,adaptive,0.1322,5,0.0668,4,0,0,0
xlqt9nwk960d1.webp,6,5,3,3,0.9985,adaptive,0.1552,6,0.0852,5,0,0,0
xlqt9nwk960d1.webp,6,9,4,4,0.9971,adaptive,0.1577,5,0.0776,4,0,0,0
xlqt9nwk960d1.webp,7,1,7,7,0.9987,adaptive,0.1628,2,0.0636,1,0,0,0
xlqt9nwk960d1.webp,7,2,4,4,0.9972,adaptive,0.1506,1,0.0803,0,0,0,0
xlqt9nwk960d1.webp,7,3,3,3,0.9984,adaptive,0.1442,3,0.0824,2,0,0,0
xlqt9nwk960d1.webp,7,6,1,1,0.9974,adaptive,0.1584,3,0.0636,2,0,0,0
xlqt9nwk960d1.webp,7,8,8,8,0.9911,adaptive,0.1958,4,0.0957,3,0,0,0
xlqt9nwk960d1.webp,7,9,2,2,0.9955,adaptive,0.1722,6,0.084,5,0,0,0
xlqt9nwk960d1.webp,8,1,9,9,0.9966,adaptive,0.1644,1,0.0921,0,0,0,0
xlqt9nwk960d1.webp,8,2,6,6,0.8625,adaptive,0.1474,2,0.0911,1,0,0,0
xlqt9nwk960d1.webp,8,5,2,2,0.9947,adaptive,0.1469,6,0.0847,5,0,0,0
xlqt9nwk960d1.webp,8,6,3,3,0.9985,adaptive,0.1483,6,0.0829,5,0,0,0
xlqt9nwk960d1.webp,8,9,5,5,0.9986,adaptive,0.1547,7,0.0863,6,0,0,0
xlqt9nwk960d1.webp,9,6,7,7,0.9985,adaptive,0.1329,5,0.0647,4,0,0,0
xlqt9nwk960d1.webp,9,8,3,3,0.9988,adaptive,0.1453,1,0.0829,0,0,0,0
0t1g4k7u4lec1.jpeg,1,1,3,3,0.9915,adaptive,0.2045,1,0.0902,0,0,0,0
0t1g4k7u4lec1.jpeg,1,2,0,0,0.9569,adaptive,0.0865,0,0.0,0,0,0,0
0t1g4k7u4lec1.jpeg,1,3,0,0,0.9569,adaptive,0.1143,0,0.0,0,0,0,0
0t1g4k7u4lec1.jpeg,1,4,0,0,0.9569,adaptive,0.1297,0,0.0,0,0,0,0
0t1g4k7u4lec1.jpeg,1,5,6,6,0.9451,adaptive,0.2002,1,0.0994,0,0,0,0
0t1g4k7u4lec1.jpeg,1,6,0,0,0.9569,adaptive,0.1111,0,0.0,0,0,0,0
0t1g4k7u4lec1.jpeg,1,7,0,0,0.9569,adaptive,0.1292,0,0.0,0,0,0,0
0t1g4k7u4lec1.jpeg,1,8,0,0,0.9569,adaptive,0.0923,0,0.0,0,0,0,0
0t1g4k7u4lec1.jpeg,1,9,0,0,0.9569,adaptive,0.1006,0,0.0,0,0,0,0
0t1g4k7u4lec1.jpeg,2,1,8,8,0.9947,adaptive,0.1889,1,0.1019,0,0,0,0
0t1g4k7u4lec1.jpeg,2,2,0,0,0.9569,adaptive,0.0581,0,0.0,0,0,0,0
0t1g4k7u4lec1.jpeg,2,3,0,0,0.9569,adaptive,0.0865,0,0.0,0,0,0,0
0t1g4k7u4lec1.jpeg,2,4,0,0,0.9569,adaptive,0.1026,0,0.0,0,0,0,0
0t1g4k7u4lec1.jpeg,2,5,0,0,0.9569,adaptive,0.0728,0,0.0,0,0,0,0
0t1g4k7u4lec1.jpeg,2,6,0,0,0.9569,adaptive,0.0859,0,0.0,0,0,0,0
0t1g4k7u4lec1.jpeg,2,7,7,7,0.9997,adaptive,0.1662,1,0.0599,0,0,0,0
0t1g4k7u4lec1.jpeg,2,8,0,0,0.9569,adaptive,0.0728,0,0.0,0,0,0,0
0t1g4k7u4lec1.jpeg,2,9,0,0,0.9569,adaptive,0.0732,0,0.0,0,0,0,0
0t1g4k7u4lec1.jpeg,3,1,0,0,0.9569,adaptive,0.1136,0,0.0,0,0,0,0
0t1g4k7u4lec1.jpeg,3,2,0,0,0.9569,adaptive,0.0861,0,0.0,0,0,0,0
0t1g4k7u4lec1.jpeg,3,3,4,4,0.9982,adaptive,0.1931,1,0.0797,0,0,0,0
0t1g4k7u4lec1.jpeg,3,4,5,5,0.9963,adaptive,0.2202,1,0.0902,0,0,0,0
0t1g4k7u4lec1.jpeg,3,5,0,0,0.9569,adaptive,0.0996,0,0.0,0,0,0,0
0t1g4k7u4lec1.jpeg,3,6,1,1,0.9931,adaptive,0.1607,1,0.05,0,0,0,0
0t1g4k7u4lec1.jpeg,3,7,0,0,0.9569,adaptive,0.1398,0,0.0,0,0,0,0
0t1g4k7u4lec1.jpeg,3,8,0,0,0.9569,adaptive,0.0992,0,0.0,0,0,0,0
0t1g4k7u4lec1.jpeg,3,9,0,0,0.9569,adaptive,0.0996,0,0.0,0,0,0,0
0t1g4k7u4lec1.jpeg,4,1,1,1,0.992,adaptive,0.1781,1,0.0491,0,0,0,0
0t1g4k7u4lec1.jpeg,4,2,0,0,0.9569,adaptive,0.1028,0,0.0,0,0,0,0
0t1g4k7u4lec1.jpeg,4,3,0,0,0.9569,adaptive,0.1295,0,0.0,0,0,0,0
0t1g4k7u4lec1.jpeg,4,4,0,0,0.9569,adaptive,0.1421,0,0.0,0,0,0,0
0t1g4k7u4lec1.jpeg,4,5,9,9,0.9968,adaptive,0.2126,1,0.0964,0,0,0,0
0t1g4k7u4lec1.jpeg,4,6,3,3,0.9875,adaptive,0.2183,1,0.0891,0,0,0,0
0t1g4k7u4lec1.jpeg,4,7,0,0,0.9569,adaptive,0.1529,0,0.0,0,0,0,0
0t1g4k7u4lec1.jpeg,4,8,6,6,0.8801,adaptive,0.2151,1,0.0987,0,0,0,0
0t1g4k7u4lec1.jpeg,4,9,7,7,0.9994,adaptive,0.1763,1,0.0599,0,0,0,0
0t1g4k7u4lec1.jpeg,5,1,0,0,0.9569,adaptive,0.0882,0,0.0,0,0,0,0
0t1g4k7u4lec1.jpeg,5,2,9,9,0.9935,adaptive,0.1545,1,0.096,0,0,0,0
0t1g4k7u4lec1.jpeg,5,3,0,0,0.9569,adaptive,0.0884,0,0.0,0,0,0,0
0t1g4k7u4lec1.jpeg,5,4,0,0,0.9569,adaptive,0.1035,0,0.0,0,0,0,0
0t1g4k7u4lec1.jpeg,5,5,0,0,0.9569,adaptive,0.073,0,0.0,0,0,0,0
0t1g4k7u4lec1.jpeg,5,6,0,0,0.9569,adaptive,0.0863,0,0.0,0,0,0,0
0t1g4k7u4lec1.jpeg,5,7,0,0,0.9569,adaptive,0.115,0,0.0,0,0,0,0
0t1g4k7u4lec1.jpeg,5,8,3,3,0.986,adaptive,0.1607,1,0.0877,0,0,0,0
0t1g4k7u4lec1.jpeg,5,9,0,0,0.9569,adaptive,0.0732,0,0.0,0,0,0,0
0t1g4k7u4lec1.jpeg,6,1,7,7,0.9995,adaptive,0.1637,1,0.0624,0,0,0,0
0t1g4k7u4lec1.jpeg,6,2,3,3,0.9915,adaptive,0.1621,1,0.0895,0,0,0,0
0t1g4k7u4lec1.jpeg,6,3,0,0,0.9569,adaptive,0.1015,0,0.0,0,0,0,0
0t1g4k7u4lec1.jpeg,6,4,1,1,0.9928,adaptive,0.1657,1,0.0491,0,0,0,0
0t1g4k7u4lec1.jpeg,6,5,8,8,0.9948,adaptive,0.1892,1,0.1022,0,0,0,0
0t1g4k7u4lec1.jpeg,6,6,0,0,0.9569,adaptive,0.1006,0,0.0,0,0,0,0
0t1g4k7u4lec1.jpeg,6,7,0,0,0.9569,adaptive,0.1189,0,0.0,0,0,0,0
0t1g4k7u4lec1.jpeg,6,8,0,0,0.9569,adaptive,0.0879,0,0.0,0,0,0,0
0t1g4k7u4lec1.jpeg,6,9,2,2,0.9991,adaptive,0.1775,1,0.0898,0,0,0,0
0t1g4k7u4lec1.jpeg,7,1,0,0,0.9569,adaptive,0.1313,0,0.0,0,0,0,0
0t1g4k7u4lec1.jpeg,7,2,0,0,0.9569,adaptive,0.1139,0,0.0,0,0,0,0
0t1g4k7u4lec1.jpeg,7,3,1,1,0.9794,adaptive,0.1915,1,0.0519,0,0,0,0
0t1g4k7u4lec1.jpeg,7,4,0,0,0.9569,adaptive,0.1527,0,0.0,0,0,0,0
0t1g4k7u4lec1.jpeg,7,5,0,0,0.9569,adaptive,0.1228,0,0.0,0,0,0,0
0t1g4k7u4lec1.jpeg,7,6,6,6,0.9729,adaptive,0.2252,1,0.0978,0,0,0,0
0t1g4k7u4lec1.jpeg,7,7,2,2,0.9993,adaptive,0.2247,1,0.0863,0,0,0,0
0t1g4k7u4lec1.jpeg,7,8,0,0,0.9569,adaptive,0.115,0,0.0,0,0,0,0
0t1g4k7u4lec1.jpeg,7,9,0,0,0.9569,adaptive,0.115,0,0.0,0,0,0,0
0t1g4k7u4lec1.jpeg,8,1,0,0,0.9569,adaptive,0.1001,0,0.0,0,0,0,0
0t1g4k7u4lec1.jpeg,8,2,0,0,0.9569,adaptive,0.0721,0,0.0,0,0,0,0
0t1g4k7u4lec1.jpeg,8,3,8,8,0.9959,adaptive,0.1885,1,0.0994,0,0,0,0
0t1g4k7u4lec1.jpeg,8,4,0,0,0.9569,adaptive,0.1164,0,0.0,0,0,0,0
0t1g4k7u4lec1.jpeg,8,5,0,0,0.9569,adaptive,0.0813,0,0.0,0,0,0,0
0t1g4k7u4lec1.jpeg,8,6,0,0,0.9569,adaptive,0.1001,0,0.0,0,0,0,0
0t1g4k7u4lec1.jpeg,8,7,0,0,0.9569,adaptive,0.1152,0,0.0,0,0,0,0
0t1g4k7u4lec1.jpeg,8,8,0,0,0.9569,adaptive,0.0872,0,0.0,0,0,0,0
0t1g4k7u4lec1.jpeg,8,9,5,5,0.9966,adaptive,0.1738,1,0.0865,0,0,0,0
0t1g4k7u4lec1.jpeg,9,1,0,0,0.9569,adaptive,0.101,0,0.0,0,0,0,0
0t1g4k7u4lec1.jpeg,9,2,0,0,0.9569,adaptive,0.0723,0,0.0,0,0,0,0
0t1g4k7u4lec1.jpeg,9,3,0,0,0.9569,adaptive,0.1019,0,0.0,0,0,0,0
0t1g4k7u4lec1.jpeg,9,4,0,0,0.9569,adaptive,0.1166,0,0.0,0,0,0,0
0t1g4k7u4lec1.jpeg,9,5,1,1,0.981,adaptive,0.1253,1,0.051,0,0,0,0
0t1g4k7u4lec1.jpeg,9,6,0,0,0.9569,adaptive,0.1003,0,0.0,0,0,0,0
0t1g4k7u4lec1.jpeg,9,7,0,0,0.9569,adaptive,0.1152,0,0.0,0,0,0,0
0t1g4k7u4lec1.jpeg,9,8,0,0,0.9569,adaptive,0.0872,0,0.0,0,0,0,0
0t1g4k7u4lec1.jpeg,9,9,4,4,0.9981,adaptive,0.1483,1,0.0714,0,0,0,0
rq5fm77urk0d1.webp,1,1,8,8,0.9989,adaptive,0.1534,1,0.0937,0,0,0,0
rq5fm77urk0d1.webp,1,2,5,5,0.9922,adaptive,0.1274,1,0.0829,0,0,0,0
rq5fm77urk0d1.webp,1,5,2,2,0.9984,adaptive,0.1306,1,0.0735,0,0,0,0
rq5fm77urk0d1.webp,1,6,9,9,0.9971,adaptive,0.1513,1,0.0934,0,0,0,0
rq5fm77urk0d1.webp,1,7,7,7,0.9965,adaptive,0.1407,1,0.0526,0,0,0,0
rq5fm77urk0d1.webp,1,8,6,6,0.9542,adaptive,0.1612,1,0.09,0,0,0,0
rq5fm77urk0d1.webp,2,1,2,2,0.9985,adaptive,0.1129,1,0.0691,0,0,0,0
rq5fm77urk0d1.webp,2,3,7,7,0.9987,adaptive,0.098,1,0.0544,0,0,0,0
rq5fm77urk0d1.webp,2,4,6,6,0.9666,adaptive,0.1671,1,0.0939,0,0,0,0
rq5fm77urk0d1.webp,2,6,8,8,0.9976,adaptive,0.1368,1,0.0923,0,0,0,0
rq5fm77urk0d1.webp,2,7,5,5,0.9899,adaptive,0.1685,1,0.0836,0,0,0,0
rq5fm77urk0d1.webp,2,9,9,9,0.9933,adaptive,0.1341,1,0.09,0,0,0,0
rq5fm77urk0d1.webp,3,1,6,6,0.9681,adaptive,0.1508,1,0.0932,0,0,0,0
rq5fm77urk0d1.webp,3,4,7,7,0.999,adaptive,0.1361,1,0.0496,0,0,0,0
rq5fm77urk0d1.webp,3,6,5,5,0.9889,adaptive,0.1389,1,0.0803,0,0,0,0
rq5fm77urk0d1.webp,3,8,2,2,0.9973,adaptive,0.1428,1,0.0719,0,0,0,0
rq5fm77urk0d1.webp,3,9,8,8,0.9977,adaptive,0.1517,1,0.0941,0,0,0,0
rq5fm77urk0d1.webp,4,1,9,9,0.99,adaptive,0.1662,1,0.0918,0,0,0,0
rq5fm77urk0d1.webp,4,2,7,7,0.9991,adaptive,0.1214,1,0.0528,0,0,0,0
rq5fm77urk0d1.webp,4,3,2,2,0.9954,adaptive,0.157,1,0.0721,0,0,0,0
rq5fm77urk0d1.webp,4,4,8,8,0.9967,adaptive,0.2055,1,0.0923,0,0,0,0
rq5fm77urk0d1.webp,4,7,6,6,0.9642,adaptive,0.2068,1,0.0927,0,0,0,0
rq5fm77urk0d1.webp,4,9,5,5,0.9913,adaptive,0.1671,1,0.0806,0,0,0,0
rq5fm77urk0d1.webp,5,1,3,3,0.9966,adaptive,0.1341,1,0.0764,0,0,0,0
rq5fm77urk0d1.webp,5,2,8,8,0.9716,adaptive,0.1508,1,0.0939,0,0,0,0
rq5fm77urk0d1.webp,5,4,5,5,0.9843,adaptive,0.1703,1,0.084,0,0,0,0
rq5fm77urk0d1.webp,5,5,6,6,0.9199,adaptive,0.1648,1,0.0907,0,0,0,0
rq5fm77urk0d1.webp,5,7,2,2,0.9934,adaptive,0.1531,1,0.0675,0,0,0,0
rq5fm77urk0d1.webp,5,8,9,9,0.9908,adaptive,0.1449,1,0.0918,0,0,0,0
rq5fm77urk0d1.webp,5,9,7,7,0.9992,adaptive,0.101,1,0.0558,0,0,0,0
rq5fm77urk0d1.webp,6,1,5,5,0.9898,adaptive,0.1375,1,0.0797,0,0,0,0
rq5fm77urk0d1.webp,6,3,6,6,0.6652,adaptive,0.1485,1,0.0904,0,0,0,0
rq5fm77urk0d1.webp,6,4,9,9,0.993,adaptive,0.1775,1,0.0907,0,0,0,0
rq5fm77urk0d1.webp,6,5,7,7,0.9979,adaptive,0.0948,1,0.0496,0,0,0,0
rq5fm77urk0d1.webp,6,6,2,2,0.9914,adaptive,0.1313,1,0.0716,0,0,0,0
rq5fm77urk0d1.webp,6,8,8,8,0.983,adaptive,0.1536,1,0.0948,0,0,0,0
rq5fm77urk0d1.webp,7,2,2,2,0.9969,adaptive,0.1545,1,0.0712,0,0,0,0
rq5fm77urk0d1.webp,7,3,5,5,0.9876,adaptive,0.1701,1,0.0843,0,0,0,0
rq5fm77urk0d1.webp,7,5,9,9,0.9958,adaptive,0.1903,1,0.0923,0,0,0,0
rq5fm77urk0d1.webp,7,7,8,8,0.9923,adaptive,0.2084,1,0.093,0,0,0,0
rq5fm77urk0d1.webp,7,8,7,7,0.9986,adaptive,0.1543,1,0.0556,0,0,0,0
rq5fm77urk0d1.webp,7,9,6,6,0.9069,adaptive,0.1775,1,0.0911,0,0,0,0
rq5fm77urk0d1.webp,8,2,6,6,0.9369,adaptive,0.1485,1,0.0921,0,0,0,0
rq5fm77urk0d1.webp,8,3,8,8,0.9977,adaptive,0.1534,1,0.0948,0,0,0,0
rq5fm77urk0d1.webp,8,5,5,5,0.986,adaptive,0.1453,1,0.0831,0,0,0,0
rq5fm77urk0d1.webp,8,6,7,7,0.9992,adaptive,0.1171,1,0.0551,0,0,0,0
rq5fm77urk0d1.webp,8,7,9,9,0.9947,adaptive,0.1908,1,0.0923,0,0,0,0
rq5fm77urk0d1.webp,8,8,3,3,0.9966,adaptive,0.1366,1,0.0767,0,0,0,0
rq5fm77urk0d1.webp,8,9,2,2,0.9902,adaptive,0.127,1,0.0684,0,0,0,0
rq5fm77urk0d1.webp,9,1,7,7,0.999,adaptive,0.1088,1,0.0507,0,0,0,0
rq5fm77urk0d1.webp,9,4,2,2,0.988,adaptive,0.1614,1,0.0746,0,0,0,0
rq5fm77urk0d1.webp,9,5,8,8,0.9984,adaptive,0.1545,1,0.096,0,0,0,0
rq5fm77urk0d1.webp,9,6,6,6,0.8655,adaptive,0.1508,1,0.0911,0,0,0,0
rq5fm77urk0d1.webp,9,7,1,1,0.8029,adaptive,0.1318,1,0.045,0,0,0,0
rq5fm77urk0d1.webp,9,8,5,5,0.9853,adaptive,0.1384,1,0.0792,0,0,0,0
rq5fm77urk0d1.webp,9,9,4,4,0.9912,adaptive,0.1338,1,0.0742,0,0,0,0
1fpguv3t969c1.webp,1,1,1,1,0.971,adaptive,0.1107,1,0.0514,0,0,0,0
1fpguv3t969c1.webp,1,2,8,8,0.998,adaptive,0.1568,1,0.0992,0,0,0,0
1fpguv3t969c1.webp,1,4,9,9,0.9996,adaptive,0.1747,1,0.0875,0,0,0,0
1fpguv3t969c1.webp,1,5,2,2,0.9995,adaptive,0.1403,1,0.082,0,0,0,0
1fpguv3t969c1.webp,1,7,4,4,0.998,adaptive,0.1561,1,0.0826,0,0,0,0
1fpguv3t969c1.webp,1,8,7,7,0.9986,adaptive,0.1189,1,0.0608,0,0,0,0
1fpguv3t969c1.webp,1,9,6,6,0.9754,adaptive,0.1458,1,0.0875,0,0,0,0
1fpguv3t969c1.webp,2,2,9,9,0.9993,adaptive,0.1439,1,0.0865,0,0,0,0
1fpguv3t969c1.webp,2,3,7,7,0.9989,adaptive,0.1205,1,0.0636,0,0,0,0
1fpguv3t969c1.webp,2,5,1,1,0.9533,adaptive,0.1116,1,0.0528,0,0,0,0
1fpguv3t969c1.webp,2,6,6,6,0.9649,adaptive,0.1462,1,0.0875,0,0,0,0
1fpguv3t969c1.webp,2,7,2,2,0.9992,adaptive,0.1373,1,0.0787,0,0,0,0
1fpguv3t969c1.webp,2,8,8,8,0.9983,adaptive,0.155,1,0.0994,0,0,0,0
1fpguv3t969c1.webp,2,9,3,3,0.9972,adaptive,0.129,1,0.0838,0,0,0,0
1fpguv3t969c1.webp,3,1,6,6,0.9908,adaptive,0.1439,1,0.0863,0,0,0,0
1fpguv3t969c1.webp,3,2,2,2,0.9994,adaptive,0.1414,1,0.0836,0,0,0,0
1fpguv3t969c1.webp,3,4,8,8,0.9977,adaptive,0.1724,1,0.1003,0,0,0,0
1fpguv3t969c1.webp,3,5,7,7,0.9992,adaptive,0.1279,1,0.0645,0,0,0,0
1fpguv3t969c1.webp,3,7,9,9,0.9994,adaptive,0.1439,1,0.0859,0,0,0,0
1fpguv3t969c1.webp,3,8,1,1,0.9599,adaptive,0.1086,1,0.0468,0,0,0,0
1fpguv3t969c1.webp,3,9,5,5,0.9982,adaptive,0.129,1,0.0879,0,0,0,0
1fpguv3t969c1.webp,4,1,2,2,0.9987,adaptive,0.1687,1,0.081,0,0,0,0
1fpguv3t969c1.webp,4,2,5,5,0.9974,adaptive,0.1433,1,0.0868,0,0,0,0
1fpguv3t969c1.webp,4,3,1,1,0.8953,adaptive,0.1499,1,0.0514,0,0,0,0
1fpguv3t969c1.webp,4,4,6,6,0.9895,adaptive,0.1873,1,0.0872,0,0,0,0
1fpguv3t969c1.webp,4,5,8,8,0.9971,adaptive,0.1855,1,0.1001,0,0,0,0
1fpguv3t969c1.webp,4,6,9,9,0.9997,adaptive,0.1708,1,0.0863,0,0,0,0
1fpguv3t969c1.webp,4,7,3,3,0.9966,adaptive,0.1726,1,0.0838,0,0,0,0
1fpguv3t969c1.webp,4,8,4,4,0.9982,adaptive,0.1538,1,0.0808,0,0,0,0
1fpguv3t969c1.webp,4,9,7,7,0.9994,adaptive,0.1336,1,0.0606,0,0,0,0
1fpguv3t969c1.webp,5,2,3,3,0.9957,adaptive,0.1403,1,0.0826,0,0,0,0
1fpguv3t969c1.webp,5,4,1,1,0.9144,adaptive,0.1281,1,0.0528,0,0,0,0
1fpguv3t969c1.webp,5,5,5,5,0.9982,adaptive,0.1504,1,0.0868,0,0,0,0
1fpguv3t969c1.webp,5,6,7,7,0.9992,adaptive,0.1458,1,0.0597,0,0,0,0
1fpguv3t969c1.webp,5,7,6,6,0.9826,adaptive,0.1586,1,0.087,0,0,0,0
1fpguv3t969c1.webp,5,8,2,2,0.9985,adaptive,0.1517,1,0.0799,0,0,0,0
1fpguv3t969c1.webp,5,9,9,9,0.9992,adaptive,0.1579,1,0.0856,0,0,0,0
1fpguv3t969c1.webp,6,1,7,7,0.9996,adaptive,0.1201,1,0.062,0,0,0,0
1fpguv3t969c1.webp,6,2,6,6,0.9808,adaptive,0.1455,1,0.0872,0,0,0,0
1fpguv3t969c1.webp,6,3,9,9,0.9994,adaptive,0.1577,1,0.0865,0,0,0,0
1fpguv3t969c1.webp,6,4,3,3,0.9953,adaptive,0.1561,1,0.0833,0,0,0,0
1fpguv3t969c1.webp,6,5,4,4,0.9969,adaptive,0.1671,1,0.0822,0,0,0,0
1fpguv3t969c1.webp,6,6,2,2,0.9985,adaptive,0.1657,1,0.0806,0,0,0,0
1fpguv3t969c1.webp,6,7,8,8,0.9951,adaptive,0.1738,1,0.098,0,0,0,0
1fpguv3t969c1.webp,6,8,5,5,0.9974,adaptive,0.1437,1,0.0836,0,0,0,0
1fpguv3t969c1.webp,6,9,1,1,0.8972,adaptive,0.1334,1,0.0512,0,0,0,0
1fpguv3t969c1.webp,7,1,3,3,0.9961,adaptive,0.171,1,0.0831,0,0,0,0
1fpguv3t969c1.webp,7,2,4,4,0.9953,adaptive,0.1625,1,0.0769,0,0,0,0
1fpguv3t969c1.webp,7,5,6,6,0.992,adaptive,0.1607,1,0.0859,0,0,0,0
1fpguv3t969c1.webp,7,6,1,1,0.9395,adaptive,0.1233,1,0.0484,0,0,0,0
1fpguv3t969c1.webp,7,7,7,7,0.9996,adaptive,0.1485,1,0.0597,0,0,0,0
1fpguv3t969c1.webp,7,8,9,9,0.9993,adaptive,0.1582,1,0.0865,0,0,0,0
1fpguv3t969c1.webp,8,1,9,9,0.9995,adaptive,0.1556,1,0.0843,0,0,0,0
1fpguv3t969c1.webp,8,2,1,1,0.8955,adaptive,0.1102,1,0.0514,0,0,0,0
1fpguv3t969c1.webp,8,3,2,2,0.9966,adaptive,0.1382,1,0.0799,0,0,0,0
1fpguv3t969c1.webp,8,4,7,7,0.9995,adaptive,0.1446,1,0.0588,0,0,0,0
1fpguv3t969c1.webp,8,5,3,3,0.9981,adaptive,0.1568,1,0.0854,0,0,0,0
1fpguv3t969c1.webp,8,6,8,8,0.9984,adaptive,0.1683,1,0.0971,0,0,0,0
1fpguv3t969c1.webp,8,7,5,5,0.9975,adaptive,0.1556,1,0.0838,0,0,0,0
1fpguv3t969c1.webp,8,8,6,6,0.9957,adaptive,0.1462,1,0.0861,0,0,0,0
1fpguv3t969c1.webp,8,9,4,4,0.9976,adaptive,0.1387,1,0.079,0,0,0,0
1fpguv3t969c1.webp,9,2,7,7,0.9996,adaptive,0.1189,1,0.0606,0,0,0,0
1fpguv3t969c1.webp,9,3,6,6,0.9934,adaptive,0.1453,1,0.087,0,0,0,0
1fpguv3t969c1.webp,9,5,9,9,0.9994,adaptive,0.1453,1,0.0868,0,0,0,0
1fpguv3t969c1.webp,9,7,1,1,0.8953,adaptive,0.1488,1,0.0517,0,0,0,0
1fpguv3t969c1.webp,9,8,3,3,0.9972,adaptive,0.1419,1,0.0822,0,0,0,0
tayjwio31f0d1.webp,1,1,5,5,0.9974,adaptive,0.1534,1,0.0815,0,0,0,0
tayjwio31f0d1.webp,1,2,8,8,0.9943,adaptive,0.1318,1,0.0882,0,0,0,0
tayjwio31f0d1.webp,1,3,3,3,0.997,adaptive,0.1309,1,0.0735,0,0,0,0
tayjwio31f0d1.webp,1,4,7,7,0.998,adaptive,0.1263,1,0.0519,0,0,0,0
tayjwio31f0d1.webp,1,6,4,4,0.9971,adaptive,0.1348,1,0.0714,0,0,0,0
tayjwio31f0d1.webp,1,7,1,1,0.9558,adaptive,0.1295,1,0.0411,0,0,0,0
tayjwio31f0d1.webp,1,9,9,9,0.9969,adaptive,0.1586,1,0.087,0,0,0,0
tayjwio31f0d1.webp,2,4,5,5,0.9915,adaptive,0.1536,1,0.0815,0,0,0,0
tayjwio31f0d1.webp,2,6,8,8,0.9981,adaptive,0.1467,1,0.0875,0,0,0,0
tayjwio31f0d1.webp,2,7,3,3,0.9984,adaptive,0.1609,1,0.0744,0,0,0,0
tayjwio31f0d1.webp,2,8,7,7,0.9981,adaptive,0.1159,1,0.0521,0,0,0,0
tayjwio31f0d1.webp,2,9,4,4,0.9979,adaptive,0.1129,1,0.0698,0,0,0,0
tayjwio31f0d1.webp,3,1,4,4,0.9977,adaptive,0.124,1,0.0663,0,0,0,0
tayjwio31f0d1.webp,3,3,7,7,0.9991,adaptive,0.1113,1,0.0528,0,0,0,0
tayjwio31f0d1.webp,3,5,3,3,0.9983,adaptive,0.1325,1,0.0742,0,0,0,0
tayjwio31f0d1.webp,3,7,8,8,0.998,adaptive,0.1719,1,0.087,0,0,0,0
tayjwio31f0d1.webp,3,9,5,5,0.9937,adaptive,0.1389,1,0.0797,0,0,0,0
tayjwio31f0d1.webp,4,1,9,9,0.9966,adaptive,0.1848,1,0.0847,0,0,0,0
tayjwio31f0d1.webp,4,6,7,7,0.9994,adaptive,0.1465,1,0.0528,0,0,0,0
tayjwio31f0d1.webp,4,8,5,5,0.9946,adaptive,0.1653,1,0.0792,0,0,0,0
tayjwio31f0d1.webp,4,9,8,8,0.9992,adaptive,0.1722,1,0.0856,0,0,0,0
tayjwio31f0d1.webp,5,3,5,5,0.9894,adaptive,0.1524,1,0.0808,0,0,0,0
tayjwio31f0d1.webp,5,4,6,6,0.963,adaptive,0.1687,1,0.0836,0,0,0,0
tayjwio31f0d1.webp,5,7,9,9,0.9955,adaptive,0.1706,1,0.0859,0,0,0,0
tayjwio31f0d1.webp,5,8,1,1,0.9638,adaptive,0.1118,1,0.0406,0,0,0,0
tayjwio31f0d1.webp,5,9,7,7,0.9992,adaptive,0.1244,1,0.0523,0,0,0,0
tayjwio31f0d1.webp,6,2,7,7,0.9996,adaptive,0.095,1,0.0517,0,0,0,0
tayjwio31f0d1.webp,6,8,3,3,0.9963,adaptive,0.1329,1,0.073,0,0,0,0
tayjwio31f0d1.webp,6,9,2,2,0.9908,adaptive,0.1423,1,0.0716,0,0,0,0
tayjwio31f0d1.webp,7,1,3,3,0.9932,adaptive,0.1738,2,0.0742,0,1,0,0
tayjwio31f0d1.webp,7,2,5,5,0.9882,adaptive,0.1522,2,0.0799,0,1,0,0
tayjwio31f0d1.webp,7,3,4,4,0.9907,adaptive,0.1449,2,0.0702,0,1,0,0
tayjwio31f0d1.webp,7,4,8,8,0.9946,adaptive,0.1905,2,0.087,0,1,0,0
tayjwio31f0d1.webp,7,5,7,7,0.9997,adaptive,0.1373,2,0.0507,0,1,0,0
tayjwio31f0d1.webp,7,6,1,1,0.928,adaptive,0.1272,2,0.0409,0,1,0,0
tayjwio31f0d1.webp,7,7,2,2,0.9691,adaptive,0.1729,2,0.0702,0,1,0,0
tayjwio31f0d1.webp,7,8,9,9,0.9919,adaptive,0.1724,2,0.0865,0,1,0,0
tayjwio31f0d1.webp,7,9,6,6,0.9205,adaptive,0.1841,2,0.0861,0,1,0,0
tayjwio31f0d1.webp,8,1,7,7,0.9997,adaptive,0.1249,2,0.0528,0,1,0,0
tayjwio31f0d1.webp,8,3,2,2,0.9155,adaptive,0.1341,2,0.0705,0,1,0,0
tayjwio31f0d1.webp,8,7,5,5,0.9833,adaptive,0.1561,2,0.079,0,1,0,0
tayjwio31f0d1.webp,8,8,8,8,0.9822,adaptive,0.1474,2,0.0877,0,1,0,0
tayjwio31f0d1.webp,8,9,1,1,0.8899,adaptive,0.1127,2,0.0399,0,1,0,0
tayjwio31f0d1.webp,9,2,1,1,0.7644,adaptive,0.0783,2,0.0402,0,1,0,0
tayjwio31f0d1.webp,9,4,2,2,0.6627,adaptive,0.1474,2,0.0636,0,1,0,0
tayjwio31f0d1.webp,9,7,7,7,0.9997,adaptive,0.138,2,0.05,0,1,0,0
tayjwio31f0d1.webp,9,8,4,4,0.9563,adaptive,0.1297,2,0.0693,0,1,0,0
tayjwio31f0d1.webp,9,9,3,3,0.9851,adaptive,0.1465,2,0.0716,0,1,0,0
cjfirkkia7fc1.webp,1,1,9,9,0.9833,adaptive,0.2369,1,0.1706,0,0,0,0
cjfirkkia7fc1.webp,1,4,8,8,0.9061,adaptive,0.256,1,0.1823,0,0,0,0
cjfirkkia7fc1.webp,1,6,5,5,0.9982,adaptive,0.2287,1,0.1628,0,0,0,0
cjfirkkia7fc1.webp,1,8,1,1,0.9789,adaptive,0.1605,1,0.1028,0,0,0,0
cjfirkkia7fc1.webp,2,1,1,1,0.9823,adaptive,0.14,1,0.1028,0,0,0,0
cjfirkkia7fc1.webp,2,2,3,3,0.9979,adaptive,0.157,1,0.1568,0,0,0,0
cjfirkkia7fc1.webp,2,5,2,2,0.8997,adaptive,0.2176,1,0.1878,0,0,0,0
cjfirkkia7fc1.webp,2,7,9,9,0.988,adaptive,0.228,1,0.1547,0,0,0,0
cjfirkkia7fc1.webp,3,2,4,4,0.9855,adaptive,0.1768,1,0.1476,0,0,0,0
cjfirkkia7fc1.webp,3,4,3,3,0.9971,adaptive,0.2296,1,0.157,0,0,0,0
cjfirkkia7fc1.webp,3,5,9,9,0.9911,adaptive,0.2149,1,0.1706,0,0,0,0
cjfirkkia7fc1.webp,3,6,1,1,0.9694,adaptive,0.1761,1,0.1028,0,0,0,0
cjfirkkia7fc1.webp,4,2,7,0,0.9569,adaptive,0.0455,0,0.0,0,0,0,0
cjfirkkia7fc1.webp,4,4,9,9,0.9946,adaptive,0.2596,1,0.1598,0,0,0,0
cjfirkkia7fc1.webp,4,5,1,1,0.9687,adaptive,0.1724,1,0.0989,0,0,0,0
cjfirkkia7fc1.webp,4,6,3,3,0.9986,adaptive,0.2355,1,0.157,0,0,0,0
cjfirkkia7fc1.webp,4,8,2,2,0.6712,adaptive,0.273,1,0.1855,0,0,0,0
cjfirkkia7fc1.webp,5,2,9,9,0.9969,adaptive,0.1947,1,0.1644,0,0,0,0
cjfirkkia7fc1.webp,5,3,1,1,0.9922,adaptive,0.1641,1,0.1065,0,0,0,0
cjfirkkia7fc1.webp,5,5,8,8,0.9649,adaptive,0.2234,1,0.1795,0,0,0,0
cjfirkkia7fc1.webp,5,8,7,0,0.9569,adaptive,0.09,0,0.0,0,0,0,0
cjfirkkia7fc1.webp,6,1,3,3,0.9981,adaptive,0.2335,1,0.157,0,0,0,0
cjfirkkia7fc1.webp,6,2,8,8,0.9877,adaptive,0.2119,1,0.1802,0,0,0,0
cjfirkkia7fc1.webp,6,3,2,2,0.742,adaptive,0.2443,1,0.186,0,0,0,0
cjfirkkia7fc1.webp,6,5,7,7,0.7475,adaptive,0.1869,4,0.0266,1,0,0,1
cjfirkkia7fc1.webp,6,7,1,1,0.9826,adaptive,0.1905,1,0.1038,0,0,0,0
cjfirkkia7fc1.webp,6,9,9,9,0.9958,adaptive,0.2484,1,0.1694,0,0,0,0
cjfirkkia7fc1.webp,7,2,1,1,0.933,adaptive,0.1579,1,0.0983,0,0,0,0
cjfirkkia7fc1.webp,7,3,3,3,0.9985,adaptive,0.2383,1,0.1529,0,0,0,0
cjfirkkia7fc1.webp,7,5,5,5,0.9978,adaptive,0.2525,1,0.1623,0,0,0,0
cjfirkkia7fc1.webp,7,6,8,8,0.9208,adaptive,0.2812,1,0.1825,0,0,0,0
cjfirkkia7fc1.webp,7,8,9,9,0.9975,adaptive,0.2468,1,0.16,0,0,0,0
cjfirkkia7fc1.webp,7,9,6,6,0.9611,adaptive,0.2546,1,0.1692,0,0,0,0
cjfirkkia7fc1.webp,8,6,9,9,0.9969,adaptive,0.2408,1,0.171,0,0,0,0
cjfirkkia7fc1.webp,8,7,5,5,0.9978,adaptive,0.2495,1,0.1607,0,0,0,0
cjfirkkia7fc1.webp,8,8,3,3,0.9981,adaptive,0.2027,1,0.1504,0,0,0,0
cjfirkkia7fc1.webp,8,9,1,1,0.9858,adaptive,0.1612,1,0.1049,0,0,0,0
cjfirkkia7fc1.webp,9,2,5,5,0.9971,adaptive,0.1873,1,0.1579,0,0,0,0
cjfirkkia7fc1.webp,9,3,9,9,0.9976,adaptive,0.2316,1,0.169,0,0,0,0
cjfirkkia7fc1.webp,9,4,1,1,0.9921,adaptive,0.1791,1,0.1008,0,0,0,0
cjfirkkia7fc1.webp,9,5,3,3,0.9987,adaptive,0.2094,1,0.1568,0,0,0,0
cjfirkkia7fc1.webp,9,7,4,4,0.9794,adaptive,0.2353,1,0.149,0,0,0,0
cjfirkkia7fc1.webp,9,8,8,8,0.9863,adaptive,0.2316,1,0.1729,0,0,0,0
nwx857mo030d1.webp,1,3,5,5,0.9985,adaptive,0.1494,1,0.0863,0,0,0,0
nwx857mo030d1.webp,1,4,7,7,0.9992,adaptive,0.1506,1,0.065,0,0,0,0
nwx857mo030d1.webp,1,5,8,8,0.9816,adaptive,0.1556,1,0.0971,0,0,0,0
nwx857mo030d1.webp,1,6,3,3,0.9991,adaptive,0.1421,1,0.0826,0,0,0,0
nwx857mo030d1.webp,2,3,2,2,0.9967,adaptive,0.1481,1,0.0859,0,0,0,0
nwx857mo030d1.webp,2,7,7,7,0.9983,adaptive,0.1467,1,0.064,0,0,0,0
nwx857mo030d1.webp,3,1,7,7,0.9983,adaptive,0.1364,1,0.0643,0,0,0,0
nwx857mo030d1.webp,3,2,1,1,0.9964,adaptive,0.1185,1,0.0599,0,0,0,0
nwx857mo030d1.webp,3,8,5,5,0.9989,adaptive,0.1596,1,0.0875,0,0,0,0
nwx857mo030d1.webp,4,1,5,5,0.9989,adaptive,0.1873,1,0.0891,0,0,0,0
nwx857mo030d1.webp,4,3,7,7,0.9988,adaptive,0.1524,1,0.0643,0,0,0,0
nwx857mo030d1.webp,4,8,9,9,0.9969,adaptive,0.1928,1,0.0921,0,0,0,0
nwx857mo030d1.webp,5,2,9,9,0.9945,adaptive,0.1527,1,0.0932,0,0,0,0
nwx857mo030d1.webp,5,4,6,6,0.9622,adaptive,0.1697,1,0.093,0,0,0,0
nwx857mo030d1.webp,5,7,5,5,0.9975,adaptive,0.1618,1,0.0868,0,0,0,0
nwx857mo030d1.webp,5,9,7,7,0.9983,adaptive,0.1253,1,0.0657,0,0,0,0
nwx857mo030d1.webp,6,1,6,6,0.9256,adaptive,0.1628,1,0.0914,0,0,0,0
nwx857mo030d1.webp,6,7,3,3,0.9981,adaptive,0.1662,1,0.0836,0,0,0,0
nwx857mo030d1.webp,7,3,6,6,0.9176,adaptive,0.1777,1,0.0907,0,0,0,0
nwx857mo030d1.webp,7,4,1,1,0.9955,adaptive,0.1625,1,0.0597,0,0,0,0
nwx857mo030d1.webp,7,7,2,2,0.9977,adaptive,0.1832,1,0.0829,0,0,0,0
nwx857mo030d1.webp,7,8,8,8,0.9879,adaptive,0.1834,1,0.0969,0,0,0,0
nwx857mo030d1.webp,8,2,7,7,0.9983,adaptive,0.1371,1,0.0638,0,0,0,0
nwx857mo030d1.webp,8,4,9,9,0.9955,adaptive,0.1841,1,0.0937,0,0,0,0
nwx857mo030d1.webp,8,6,8,8,0.9753,adaptive,0.1726,1,0.0992,0,0,0,0
nwx857mo030d1.webp,9,8,7,7,0.999,adaptive,0.1382,1,0.0643,0,0,0,0
nwx857mo030d1.webp,9,9,1,1,0.9902,adaptive,0.1368,1,0.0636,0,0,0,0
xaobe6n28i0d1.webp,1,1,0,0,0.9569,adaptive,0.0425,0,0.0,0,0,0,0
xaobe6n28i0d1.webp,1,2,0,0,0.9569,adaptive,0.0156,0,0.0,0,0,0,0
xaobe6n28i0d1.webp,1,3,6,6,0.9805,adaptive,0.1132,1,0.098,0,0,0,0
xaobe6n28i0d1.webp,1,4,0,0,0.9569,adaptive,0.0725,0,0.0,0,0,0,0
xaobe6n28i0d1.webp,1,5,2,2,0.9944,adaptive,0.1146,1,0.0854,0,0,0,0
xaobe6n28i0d1.webp,1,6,0,0,0.9569,adaptive,0.0331,0,0.0,0,0,0,0
xaobe6n28i0d1.webp,1,7,0,0,0.9569,adaptive,0.0739,0,0.0,0,0,0,0
xaobe6n28i0d1.webp,1,8,0,0,0.9569,adaptive,0.0292,0,0.0,0,0,0,0
xaobe6n28i0d1.webp,1,9,0,0,0.9569,adaptive,0.0292,0,0.0,0,0,0,0
xaobe6n28i0d1.webp,2,1,0,0,0.9569,adaptive,0.0152,0,0.0,0,0,0,0
xaobe6n28i0d1.webp,2,2,2,2,0.9939,adaptive,0.0877,1,0.087,0,0,0,0
xaobe6n28i0d1.webp,2,4,0,0,0.9569,adaptive,0.0604,0,0.0,0,0,0,0
xaobe6n28i0d1.webp,2,5,1,1,0.9924,adaptive,0.0764,1,0.0613,0,0,0,0
xaobe6n28i0d1.webp,2,6,0,0,0.9569,adaptive,0.0152,0,0.0,0,0,0,0
xaobe6n28i0d1.webp,2,7,0,0,0.9569,adaptive,0.0606,0,0.0,0,0,0,0
xaobe6n28i0d1.webp,2,8,0,0,0.9569,adaptive,0.0154,0,0.0,0,0,0,0
xaobe6n28i0d1.webp,2,9,0,0,0.9569,adaptive,0.0154,0,0.0,0,0,0,0
xaobe6n28i0d1.webp,3,1,0,0,0.9569,adaptive,0.0152,0,0.0,0,0,0,0
xaobe6n28i0d1.webp,3,2,0,0,0.9569,adaptive,0.0005,0,0.0,0,0,0,0
xaobe6n28i0d1.webp,3,3,8,8,0.999,adaptive,0.109,1,0.1084,0,0,0,0
xaobe6n28i0d1.webp,3,4,5,5,0.9985,adaptive,0.1437,1,0.0831,0,0,0,0
xaobe6n28i0d1.webp,3,5,0,0,0.9569,adaptive,0.0152,0,0.0,0,0,0,0
xaobe6n28i0d1.webp,3,6,9,9,0.9994,adaptive,0.1143,1,0.0992,0,0,0,0
xaobe6n28i0d1.webp,3,7,0,0,0.9569,adaptive,0.0606,0,0.0,0,0,0,0
xaobe6n28i0d1.webp,3,8,0,0,0.9569,adaptive,0.0156,0,0.0,0,0,0,0
xaobe6n28i0d1.webp,3,9,6,6,0.9696,adaptive,0.1139,1,0.0985,0,0,0,0
xaobe6n28i0d1.webp,4,1,3,3,0.9989,adaptive,0.138,1,0.0787,0,0,0,0
xaobe6n28i0d1.webp,4,2,0,0,0.9569,adaptive,0.0455,0,0.0,0,0,0,0
xaobe6n28i0d1.webp,4,3,0,0,0.9569,adaptive,0.0455,0,0.0,0,0,0,0
xaobe6n28i0d1.webp,4,4,0,0,0.9569,adaptive,0.109,0,0.0,0,0,0,0
xaobe6n28i0d1.webp,4,5,0,0,0.9569,adaptive,0.0735,0,0.0,0,0,0,0
xaobe6n28i0d1.webp,4,6,0,0,0.9569,adaptive,0.0737,0,0.0,0,0,0,0
xaobe6n28i0d1.webp,4,7,0,0,0.9569,adaptive,0.1143,0,0.0,0,0,0,0
xaobe6n28i0d1.webp,4,8,2,2,0.9882,adaptive,0.1577,1,0.0888,0,0,0,0
xaobe6n28i0d1.webp,4,9,7,7,0.9988,adaptive,0.1288,1,0.0698,0,0,0,0
xaobe6n28i0d1.webp,5,1,0,0,0.9569,adaptive,0.0292,0,0.0,0,0,0,0
xaobe6n28i0d1.webp,5,2,5,5,0.9938,adaptive,0.0978,1,0.0824,0,0,0,0
xaobe6n28i0d1.webp,5,3,4,4,0.9419,adaptive,0.0902,1,0.0746,0,0,0,0
xaobe6n28i0d1.webp,5,4,0,0,0.9569,adaptive,0.073,0,0.0,0,0,0,0
xaobe6n28i0d1.webp,5,5,0,0,0.9569,adaptive,0.0296,0,0.0,0,0,0,0
xaobe6n28i0d1.webp,5,7,0,0,0.9569,adaptive,0.073,0,0.0,0,0,0,0
xaobe6n28i0d1.webp,5,8,0,0,0.9569,adaptive,0.0294,0,0.0,0,0,0,0
xaobe6n28i0d1.webp,5,9,3,3,0.9981,adaptive,0.1088,1,0.079,0,0,0,0
xaobe6n28i0d1.webp,6,1,0,0,0.9569,adaptive,0.0292,0,0.0,0,0,0,0
xaobe6n28i0d1.webp,6,2,8,8,0.9995,adaptive,0.1226,1,0.1072,0,0,0,0
xaobe6n28i0d1.webp,6,3,0,0,0.9569,adaptive,0.0156,0,0.0,0,0,0,0
xaobe6n28i0d1.webp,6,5,0,0,0.9569,adaptive,0.0298,0,0.0,0,0,0,0
xaobe6n28i0d1.webp,6,6,0,0,0.9569,adaptive,0.0305,0,0.0,0,0,0,0
xaobe6n28i0d1.webp,6,7,0,0,0.9569,adaptive,0.0732,0,0.0,0,0,0,0
xaobe6n28i0d1.webp,6,8,0,0,0.9569,adaptive,0.0308,0,0.0,0,0,0,0
xaobe6n28i0d1.webp,6,9,4,4,0.9669,adaptive,0.1074,1,0.0771,0,0,0,0
xaobe6n28i0d1.webp,7,1,0,0,0.9569,adaptive,0.0732,0,0.0,0,0,0,0
xaobe6n28i0d1.webp,7,2,0,0,0.9569,adaptive,0.0606,0,0.0,0,0,0,0
xaobe6n28i0d1.webp,7,3,0,0,0.9569,adaptive,0.0611,0,0.0,0,0,0,0
xaobe6n28i0d1.webp,7,4,4,4,0.9049,adaptive,0.18,1,0.0787,0,0,0,0
xaobe6n28i0d1.webp,7,5,0,0,0.9569,adaptive,0.073,0,0.0,0,0,0,0
xaobe6n28i0d1.webp,7,6,0,0,0.9569,adaptive,0.0732,0,0.0,0,0,0,0
xaobe6n28i0d1.webp,7,7,0,0,0.9569,adaptive,0.1148,0,0.0,0,0,0,0
xaobe6n28i0d1.webp,7,8,3,3,0.9992,adaptive,0.1522,1,0.0797,0,0,0,0
xaobe6n28i0d1.webp,7,9,0,0,0.9569,adaptive,0.0716,0,0.0,0,0,0,0
xaobe6n28i0d1.webp,8,1,0,0,0.9569,adaptive,0.0427,0,0.0,0,0,0,0
xaobe6n28i0d1.webp,8,2,1,1,0.9953,adaptive,0.0921,1,0.0629,0,0,0,0
xaobe6n28i0d1.webp,8,3,0,0,0.9569,adaptive,0.0282,0,0.0,0,0,0,0
xaobe6n28i0d1.webp,8,4,0,0,0.9569,adaptive,0.0712,0,0.0,0,0,0,0
xaobe6n28i0d1.webp,8,5,0,0,0.9569,adaptive,0.0427,0,0.0,0,0,0,0
xaobe6n28i0d1.webp,8,6,0,0,0.9569,adaptive,0.0432,0,0.0,0,0,0,0
xaobe6n28i0d1.webp,8,7,0,0,0.9569,adaptive,0.0854,0,0.0,0,0,0,0
xaobe6n28i0d1.webp,8,8,7,7,0.9989,adaptive,0.1104,1,0.0686,0,0,0,0
xaobe6n28i0d1.webp,8,9,0,0,0.9569,adaptive,0.0418,0,0.0,0,0,0,0
xaobe6n28i0d1.webp,9,1,0,0,0.9569,adaptive,0.0294,0,0.0,0,0,0,0
xaobe6n28i0d1.webp,9,2,0,0,0.9569,adaptive,0.0154,0,0.0,0,0,0,0
xaobe6n28i0d1.webp,9,3,0,0,0.9569,adaptive,0.0152,0,0.0,0,0,0,0
xaobe6n28i0d1.webp,9,4,0,0,0.9569,adaptive,0.0585,0,0.0,0,0,0,0
xaobe6n28i0d1.webp,9,5,0,0,0.9569,adaptive,0.0294,0,0.0,0,0,0,0
xaobe6n28i0d1.webp,9,6,8,8,0.9989,adaptive,0.1382,1,0.1077,0,0,0,0
xaobe6n28i0d1.webp,9,7,6,6,0.9409,adaptive,0.171,1,0.0978,0,0,0,0
xaobe6n28i0d1.webp,9,8,0,0,0.9569,adaptive,0.0395,0,0.0,0,0,0,0
xaobe6n28i0d1.webp,9,9,0,0,0.9569,adaptive,0.031,0,0.0,0,0,0,0
tkc715v5py0d1.webp,1,1,0,0,0.9569,adaptive,0.1162,0,0.0,0,0,0,0
tkc715v5py0d1.webp,1,2,0,0,0.9569,adaptive,0.1283,0,0.0,0,0,0,0
tkc715v5py0d1.webp,1,3,1,1,0.9856,adaptive,0.2137,1,0.0464,0,0,0,0
tkc715v5py0d1.webp,1,4,0,0,0.9569,adaptive,0.1607,0,0.0,0,0,0,0
tkc715v5py0d1.webp,1,5,0,0,0.9569,adaptive,0.1483,0,0.0,0,0,0,0
tkc715v5py0d1.webp,1,6,8,8,0.9909,adaptive,0.2289,2,0.0934,1,0,0,0
tkc715v5py0d1.webp,1,7,0,0,0.9569,adaptive,0.1674,0,0.0,0,0,0,0
tkc715v5py0d1.webp,1,8,2,2,0.9992,adaptive,0.2117,1,0.0826,0,0,0,0
tkc715v5py0d1.webp,1,9,0,0,0.9569,adaptive,0.1288,0,0.0,0,0,0,0
tkc715v5py0d1.webp,2,1,9,9,0.9937,adaptive,0.2066,2,0.0895,1,0,0,0
tkc715v5py0d1.webp,2,2,0,0,0.9569,adaptive,0.1364,1,0.0,1,0,0,0
tkc715v5py0d1.webp,2,3,0,0,0.9569,adaptive,0.1807,0,0.0,0,0,0,0
tkc715v5py0d1.webp,2,4,0,0,0.9569,adaptive,0.1644,0,0.0,0,0,0,0
tkc715v5py0d1.webp,2,5,0,0,0.9569,adaptive,0.1538,2,0.0,2,0,0,0
tkc715v5py0d1.webp,2,6,0,0,0.9569,adaptive,0.1651,0,0.0,0,0,0,0
tkc715v5py0d1.webp,2,7,0,0,0.9569,adaptive,0.1896,0,0.0,0,0,0,0
tkc715v5py0d1.webp,2,8,0,0,0.9569,adaptive,0.1616,1,0.0,1,0,0,0
tkc715v5py0d1.webp,2,9,0,0,0.9569,adaptive,0.1458,3,0.0,3,0,0,0
tkc715v5py0d1.webp,3,1,0,0,0.9569,adaptive,0.1497,2,0.0,2,0,0,0
tkc715v5py0d1.webp,3,2,5,5,0.9982,adaptive,0.2475,1,0.0822,0,0,0,0
tkc715v5py0d1.webp,3,3,0,0,0.9569,adaptive,0.2096,2,0.0,2,0,0,0
tkc715v5py0d1.webp,3,4,0,0,0.9569,adaptive,0.1837,1,0.0,1,0,0,0
tkc715v5py0d1.webp,3,5,0,0,0.9569,adaptive,0.1798,1,0.0,1,0,0,0
tkc715v5py0d1.webp,3,6,4,4,0.9977,adaptive,0.2576,2,0.0705,1,0,0,0
tkc715v5py0d1.webp,3,7,8,8,0.9926,adaptive,0.2955,1,0.0966,0,0,0,0
tkc715v5py0d1.webp,3,8,0,0,0.9569,adaptive,0.177,1,0.0,1,0,0,0
tkc715v5py0d1.webp,3,9,0,0,0.9569,adaptive,0.1749,0,0.0,0,0,0,0
tkc715v5py0d1.webp,4,1,8,8,0.9952,adaptive,0.2243,3,0.0923,2,0,0,0
tkc715v5py0d1.webp,4,2,0,0,0.9569,adaptive,0.1428,0,0.0,0,0,0,0
tkc715v5py0d1.webp,4,3,0,0,0.9569,adaptive,0.1804,2,0.0,2,0,0,0
tkc715v5py0d1.webp,4,4,0,0,0.9569,adaptive,0.1676,1,0.0,1,0,0,0
tkc715v5py0d1.webp,4,5,9,9,0.9936,adaptive,0.2449,1,0.0888,0,0,0,0
tkc715v5py0d1.webp,4,6,0,0,0.9569,adaptive,0.1605,0,0.0,0,0,0,0
tkc715v5py0d1.webp,4,7,0,0,0.9569,adaptive,0.1758,0,0.0,0,0,0,0
tkc715v5py0d1.webp,4,8,5,5,0.9971,adaptive,0.2422,1,0.0863,0,0,0,0
tkc715v5py0d1.webp,4,9,0,0,0.9569,adaptive,0.1676,0,0.0,0,0,0,0
tkc715v5py0d1.webp,5,1,0,0,0.9569,adaptive,0.1412,0,0.0,0,0,0,0
tkc715v5py0d1.webp,5,2,6,6,0.9704,adaptive,0.2417,2,0.0882,1,0,0,0
tkc715v5py0d1.webp,5,3,0,0,0.9569,adaptive,0.1715,1,0.0,1,0,0,0
tkc715v5py0d1.webp,5,4,2,2,0.9982,adaptive,0.2477,2,0.0831,1,0,0,0
tkc715v5py0d1.webp,5,5,0,0,0.9569,adaptive,0.1605,3,0.0,3,0,0,0
tkc715v5py0d1.webp,5,6,0,0,0.9569,adaptive,0.1598,5,0.0,5,0,0,0
tkc715v5py0d1.webp,5,7,0,0,0.9569,adaptive,0.16,10,0.0,10,0,0,0
tkc715v5py0d1.webp,5,8,0,0,0.9569,adaptive,0.1194,8,0.0,8,0,0,0
tkc715v5py0d1.webp,5,9,7,7,0.9994,adaptive,0.1853,1,0.0624,0,0,0,0
tkc715v5py0d1.webp,6,1,0,0,0.9569,adaptive,0.1724,2,0.0,2,0,0,0
tkc715v5py0d1.webp,6,2,0,0,0.9569,adaptive,0.1719,0,0.0,0,0,0,0
tkc715v5py0d1.webp,6,3,0,0,0.9569,adaptive,0.1995,1,0.0,1,0,0,0
tkc715v5py0d1.webp,6,4,0,0,0.9569,adaptive,0.1965,1,0.0,1,0,0,0
tkc715v5py0d1.webp,6,5,4,4,0.9973,adaptive,0.2656,2,0.0716,1,0,0,0
tkc715v5py0d1.webp,6,6,6,6,0.9568,adaptive,0.2812,3,0.0925,2,0,0,0
tkc715v5py0d1.webp,6,7,0,0,0.9569,adaptive,0.171,4,0.0,4,0,0,0
tkc715v5py0d1.webp,6,8,9,9,0.9958,adaptive,0.2326,1,0.0966,0,0,0,0
tkc715v5py0d1.webp,6,9,0,0,0.9569,adaptive,0.1433,2,0.0,2,0,0,0
tkc715v5py0d1.webp,7,1,7,7,0.9992,adaptive,0.2041,1,0.0585,0,0,0,0
tkc715v5py0d1.webp,7,2,3,3,0.9859,adaptive,0.2119,1,0.0847,0,0,0,0
tkc715v5py0d1.webp,7,3,0,0,0.9569,adaptive,0.1534,0,0.0,0,0,0,0
tkc715v5py0d1.webp,7,4,0,0,0.9569,adaptive,0.1504,4,0.0,4,0,0,0
tkc715v5py0d1.webp,7,5,0,0,0.9569,adaptive,0.1554,1,0.0,1,0,0,0
tkc715v5py0d1.webp,7,6,0,0,0.9569,adaptive,0.1478,4,0.0,4,0,0,0
tkc715v5py0d1.webp,7,7,0,0,0.9569,adaptive,0.1345,2,0.0,2,0,0,0
tkc715v5py0d1.webp,7,8,4,4,0.998,adaptive,0.1839,2,0.0742,1,0,0,0
tkc715v5py0d1.webp,7,9,5,5,0.9974,adaptive,0.2011,13,0.0875,12,0,0,0
tkc715v5py0d1.webp,8,1,1,1,0.9858,adaptive,0.1841,1,0.0434,0,0,0,0
tkc715v5py0d1.webp,8,2,0,0,0.9569,adaptive,0.1382,1,0.0,1,0,0,0
tkc715v5py0d1.webp,8,3,0,0,0.9569,adaptive,0.1455,1,0.0,1,0,0,0
tkc715v5py0d1.webp,8,4,0,0,0.9569,adaptive,0.1476,1,0.0,1,0,0,0
tkc715v5py0d1.webp,8,5,0,0,0.9569,adaptive,0.1407,4,0.0,4,0,0,0
tkc715v5py0d1.webp,8,6,2,2,0.999,adaptive,0.2424,2,0.0863,1,0,0,0
tkc715v5py0d1.webp,8,7,0,0,0.9569,adaptive,0.1345,7,0.0,7,0,0,0
tkc715v5py0d1.webp,8,8,0,0,0.9569,adaptive,0.1198,5,0.0,5,0,0,0
tkc715v5py0d1.webp,8,9,6,6,0.9719,adaptive,0.211,2,0.0946,1,0,0,0
tkc715v5py0d1.webp,9,1,2,2,0.9991,adaptive,0.2254,1,0.0803,0,0,0,0
tkc715v5py0d1.webp,9,2,0,0,0.9569,adaptive,0.132,0,0.0,0,0,0,0
tkc715v5py0d1.webp,9,3,0,0,0.9569,adaptive,0.1462,0,0.0,0,0,0,0
tkc715v5py0d1.webp,9,4,0,0,0.9569,adaptive,0.14,2,0.0,2,0,0,0
tkc715v5py0d1.webp,9,5,0,0,0.9569,adaptive,0.1302,1,0.0,1,0,0,0
tkc715v5py0d1.webp,9,6,0,0,0.9569,adaptive,0.1593,1,0.0,1,0,0,0
tkc715v5py0d1.webp,9,7,7,7,0.9993,adaptive,0.2149,2,0.059,1,0,0,0
tkc715v5py0d1.webp,9,8,0,3,0.4333,adaptive,0.1995,8,0.0422,6,0,0,1
tkc715v5py0d1.webp,9,9,1,1,0.9865,adaptive,0.2048,1,0.0443,0,0,0,0
gqx094yuu3ec1.webp,1,1,0,0,0.9569,adaptive,0.0583,0,0.0,0,0,0,0
gqx094yuu3ec1.webp,1,2,0,0,0.9569,adaptive,0.042,0,0.0,0,0,0,0
gqx094yuu3ec1.webp,1,3,1,1,0.9946,adaptive,0.1001,1,0.0698,0,0,0,0
gqx094yuu3ec1.webp,1,4,6,6,0.9851,adaptive,0.1763,1,0.1026,0,0,0,0
gqx094yuu3ec1.webp,1,5,2,2,0.9935,adaptive,0.1343,1,0.0907,0,0,0,0
gqx094yuu3ec1.webp,1,6,8,8,0.9988,adaptive,0.169,1,0.1118,0,0,0,0
gqx094yuu3ec1.webp,1,7,3,3,0.9987,adaptive,0.1568,1,0.0833,0,0,0,0
gqx094yuu3ec1.webp,1,8,0,0,0.9569,adaptive,0.0569,0,0.0,0,0,0,0
gqx094yuu3ec1.webp,1,9,0,0,0.9569,adaptive,0.0549,0,0.0,0,0,0,0
gqx094yuu3ec1.webp,2,1,0,0,0.9569,adaptive,0.0305,0,0.0,0,0,0,0
gqx094yuu3ec1.webp,2,2,0,0,0.9569,adaptive,0.025,0,0.0,0,0,0,0
gqx094yuu3ec1.webp,2,3,9,9,0.9995,adaptive,0.115,1,0.1019,0,0,0,0
gqx094yuu3ec1.webp,2,4,0,0,0.9569,adaptive,0.0581,0,0.0,0,0,0,0
gqx094yuu3ec1.webp,2,5,0,0,0.9569,adaptive,0.0257,0,0.0,0,0,0,0
gqx094yuu3ec1.webp,2,6,0,0,0.9569,adaptive,0.0298,0,0.0,0,0,0,0
gqx094yuu3ec1.webp,2,7,6,6,0.9603,adaptive,0.1492,1,0.1038,0,0,0,0
gqx094yuu3ec1.webp,2,8,1,1,0.9963,adaptive,0.0971,1,0.068,0,0,0,0
gqx094yuu3ec1.webp,2,9,0,0,0.9569,adaptive,0.0186,0,0.0,0,0,0,0
gqx094yuu3ec1.webp,3,1,0,0,0.9569,adaptive,0.0305,0,0.0,0,0,0,0
gqx094yuu3ec1.webp,3,2,3,3,0.9975,adaptive,0.0923,1,0.0826,0,0,0,0
gqx094yuu3ec1.webp,3,3,0,0,0.9569,adaptive,0.0014,0,0.0,0,0,0,0
gqx094yuu3ec1.webp,3,4,0,0,0.9569,adaptive,0.0455,0,0.0,0,0,0,0
gqx094yuu3ec1.webp,3,5,0,0,0.9569,adaptive,0.0152,0,0.0,0,0,0,0
gqx094yuu3ec1.webp,3,6,5,5,0.9981,adaptive,0.115,1,0.0854,0,0,0,0
gqx094yuu3ec1.webp,3,7,0,0,0.9569,adaptive,0.0455,0,0.0,0,0,0,0
gqx094yuu3ec1.webp,3,8,8,8,0.9992,adaptive,0.138,1,0.1088,0,0,0,0
gqx094yuu3ec1.webp,3,9,0,0,0.9569,adaptive,0.0191,0,0.0,0,0,0,0
gqx094yuu3ec1.webp,4,1,0,0,0.9569,adaptive,0.0732,0,0.0,0,0,0,0
gqx094yuu3ec1.webp,4,2,6,6,0.9782,adaptive,0.1591,1,0.1033,0,0,0,0
gqx094yuu3ec1.webp,4,3,0,0,0.9569,adaptive,0.0455,0,0.0,0,0,0,0
gqx094yuu3ec1.webp,4,4,0,0,0.9569,adaptive,0.0884,0,0.0,0,0,0,0
gqx094yuu3ec1.webp,4,5,0,0,0.9569,adaptive,0.0583,0,0.0,0,0,0,0
gqx094yuu3ec1.webp,4,6,1,1,0.9937,adaptive,0.1403,1,0.0689,0,0,0,0
gqx094yuu3ec1.webp,4,7,0,0,0.9569,adaptive,0.0886,0,0.0,0,0,0,0
gqx094yuu3ec1.webp,4,8,4,4,0.8949,adaptive,0.1536,1,0.082,0,0,0,0
gqx094yuu3ec1.webp,4,9,0,0,0.9569,adaptive,0.0588,0,0.0,0,0,0,0
gqx094yuu3ec1.webp,5,1,0,0,0.9569,adaptive,0.0436,0,0.0,0,0,0,0
gqx094yuu3ec1.webp,5,2,7,7,0.9992,adaptive,0.1019,1,0.0751,0,0,0,0
gqx094yuu3ec1.webp,5,3,0,0,0.9569,adaptive,0.0152,0,0.0,0,0,0,0
gqx094yuu3ec1.webp,5,4,0,0,0.9569,adaptive,0.0585,0,0.0,0,0,0,0
gqx094yuu3ec1.webp,5,5,6,6,0.9647,adaptive,0.1331,1,0.1038,0,0,0,0
gqx094yuu3ec1.webp,5,6,0,0,0.9569,adaptive,0.0438,0,0.0,0,0,0,0
gqx094yuu3ec1.webp,5,7,0,0,0.9569,adaptive,0.0579,0,0.0,0,0,0,0
gqx094yuu3ec1.webp,5,8,3,3,0.9989,adaptive,0.126,1,0.0831,0,0,0,0
gqx094yuu3ec1.webp,5,9,0,0,0.9569,adaptive,0.0324,0,0.0,0,0,0,0
gqx094yuu3ec1.webp,6,1,0,0,0.9569,adaptive,0.0569,0,0.0,0,0,0,0
gqx094yuu3ec1.webp,6,2,4,4,0.922,adaptive,0.123,1,0.0824,0,0,0,0
gqx094yuu3ec1.webp,6,3,0,0,0.9569,adaptive,0.0287,0,0.0,0,0,0,0
gqx094yuu3ec1.webp,6,4,0,0,0.9569,adaptive,0.0716,0,0.0,0,0,0,0
gqx094yuu3ec1.webp,6,5,8,8,0.993,adaptive,0.1524,1,0.1093,0,0,0,0
gqx094yuu3ec1.webp,6,6,0,0,0.9569,adaptive,0.0576,0,0.0,0,0,0,0
gqx094yuu3ec1.webp,6,7,0,0,0.9569,adaptive,0.0705,0,0.0,0,0,0,0
gqx094yuu3ec1.webp,6,8,9,9,0.999,adaptive,0.1582,1,0.1019,0,0,0,0
gqx094yuu3ec1.webp,6,9,0,0,0.9569,adaptive,0.0544,0,0.0,0,0,0,0
gqx094yuu3ec1.webp,7,1,0,0,0.9569,adaptive,0.0735,0,0.0,0,0,0,0
gqx094yuu3ec1.webp,7,2,8,8,0.9953,adaptive,0.1589,1,0.1134,0,0,0,0
gqx094yuu3ec1.webp,7,3,0,0,0.9569,adaptive,0.0455,0,0.0,0,0,0,0
gqx094yuu3ec1.webp,7,4,2,2,0.9929,adaptive,0.18,1,0.0911,0,0,0,0
gqx094yuu3ec1.webp,7,5,0,0,0.9569,adaptive,0.0581,0,0.0,0,0,0,0
gqx094yuu3ec1.webp,7,6,0,0,0.9569,adaptive,0.0707,0,0.0,0,0,0,0
gqx094yuu3ec1.webp,7,7,0,0,0.9569,adaptive,0.0888,0,0.0,0,0,0,0
gqx094yuu3ec1.webp,7,8,6,6,0.9507,adaptive,0.1738,1,0.1031,0,0,0,0
gqx094yuu3ec1.webp,7,9,0,0,0.9569,adaptive,0.0583,0,0.0,0,0,0,0
gqx094yuu3ec1.webp,8,1,0,0,0.9569,adaptive,0.0574,0,0.0,0,0,0,0
gqx094yuu3ec1.webp,8,2,9,9,0.9989,adaptive,0.132,1,0.1024,0,0,0,0
gqx094yuu3ec1.webp,8,3,2,2,0.9886,adaptive,0.1185,1,0.09,0,0,0,0
gqx094yuu3ec1.webp,8,4,0,0,0.9569,adaptive,0.0716,0,0.0,0,0,0,0
gqx094yuu3ec1.webp,8,5,0,0,0.9569,adaptive,0.0432,0,0.0,0,0,0,0
gqx094yuu3ec1.webp,8,6,0,0,0.9569,adaptive,0.0572,0,0.0,0,0,0,0
gqx094yuu3ec1.webp,8,7,7,7,0.9988,adaptive,0.1449,1,0.0742,0,0,0,0
gqx094yuu3ec1.webp,8,8,0,0,0.9569,adaptive,0.056,0,0.0,0,0,0,0
gqx094yuu3ec1.webp,8,9,0,0,0.9569,adaptive,0.0429,0,0.0,0,0,0,0
gqx094yuu3ec1.webp,9,1,0,0,0.9569,adaptive,0.0441,0,0.0,0,0,0,0
gqx094yuu3ec1.webp,9,2,0,0,0.9569,adaptive,0.0158,0,0.0,0,0,0,0
gqx094yuu3ec1.webp,9,3,6,6,0.9525,adaptive,0.1221,1,0.1022,0,0,0,0
gqx094yuu3ec1.webp,9,4,9,9,0.9988,adaptive,0.1731,1,0.1019,0,0,0,0
gqx094yuu3ec1.webp,9,5,7,7,0.9994,adaptive,0.1146,1,0.0716,0,0,0,0
gqx094yuu3ec1.webp,9,6,4,4,0.8695,adaptive,0.1389,1,0.0813,0,0,0,0
gqx094yuu3ec1.webp,9,7,0,0,0.9569,adaptive,0.0705,0,0.0,0,0,0,0
gqx094yuu3ec1.webp,9,8,0,0,0.9569,adaptive,0.0572,0,0.0,0,0,0,0
gqx094yuu3ec1.webp,9,9,0,0,0.9569,adaptive,0.0438,0,0.0,0,0,0,0
14cjfxivj70d1.webp,1,1,5,5,0.9985,adaptive,0.1017,1,0.0572,0,0,0,0
14cjfxivj70d1.webp,1,3,8,8,0.9988,adaptive,0.1263,1,0.0696,0,0,0,0
14cjfxivj70d1.webp,1,5,3,3,0.9984,adaptive,0.1162,1,0.0544,0,0,0,0
14cjfxivj70d1.webp,1,9,1,1,0.9946,adaptive,0.0838,1,0.0399,0,0,0,0
14cjfxivj70d1.webp,2,1,6,6,0.9664,adaptive,0.096,1,0.0613,0,0,0,0
14cjfxivj70d1.webp,2,3,3,3,0.9976,adaptive,0.0964,1,0.0539,0,0,0,0
14cjfxivj70d1.webp,2,5,1,1,0.996,adaptive,0.084,1,0.0402,0,0,0,0
14cjfxivj70d1.webp,2,8,4,4,0.9569,adaptive,0.098,1,0.0535,0,0,0,0
14cjfxivj70d1.webp,3,2,1,1,0.9905,adaptive,0.087,1,0.0438,0,0,0,0
14cjfxivj70d1.webp,3,6,2,2,0.9965,adaptive,0.1127,1,0.0519,0,0,0,0
14cjfxivj70d1.webp,3,8,8,8,0.9983,adaptive,0.127,1,0.0702,0,0,0,0
14cjfxivj70d1.webp,4,4,3,3,0.9985,adaptive,0.1416,1,0.0542,0,0,0,0
14cjfxivj70d1.webp,4,5,5,5,0.9963,adaptive,0.138,1,0.0533,0,0,0,0
14cjfxivj70d1.webp,4,8,1,1,0.996,adaptive,0.112,1,0.0397,0,0,0,0
14cjfxivj70d1.webp,5,4,6,6,0.9796,adaptive,0.1341,1,0.062,0,0,0,0
14cjfxivj70d1.webp,5,7,7,7,0.9988,adaptive,0.1164,1,0.0452,0,0,0,0
14cjfxivj70d1.webp,5,9,5,5,0.9986,adaptive,0.1146,1,0.0569,0,0,0,0
14cjfxivj70d1.webp,6,4,1,1,0.9955,adaptive,0.1118,1,0.0395,0,0,0,0
14cjfxivj70d1.webp,6,7,8,8,0.9981,adaptive,0.1414,1,0.07,0,0,0,0
14cjfxivj70d1.webp,6,9,4,4,0.8948,adaptive,0.1118,1,0.0523,0,0,0,0
14cjfxivj70d1.webp,7,2,6,6,0.975,adaptive,0.1196,1,0.0613,0,0,0,0
14cjfxivj70d1.webp,7,4,2,2,0.9981,adaptive,0.1393,1,0.0517,0,0,0,0
14cjfxivj70d1.webp,7,5,4,4,0.9843,adaptive,0.1334,1,0.0519,0,0,0,0
14cjfxivj70d1.webp,7,9,8,8,0.9944,adaptive,0.1515,1,0.0675,0,0,0,0
14cjfxivj70d1.webp,8,1,2,2,0.9922,adaptive,0.1072,1,0.0505,0,0,0,0
14cjfxivj70d1.webp,8,7,1,1,0.9923,adaptive,0.1095,1,0.0381,0,0,0,0
14cjfxivj70d1.webp,9,2,8,8,0.9972,adaptive,0.1258,1,0.0677,0,0,0,0
14cjfxivj70d1.webp,9,6,1,1,0.9944,adaptive,0.1056,1,0.0422,0,0,0,0
14cjfxivj70d1.webp,9,7,4,4,0.9503,adaptive,0.1364,1,0.0521,0,0,0,0
14cjfxivj70d1.webp,9,8,2,2,0.995,adaptive,0.1251,1,0.0526,0,0,0,0
6v28vzk9rv8c1.webp,1,1,2,2,0.9991,adaptive,0.132,1,0.073,0,0,0,0
6v28vzk9rv8c1.webp,1,4,7,7,0.999,adaptive,0.1258,1,0.0519,0,0,0,0
6v28vzk9rv8c1.webp,1,5,9,9,0.9968,adaptive,0.1442,1,0.0863,0,0,0,0
6v28vzk9rv8c1.webp,1,6,8,8,0.9926,adaptive,0.1462,1,0.0884,0,0,0,0
6v28vzk9rv8c1.webp,1,7,6,6,0.9047,adaptive,0.1618,1,0.0852,0,0,0,0
6v28vzk9rv8c1.webp,1,8,5,5,0.9945,adaptive,0.1398,1,0.0813,0,0,0,0
6v28vzk9rv8c1.webp,1,9,3,3,0.9981,adaptive,0.1306,1,0.0725,0,0,0,0
6v28vzk9rv8c1.webp,2,1,3,3,0.9987,adaptive,0.1185,1,0.0746,0,0,0,0
6v28vzk9rv8c1.webp,2,2,5,5,0.995,adaptive,0.1107,1,0.0808,0,0,0,0
6v28vzk9rv8c1.webp,2,3,7,7,0.998,adaptive,0.0992,1,0.0549,0,0,0,0
6v28vzk9rv8c1.webp,2,4,6,6,0.9608,adaptive,0.1458,1,0.087,0,0,0,0
6v28vzk9rv8c1.webp,2,5,2,2,0.9994,adaptive,0.115,1,0.0709,0,0,0,0
6v28vzk9rv8c1.webp,2,6,1,1,0.9537,adaptive,0.0859,1,0.0418,0,0,0,0
6v28vzk9rv8c1.webp,2,8,9,9,0.9982,adaptive,0.1336,1,0.0888,0,0,0,0
6v28vzk9rv8c1.webp,3,1,9,9,0.998,adaptive,0.1591,1,0.0882,0,0,0,0
6v28vzk9rv8c1.webp,3,2,8,8,0.9954,adaptive,0.1453,1,0.0875,0,0,0,0
6v28vzk9rv8c1.webp,3,3,6,6,0.9247,adaptive,0.1561,1,0.0856,0,0,0,0
6v28vzk9rv8c1.webp,3,4,4,4,0.9979,adaptive,0.1573,1,0.0721,0,0,0,0
6v28vzk9rv8c1.webp,3,5,3,3,0.9971,adaptive,0.1467,1,0.0742,0,0,0,0
6v28vzk9rv8c1.webp,3,6,5,5,0.9964,adaptive,0.1556,1,0.0836,0,0,0,0
6v28vzk9rv8c1.webp,3,7,7,7,0.9991,adaptive,0.1398,1,0.0512,0,0,0,0
6v28vzk9rv8c1.webp,3,8,1,1,0.9611,adaptive,0.1143,1,0.0409,0,0,0,0
6v28vzk9rv8c1.webp,3,9,2,2,0.9994,adaptive,0.1299,1,0.0721,0,0,0,0
6v28vzk9rv8c1.webp,4,1,7,7,0.9982,adaptive,0.1297,1,0.0558,0,0,0,0
6v28vzk9rv8c1.webp,4,2,3,3,0.9962,adaptive,0.1455,1,0.0748,0,0,0,0
6v28vzk9rv8c1.webp,4,3,8,8,0.9862,adaptive,0.1586,1,0.0868,0,0,0,0
6v28vzk9rv8c1.webp,4,4,2,2,0.9995,adaptive,0.1612,1,0.0725,0,0,0,0
6v28vzk9rv8c1.webp,4,5,4,4,0.9972,adaptive,0.1421,1,0.07,0,0,0,0
6v28vzk9rv8c1.webp,4,6,9,9,0.9982,adaptive,0.1616,1,0.0891,0,0,0,0
6v28vzk9rv8c1.webp,4,7,1,1,0.974,adaptive,0.1288,1,0.0399,0,0,0,0
6v28vzk9rv8c1.webp,4,8,6,6,0.9118,adaptive,0.1556,1,0.0836,0,0,0,0
6v28vzk9rv8c1.webp,4,9,5,5,0.9933,adaptive,0.1547,1,0.0817,0,0,0,0
6v28vzk9rv8c1.webp,5,1,1,1,0.9639,adaptive,0.098,1,0.0406,0,0,0,0
6v28vzk9rv8c1.webp,5,2,6,6,0.9628,adaptive,0.1302,1,0.087,0,0,0,0
6v28vzk9rv8c1.webp,5,4,8,8,0.9963,adaptive,0.1575,1,0.0861,0,0,0,0
6v28vzk9rv8c1.webp,5,5,5,5,0.9975,adaptive,0.1111,1,0.0797,0,0,0,0
6v28vzk9rv8c1.webp,5,6,7,7,0.9979,adaptive,0.0969,1,0.0517,0,0,0,0
6v28vzk9rv8c1.webp,5,7,3,3,0.9982,adaptive,0.1419,1,0.076,0,0,0,0
6v28vzk9rv8c1.webp,6,1,5,5,0.9955,adaptive,0.1412,1,0.0836,0,0,0,0
6v28vzk9rv8c1.webp,6,4,3,3,0.9988,adaptive,0.1483,1,0.0762,0,0,0,0
6v28vzk9rv8c1.webp,6,5,1,1,0.9823,adaptive,0.1006,1,0.0416,0,0,0,0
6v28vzk9rv8c1.webp,6,6,6,6,0.9566,adaptive,0.1474,1,0.0865,0,0,0,0
6v28vzk9rv8c1.webp,7,1,8,8,0.9989,adaptive,0.1742,1,0.0868,0,0,0,0
6v28vzk9rv8c1.webp,7,3,3,3,0.9984,adaptive,0.1612,1,0.0755,0,0,0,0
6v28vzk9rv8c1.webp,7,4,1,1,0.9552,adaptive,0.1474,1,0.0466,0,0,0,0
6v28vzk9rv8c1.webp,7,5,6,6,0.9571,adaptive,0.1699,1,0.0863,0,0,0,0
6v28vzk9rv8c1.webp,7,6,4,4,0.9987,adaptive,0.1437,1,0.0716,0,0,0,0
6v28vzk9rv8c1.webp,7,7,5,5,0.9939,adaptive,0.171,1,0.0822,0,0,0,0
6v28vzk9rv8c1.webp,8,1,4,4,0.9962,adaptive,0.1354,1,0.0716,0,0,0,0
6v28vzk9rv8c1.webp,8,5,8,8,0.997,adaptive,0.1462,1,0.0875,0,0,0,0
6v28vzk9rv8c1.webp,8,9,6,6,0.9754,adaptive,0.1446,1,0.0852,0,0,0,0
6v28vzk9rv8c1.webp,9,1,6,6,0.9615,adaptive,0.1545,1,0.0856,0,0,0,0
6v28vzk9rv8c1.webp,9,5,7,7,0.9995,adaptive,0.1253,1,0.053,0,0,0,0
6v28vzk9rv8c1.webp,9,9,1,1,0.9545,adaptive,0.0973,1,0.0471,0,0,0,0
ocbbh9k7gdfc1.jpeg,1,1,0,0,0.9569,adaptive,0.1136,0,0.0,0,0,0,0
ocbbh9k7gdfc1.jpeg,1,2,2,2,0.9984,adaptive,0.1616,1,0.0879,0,0,0,0
ocbbh9k7gdfc1.jpeg,1,3,0,0,0.9569,adaptive,0.1136,0,0.0,0,0,0,0
ocbbh9k7gdfc1.jpeg,1,4,3,3,0.9947,adaptive,0.2149,1,0.0879,0,0,0,0
ocbbh9k7gdfc1.jpeg,1,5,0,0,0.9569,adaptive,0.0872,0,0.0,0,0,0,0
ocbbh9k7gdfc1.jpeg,1,6,1,1,0.9891,adaptive,0.16,1,0.0491,0,0,0,0
ocbbh9k7gdfc1.jpeg,1,7,0,0,0.9569,adaptive,0.118,0,0.0,0,0,0,0
ocbbh9k7gdfc1.jpeg,1,8,0,0,0.9569,adaptive,0.0893,0,0.0,0,0,0,0
ocbbh9k7gdfc1.jpeg,1,9,0,0,0.9569,adaptive,0.0872,0,0.0,0,0,0,0
ocbbh9k7gdfc1.jpeg,2,1,0,0,0.9569,adaptive,0.0863,0,0.0,0,0,0,0
ocbbh9k7gdfc1.jpeg,2,2,0,0,0.9569,adaptive,0.0452,0,0.0,0,0,0,0
ocbbh9k7gdfc1.jpeg,2,3,0,0,0.9569,adaptive,0.087,0,0.0,0,0,0,0
ocbbh9k7gdfc1.jpeg,2,4,4,4,0.998,adaptive,0.1749,1,0.0735,0,0,0,0
ocbbh9k7gdfc1.jpeg,2,5,6,6,0.9345,adaptive,0.1568,1,0.0973,0,0,0,0
ocbbh9k7gdfc1.jpeg,2,6,0,0,0.9569,adaptive,0.0868,0,0.0,0,0,0,0
ocbbh9k7gdfc1.jpeg,2,7,0,0,0.9569,adaptive,0.1019,0,0.0,0,0,0,0
ocbbh9k7gdfc1.jpeg,2,8,0,0,0.9569,adaptive,0.0737,0,0.0,0,0,0,0
ocbbh9k7gdfc1.jpeg,2,9,7,7,0.9995,adaptive,0.1357,1,0.0624,0,0,0,0
ocbbh9k7gdfc1.jpeg,3,1,4,4,0.9969,adaptive,0.1871,1,0.0739,0,0,0,0
ocbbh9k7gdfc1.jpeg,3,2,0,0,0.9569,adaptive,0.0737,0,0.0,0,0,0,0
ocbbh9k7gdfc1.jpeg,3,3,0,0,0.9569,adaptive,0.1143,0,0.0,0,0,0,0
ocbbh9k7gdfc1.jpeg,3,4,0,0,0.9569,adaptive,0.1279,0,0.0,0,0,0,0
ocbbh9k7gdfc1.jpeg,3,5,9,9,0.9947,adaptive,0.185,1,0.0966,0,0,0,0
ocbbh9k7gdfc1.jpeg,3,6,0,0,0.9569,adaptive,0.1127,0,0.0,0,0,0,0
ocbbh9k7gdfc1.jpeg,3,7,0,0,0.9569,adaptive,0.1281,0,0.0,0,0,0,0
ocbbh9k7gdfc1.jpeg,3,8,5,5,0.9965,adaptive,0.1905,1,0.0865,0,0,0,0
ocbbh9k7gdfc1.jpeg,3,9,0,0,0.9569,adaptive,0.1127,0,0.0,0,0,0,0
ocbbh9k7gdfc1.jpeg,4,1,1,1,0.9908,adaptive,0.1775,1,0.0491,0,0,0,0
ocbbh9k7gdfc1.jpeg,4,2,0,0,0.9569,adaptive,0.0891,0,0.0,0,0,0,0
ocbbh9k7gdfc1.jpeg,4,3,0,0,0.9569,adaptive,0.129,0,0.0,0,0,0,0
ocbbh9k7gdfc1.jpeg,4,4,0,0,0.9569,adaptive,0.141,0,0.0,0,0,0,0
ocbbh9k7gdfc1.jpeg,4,5,5,5,0.9943,adaptive,0.1917,1,0.0886,0,0,0,0
ocbbh9k7gdfc1.jpeg,4,6,0,0,0.9569,adaptive,0.1283,0,0.0,0,0,0,0
ocbbh9k7gdfc1.jpeg,4,7,0,0,0.9569,adaptive,0.1403,0,0.0,0,0,0,0
ocbbh9k7gdfc1.jpeg,4,8,2,2,0.9991,adaptive,0.2034,1,0.0868,0,0,0,0
ocbbh9k7gdfc1.jpeg,4,9,0,0,0.9569,adaptive,0.1159,0,0.0,0,0,0,0
ocbbh9k7gdfc1.jpeg,5,1,0,0,0.9569,adaptive,0.1006,0,0.0,0,0,0,0
ocbbh9k7gdfc1.jpeg,5,2,0,0,0.9569,adaptive,0.0613,0,0.0,0,0,0,0
ocbbh9k7gdfc1.jpeg,5,3,9,9,0.9928,adaptive,0.1979,1,0.0971,0,0,0,0
ocbbh9k7gdfc1.jpeg,5,4,1,1,0.9843,adaptive,0.1657,1,0.0507,0,0,0,0
ocbbh9k7gdfc1.jpeg,5,5,0,0,0.9569,adaptive,0.0739,0,0.0,0,0,0,0
ocbbh9k7gdfc1.jpeg,5,6,6,6,0.9247,adaptive,0.1967,1,0.0957,0,0,0,0
ocbbh9k7gdfc1.jpeg,5,7,7,7,0.9996,adaptive,0.1754,1,0.0601,0,0,0,0
ocbbh9k7gdfc1.jpeg,5,8,0,0,0.9569,adaptive,0.0888,0,0.0,0,0,0,0
ocbbh9k7gdfc1.jpeg,5,9,0,0,0.9569,adaptive,0.0872,0,0.0,0,0,0,0
ocbbh9k7gdfc1.jpeg,6,1,0,0,0.9569,adaptive,0.0877,0,0.0,0,0,0,0
ocbbh9k7gdfc1.jpeg,6,2,4,4,0.9988,adaptive,0.1208,1,0.0742,0,0,0,0
ocbbh9k7gdfc1.jpeg,6,3,0,0,0.9569,adaptive,0.0886,0,0.0,0,0,0,0
ocbbh9k7gdfc1.jpeg,6,4,0,0,0.9569,adaptive,0.1024,0,0.0,0,0,0,0
ocbbh9k7gdfc1.jpeg,6,5,8,8,0.997,adaptive,0.1602,1,0.1006,0,0,0,0
ocbbh9k7gdfc1.jpeg,6,6,0,0,0.9569,adaptive,0.0868,0,0.0,0,0,0,0
ocbbh9k7gdfc1.jpeg,6,7,0,0,0.9569,adaptive,0.1026,0,0.0,0,0,0,0
ocbbh9k7gdfc1.jpeg,6,8,0,0,0.9569,adaptive,0.0742,0,0.0,0,0,0,0
ocbbh9k7gdfc1.jpeg,6,9,1,1,0.9831,adaptive,0.1185,1,0.0452,0,0,0,0
ocbbh9k7gdfc1.jpeg,7,1,0,0,0.9569,adaptive,0.1276,0,0.0,0,0,0,0
ocbbh9k7gdfc1.jpeg,7,2,8,8,0.9982,adaptive,0.1887,1,0.0999,0,0,0,0
ocbbh9k7gdfc1.jpeg,7,3,0,0,0.9569,adaptive,0.1276,0,0.0,0,0,0,0
ocbbh9k7gdfc1.jpeg,7,4,0,0,0.9569,adaptive,0.1396,0,0.0,0,0,0,0
ocbbh9k7gdfc1.jpeg,7,5,1,1,0.9799,adaptive,0.1522,1,0.0498,0,0,0,0
ocbbh9k7gdfc1.jpeg,7,6,0,0,0.9569,adaptive,0.1272,0,0.0,0,0,0,0
ocbbh9k7gdfc1.jpeg,7,7,0,0,0.9569,adaptive,0.1403,0,0.0,0,0,0,0
ocbbh9k7gdfc1.jpeg,7,8,0,0,0.9569,adaptive,0.1152,0,0.0,0,0,0,0
ocbbh9k7gdfc1.jpeg,7,9,3,3,0.9933,adaptive,0.2018,1,0.0875,0,0,0,0
ocbbh9k7gdfc1.jpeg,8,1,6,6,0.9755,adaptive,0.1977,1,0.0969,0,0,0,0
ocbbh9k7gdfc1.jpeg,8,2,0,0,0.9569,adaptive,0.0597,0,0.0,0,0,0,0
ocbbh9k7gdfc1.jpeg,8,3,0,0,0.9569,adaptive,0.1012,0,0.0,0,0,0,0
ocbbh9k7gdfc1.jpeg,8,4,0,0,0.9569,adaptive,0.115,0,0.0,0,0,0,0
ocbbh9k7gdfc1.jpeg,8,5,0,0,0.9569,adaptive,0.0737,0,0.0,0,0,0,0
ocbbh9k7gdfc1.jpeg,8,6,0,0,0.9569,adaptive,0.0989,0,0.0,0,0,0,0
ocbbh9k7gdfc1.jpeg,8,7,0,0,0.9569,adaptive,0.1155,0,0.0,0,0,0,0
ocbbh9k7gdfc1.jpeg,8,8,0,0,0.9569,adaptive,0.0875,0,0.0,0,0,0,0
ocbbh9k7gdfc1.jpeg,8,9,0,0,0.9569,adaptive,0.0856,0,0.0,0,0,0,0
ocbbh9k7gdfc1.jpeg,9,1,0,0,0.9569,adaptive,0.0996,0,0.0,0,0,0,0
ocbbh9k7gdfc1.jpeg,9,2,0,0,0.9569,adaptive,0.059,0,0.0,0,0,0,0
ocbbh9k7gdfc1.jpeg,9,3,0,0,0.9569,adaptive,0.1008,0,0.0,0,0,0,0
ocbbh9k7gdfc1.jpeg,9,4,7,7,0.9997,adaptive,0.1747,1,0.0604,0,0,0,0
ocbbh9k7gdfc1.jpeg,9,5,0,0,0.9569,adaptive,0.0737,0,0.0,0,0,0,0
ocbbh9k7gdfc1.jpeg,9,6,9,9,0.9974,adaptive,0.1958,1,0.0964,0,0,0,0
ocbbh9k7gdfc1.jpeg,9,7,0,0,0.9569,adaptive,0.1157,0,0.0,0,0,0,0
ocbbh9k7gdfc1.jpeg,9,8,1,1,0.9842,adaptive,0.1375,1,0.0496,0,0,0,0
ocbbh9k7gdfc1.jpeg,9,9,0,0,0.9569,adaptive,0.0849,0,0.0,0,0,0,0
81pxeupeoyac1.webp,1,4,9,9,0.9986,adaptive,0.1775,1,0.0893,0,0,0,0
81pxeupeoyac1.webp,1,7,6,6,0.8899,adaptive,0.1618,1,0.0879,0,0,0,0
81pxeupeoyac1.webp,2,1,4,4,0.9984,adaptive,0.1113,1,0.0728,0,0,0,0
81pxeupeoyac1.webp,2,2,6,6,0.9423,adaptive,0.1164,1,0.0868,0,0,0,0
81pxeupeoyac1.webp,2,3,9,9,0.9978,adaptive,0.1306,1,0.087,0,0,0,0
81pxeupeoyac1.webp,2,7,8,8,0.9969,adaptive,0.1476,1,0.0893,0,0,0,0
81pxeupeoyac1.webp,3,1,2,2,0.9991,adaptive,0.1173,1,0.0737,0,0,0,0
81pxeupeoyac1.webp,3,3,7,7,0.9986,adaptive,0.124,1,0.0542,0,0,0,0
81pxeupeoyac1.webp,3,4,6,6,0.9481,adaptive,0.1871,1,0.0875,0,0,0,0
81pxeupeoyac1.webp,3,5,3,3,0.9972,adaptive,0.1575,1,0.0744,0,0,0,0
81pxeupeoyac1.webp,3,7,5,5,0.9969,adaptive,0.1554,1,0.0831,0,0,0,0
81pxeupeoyac1.webp,3,8,9,9,0.9981,adaptive,0.1455,1,0.0868,0,0,0,0
81pxeupeoyac1.webp,3,9,4,4,0.9989,adaptive,0.1437,1,0.0728,0,0,0,0
81pxeupeoyac1.webp,4,1,1,1,0.9577,adaptive,0.1159,1,0.0416,0,0,0,0
81pxeupeoyac1.webp,4,3,8,8,0.9948,adaptive,0.1566,1,0.0884,0,0,0,0
81pxeupeoyac1.webp,4,4,7,7,0.9983,adaptive,0.1683,1,0.0533,0,0,0,0
81pxeupeoyac1.webp,4,7,3,3,0.9981,adaptive,0.1781,1,0.0764,0,0,0,0
81pxeupeoyac1.webp,5,1,9,9,0.9981,adaptive,0.1426,1,0.0856,0,0,0,0
81pxeupeoyac1.webp,5,6,3,3,0.998,adaptive,0.135,1,0.0753,0,0,0,0
81pxeupeoyac1.webp,5,9,5,5,0.9957,adaptive,0.1552,1,0.0817,0,0,0,0
81pxeupeoyac1.webp,6,8,4,4,0.9969,adaptive,0.1327,1,0.073,0,0,0,0
81pxeupeoyac1.webp,7,1,6,6,0.9744,adaptive,0.1602,1,0.0854,0,0,0,0
81pxeupeoyac1.webp,7,2,9,9,0.9982,adaptive,0.1715,1,0.0868,0,0,0,0
81pxeupeoyac1.webp,7,4,3,3,0.9981,adaptive,0.1761,1,0.0739,0,0,0,0
81pxeupeoyac1.webp,7,5,8,8,0.9979,adaptive,0.1717,1,0.0868,0,0,0,0
81pxeupeoyac1.webp,7,6,7,7,0.9991,adaptive,0.1263,1,0.0539,0,0,0,0
81pxeupeoyac1.webp,7,8,5,5,0.9945,adaptive,0.1527,1,0.0806,0,0,0,0
81pxeupeoyac1.webp,7,9,1,1,0.9034,adaptive,0.1143,1,0.0427,0,0,0,0
81pxeupeoyac1.webp,8,1,8,8,0.9991,adaptive,0.1449,1,0.0875,0,0,0,0
81pxeupeoyac1.webp,8,3,5,5,0.9959,adaptive,0.141,1,0.0831,0,0,0,0
81pxeupeoyac1.webp,8,5,9,9,0.9925,adaptive,0.1579,1,0.0852,0,0,0,0
81pxeupeoyac1.webp,8,6,2,2,0.9977,adaptive,0.1315,1,0.0719,0,0,0,0
81pxeupeoyac1.webp,8,7,7,7,0.9994,adaptive,0.1235,1,0.0514,0,0,0,0
81pxeupeoyac1.webp,9,1,7,7,0.9993,adaptive,0.1191,1,0.0523,0,0,0,0
81pxeupeoyac1.webp,9,2,3,3,0.9972,adaptive,0.1492,1,0.0783,0,0,0,0
81pxeupeoyac1.webp,9,4,5,5,0.9948,adaptive,0.183,1,0.0831,0,0,0,0
81pxeupeoyac1.webp,9,6,6,6,0.9595,adaptive,0.1609,1,0.0882,0,0,0,0
g8lu2qy6uz0d1.webp,1,1,4,4,0.9979,adaptive,0.1373,1,0.0785,0,0,0,0
g8lu2qy6uz0d1.webp,1,2,7,7,0.9994,adaptive,0.0859,1,0.0556,0,0,0,0
g8lu2qy6uz0d1.webp,1,3,3,3,0.9967,adaptive,0.107,1,0.0767,0,0,0,0
g8lu2qy6uz0d1.webp,1,7,2,2,0.9975,adaptive,0.1478,1,0.0753,0,0,0,0
g8lu2qy6uz0d1.webp,1,8,5,5,0.9941,adaptive,0.1345,1,0.0776,0,0,0,0
g8lu2qy6uz0d1.webp,1,9,6,6,0.9734,adaptive,0.1208,1,0.0781,0,0,0,0
g8lu2qy6uz0d1.webp,2,1,8,8,0.9954,adaptive,0.1465,1,0.0902,0,0,0,0
g8lu2qy6uz0d1.webp,2,2,5,5,0.9963,adaptive,0.1371,1,0.081,0,0,0,0
g8lu2qy6uz0d1.webp,2,3,1,1,0.9441,adaptive,0.1033,1,0.05,0,0,0,0
g8lu2qy6uz0d1.webp,2,4,7,7,0.9984,adaptive,0.1015,1,0.0579,0,0,0,0
g8lu2qy6uz0d1.webp,2,5,2,2,0.9987,adaptive,0.0916,1,0.0725,0,0,0,0
g8lu2qy6uz0d1.webp,2,6,6,6,0.9738,adaptive,0.107,1,0.0787,0,0,0,0
g8lu2qy6uz0d1.webp,2,7,3,3,0.995,adaptive,0.1467,1,0.076,0,0,0,0
g8lu2qy6uz0d1.webp,2,8,4,4,0.999,adaptive,0.1336,1,0.0758,0,0,0,0
g8lu2qy6uz0d1.webp,2,9,9,9,0.9995,adaptive,0.1472,1,0.079,0,0,0,0
g8lu2qy6uz0d1.webp,3,2,2,2,0.9976,adaptive,0.1237,1,0.0769,0,0,0,0
g8lu2qy6uz0d1.webp,3,4,3,3,0.9983,adaptive,0.1063,1,0.076,0,0,0,0
g8lu2qy6uz0d1.webp,3,5,4,4,0.9983,adaptive,0.0914,1,0.076,0,0,0,0
g8lu2qy6uz0d1.webp,3,6,5,5,0.997,adaptive,0.0923,1,0.0778,0,0,0,0
g8lu2qy6uz0d1.webp,3,7,8,8,0.9951,adaptive,0.1612,1,0.0902,0,0,0,0
g8lu2qy6uz0d1.webp,3,8,7,7,0.999,adaptive,0.1134,1,0.0562,0,0,0,0
g8lu2qy6uz0d1.webp,3,9,1,1,0.9532,adaptive,0.1191,1,0.0498,0,0,0,0
g8lu2qy6uz0d1.webp,4,2,1,1,0.9122,adaptive,0.1139,1,0.0434,0,0,0,0
g8lu2qy6uz0d1.webp,4,4,5,5,0.9977,adaptive,0.1501,1,0.0771,0,0,0,0
g8lu2qy6uz0d1.webp,4,7,7,7,0.9989,adaptive,0.1416,1,0.0544,0,0,0,0
g8lu2qy6uz0d1.webp,4,9,4,4,0.9985,adaptive,0.1644,1,0.0799,0,0,0,0
g8lu2qy6uz0d1.webp,5,2,8,8,0.9948,adaptive,0.1331,1,0.09,0,0,0,0
g8lu2qy6uz0d1.webp,5,3,5,5,0.9946,adaptive,0.1286,1,0.0781,0,0,0,0
g8lu2qy6uz0d1.webp,5,4,4,4,0.9973,adaptive,0.1159,1,0.0723,0,0,0,0
g8lu2qy6uz0d1.webp,5,5,7,7,0.9989,adaptive,0.087,1,0.0565,0,0,0,0
g8lu2qy6uz0d1.webp,5,6,9,9,0.9993,adaptive,0.1228,1,0.0797,0,0,0,0
g8lu2qy6uz0d1.webp,5,7,1,1,0.9408,adaptive,0.1088,1,0.0484,0,0,0,0
g8lu2qy6uz0d1.webp,5,9,2,2,0.9986,adaptive,0.1327,1,0.0751,0,0,0,0
g8lu2qy6uz0d1.webp,6,1,7,7,0.9994,adaptive,0.0996,1,0.0581,0,0,0,0
g8lu2qy6uz0d1.webp,6,3,4,4,0.9977,adaptive,0.1286,1,0.0753,0,0,0,0
g8lu2qy6uz0d1.webp,6,4,1,1,0.972,adaptive,0.0863,1,0.0429,0,0,0,0
g8lu2qy6uz0d1.webp,6,6,2,2,0.9979,adaptive,0.1219,1,0.0739,0,0,0,0
g8lu2qy6uz0d1.webp,6,7,5,5,0.9974,adaptive,0.1375,1,0.0792,0,0,0,0
g8lu2qy6uz0d1.webp,6,8,9,9,0.9988,adaptive,0.1244,1,0.0797,0,0,0,0
g8lu2qy6uz0d1.webp,6,9,8,8,0.9887,adaptive,0.1499,1,0.093,0,0,0,0
g8lu2qy6uz0d1.webp,7,1,1,1,0.9528,adaptive,0.1081,1,0.0482,0,0,0,0
g8lu2qy6uz0d1.webp,7,2,9,9,0.9994,adaptive,0.1393,1,0.081,0,0,0,0
g8lu2qy6uz0d1.webp,7,3,7,7,0.9989,adaptive,0.1279,1,0.0572,0,0,0,0
g8lu2qy6uz0d1.webp,7,4,2,2,0.9984,adaptive,0.1497,1,0.0753,0,0,0,0
g8lu2qy6uz0d1.webp,7,5,5,5,0.9988,adaptive,0.1366,1,0.0781,0,0,0,0
g8lu2qy6uz0d1.webp,7,6,4,4,0.9967,adaptive,0.1469,1,0.0771,0,0,0,0
g8lu2qy6uz0d1.webp,7,7,6,6,0.9908,adaptive,0.169,1,0.0801,0,0,0,0
g8lu2qy6uz0d1.webp,7,8,8,8,0.9988,adaptive,0.1625,1,0.0909,0,0,0,0
g8lu2qy6uz0d1.webp,7,9,3,3,0.9978,adaptive,0.1586,1,0.0755,0,0,0,0
g8lu2qy6uz0d1.webp,8,2,4,4,0.9976,adaptive,0.1228,1,0.0781,0,0,0,0
g8lu2qy6uz0d1.webp,8,4,6,6,0.9895,adaptive,0.1384,1,0.0771,0,0,0,0
g8lu2qy6uz0d1.webp,8,6,7,7,0.9992,adaptive,0.1143,1,0.0569,0,0,0,0
g8lu2qy6uz0d1.webp,8,7,9,9,0.9995,adaptive,0.1517,1,0.0801,0,0,0,0
g8lu2qy6uz0d1.webp,8,8,1,1,0.9576,adaptive,0.1031,1,0.0434,0,0,0,0
g8lu2qy6uz0d1.webp,8,9,5,5,0.999,adaptive,0.1511,1,0.0797,0,0,0,0
g8lu2qy6uz0d1.webp,9,1,5,5,0.9984,adaptive,0.1219,1,0.0774,0,0,0,0
g8lu2qy6uz0d1.webp,9,7,4,4,0.9961,adaptive,0.1469,1,0.0755,0,0,0,0
g8lu2qy6uz0d1.webp,9,8,2,2,0.9982,adaptive,0.135,1,0.0762,0,0,0,0
g8lu2qy6uz0d1.webp,9,9,7,7,0.9995,adaptive,0.1263,1,0.0569,0,0,0,0
xosaap03m1bc1.webp,1,2,7,7,0.7582,adaptive,0.157,1,0.1006,0,0,0,0
xosaap03m1bc1.webp,1,7,2,2,0.8587,adaptive,0.3414,2,0.1772,0,1,0,0
xosaap03m1bc1.webp,1,8,9,9,0.6911,adaptive,0.3166,4,0.1348,2,0,0,0
xosaap03m1bc1.webp,1,9,5,5,0.8979,adaptive,0.3303,2,0.1775,0,1,0,0
xosaap03m1bc1.webp,2,3,5,5,0.7841,adaptive,0.2537,1,0.1768,0,0,0,0
xosaap03m1bc1.webp,2,4,9,9,0.3483,adaptive,0.264,3,0.1354,0,1,0,0
xosaap03m1bc1.webp,2,6,3,8,0.6391,adaptive,0.2615,1,0.1763,0,0,0,0
xosaap03m1bc1.webp,2,7,8,8,0.9534,adaptive,0.2957,4,0.1279,0,1,0,1
xosaap03m1bc1.webp,2,8,7,7,0.5878,adaptive,0.1515,1,0.107,0,0,0,0
xosaap03m1bc1.webp,3,2,9,9,0.9357,adaptive,0.2491,2,0.1341,0,0,0,0
xosaap03m1bc1.webp,3,5,5,5,0.7656,adaptive,0.2472,1,0.174,0,0,0,0
xosaap03m1bc1.webp,3,6,7,7,0.8904,adaptive,0.1508,1,0.1081,0,0,0,0
xosaap03m1bc1.webp,3,7,1,9,0.304,adaptive,0.2188,2,0.115,0,1,0,0
xosaap03m1bc1.webp,3,9,3,8,0.8998,adaptive,0.3101,2,0.1855,0,1,0,0
xosaap03m1bc1.webp,4,1,5,8,0.6322,adaptive,0.3262,2,0.185,0,1,0,0
xosaap03m1bc1.webp,4,2,4,6,0.3421,adaptive,0.2415,3,0.124,0,1,0,0
xosaap03m1bc1.webp,4,4,7,7,0.6434,adaptive,0.1765,1,0.1017,0,0,0,0
xosaap03m1bc1.webp,4,7,6,6,0.9372,adaptive,0.2961,3,0.132,0,0,1,0
xosaap03m1bc1.webp,5,1,8,3,0.5385,adaptive,0.2803,3,0.1309,0,0,0,0
xosaap03m1bc1.webp,5,4,5,8,0.5646,adaptive,0.2998,2,0.1853,0,1,0,0
xosaap03m1bc1.webp,5,9,2,2,0.7655,adaptive,0.2897,2,0.1772,0,1,0,0
xosaap03m1bc1.webp,6,3,9,9,0.4537,adaptive,0.2466,2,0.1345,0,0,0,0
xosaap03m1bc1.webp,6,6,6,6,0.7825,adaptive,0.2564,3,0.1315,1,0,0,0
xosaap03m1bc1.webp,6,8,5,5,0.6963,adaptive,0.2757,2,0.1779,0,1,0,0
xosaap03m1bc1.webp,7,3,4,9,0.3033,adaptive,0.2555,3,0.1265,0,1,0,0
xosaap03m1bc1.webp,7,5,7,7,0.7389,adaptive,0.177,2,0.1065,0,1,0,0
xosaap03m1bc1.webp,8,2,8,3,0.4477,adaptive,0.2433,4,0.1306,1,0,0,0
xosaap03m1bc1.webp,8,4,6,6,0.759,adaptive,0.2725,4,0.129,1,1,0,0
xosaap03m1bc1.webp,8,6,5,3,0.5382,adaptive,0.2658,2,0.1777,1,0,0,0
xosaap03m1bc1.webp,8,7,4,6,0.4323,adaptive,0.2518,3,0.1237,0,1,0,0
xosaap03m1bc1.webp,9,1,9,9,0.4665,adaptive,0.2727,3,0.1311,0,1,0,0
xosaap03m1bc1.webp,9,3,1,9,0.7221,adaptive,0.2117,2,0.1127,0,1,0,0
xosaap03m1bc1.webp,9,8,3,8,0.8059,adaptive,0.2746,2,0.1715,0,0,1,0
r4k4memgy6ac1.webp,1,1,9,9,0.9996,adaptive,0.1625,1,0.1045,0,0,0,0
r4k4memgy6ac1.webp,1,2,2,2,0.9945,adaptive,0.1201,1,0.0898,0,0,0,0
r4k4memgy6ac1.webp,1,3,1,1,0.9966,adaptive,0.1205,1,0.0643,0,0,0,0
r4k4memgy6ac1.webp,1,4,3,3,0.9992,adaptive,0.1554,1,0.082,0,0,0,0
r4k4memgy6ac1.webp,1,5,8,8,0.9991,adaptive,0.1674,1,0.1109,0,0,0,0
r4k4memgy6ac1.webp,1,6,5,5,0.9967,adaptive,0.1433,1,0.0865,0,0,0,0
r4k4memgy6ac1.webp,1,7,7,7,0.9991,adaptive,0.1439,1,0.0707,0,0,0,0
r4k4memgy6ac1.webp,1,8,6,6,0.9889,adaptive,0.1607,1,0.1031,0,0,0,0
r4k4memgy6ac1.webp,1,9,4,4,0.9296,adaptive,0.1368,1,0.0797,0,0,0,0
r4k4memgy6ac1.webp,2,1,8,8,0.9989,adaptive,0.141,1,0.1107,0,0,0,0
r4k4memgy6ac1.webp,2,2,5,5,0.9979,adaptive,0.0884,1,0.0875,0,0,0,0
r4k4memgy6ac1.webp,2,3,4,4,0.9147,adaptive,0.1095,1,0.0806,0,0,0,0
r4k4memgy6ac1.webp,2,4,7,7,0.9981,adaptive,0.1194,1,0.0739,0,0,0,0
r4k4memgy6ac1.webp,2,5,6,6,0.9883,adaptive,0.1309,1,0.1017,0,0,0,0
r4k4memgy6ac1.webp,2,6,1,1,0.9934,adaptive,0.0987,1,0.07,0,0,0,0
r4k4memgy6ac1.webp,2,7,2,2,0.9944,adaptive,0.1373,1,0.0918,0,0,0,0
r4k4memgy6ac1.webp,2,8,3,3,0.9991,adaptive,0.1141,1,0.084,0,0,0,0
r4k4memgy6ac1.webp,2,9,9,9,0.9993,adaptive,0.1331,1,0.1038,0,0,0,0
r4k4memgy6ac1.webp,3,1,6,6,0.9845,adaptive,0.1331,1,0.1028,0,0,0,0
r4k4memgy6ac1.webp,3,2,7,7,0.9978,adaptive,0.0742,1,0.0732,0,0,0,0
r4k4memgy6ac1.webp,3,3,3,3,0.9982,adaptive,0.1095,1,0.082,0,0,0,0
r4k4memgy6ac1.webp,3,4,4,4,0.8243,adaptive,0.126,1,0.0806,0,0,0,0
r4k4memgy6ac1.webp,3,5,9,9,0.9992,adaptive,0.1318,1,0.1033,0,0,0,0
r4k4memgy6ac1.webp,3,6,2,2,0.9953,adaptive,0.1226,1,0.095,0,0,0,0
r4k4memgy6ac1.webp,3,7,5,5,0.9985,adaptive,0.1433,1,0.0856,0,0,0,0
r4k4memgy6ac1.webp,3,8,1,1,0.9955,adaptive,0.1031,1,0.07,0,0,0,0
r4k4memgy6ac1.webp,3,9,8,8,0.9991,adaptive,0.1527,1,0.1118,0,0,0,0
r4k4memgy6ac1.webp,4,2,9,9,0.9997,adaptive,0.1481,1,0.1026,0,0,0,0
r4k4memgy6ac1.webp,4,3,6,6,0.974,adaptive,0.1738,1,0.1038,0,0,0,0
r4k4memgy6ac1.webp,4,4,8,8,0.9991,adaptive,0.2,1,0.1113,0,0,0,0
r4k4memgy6ac1.webp,4,5,4,4,0.9037,adaptive,0.1524,1,0.0808,0,0,0,0
r4k4memgy6ac1.webp,4,6,7,7,0.9985,adaptive,0.1348,1,0.0742,0,0,0,0
r4k4memgy6ac1.webp,4,8,5,5,0.9984,adaptive,0.1607,1,0.0888,0,0,0,0
r4k4memgy6ac1.webp,4,9,2,2,0.9871,adaptive,0.1478,1,0.0893,0,0,0,0
r4k4memgy6ac1.webp,5,1,7,7,0.9986,adaptive,0.1143,1,0.0705,0,0,0,0
r4k4memgy6ac1.webp,5,3,5,5,0.9976,adaptive,0.1286,1,0.0847,0,0,0,0
r4k4memgy6ac1.webp,5,4,9,9,0.9995,adaptive,0.1618,1,0.1031,0,0,0,0
r4k4memgy6ac1.webp,5,5,2,2,0.9906,adaptive,0.1359,1,0.0921,0,0,0,0
r4k4memgy6ac1.webp,5,6,6,6,0.9738,adaptive,0.135,1,0.1038,0,0,0,0
r4k4memgy6ac1.webp,5,7,8,8,0.9994,adaptive,0.1694,1,0.1109,0,0,0,0
r4k4memgy6ac1.webp,5,8,4,4,0.9137,adaptive,0.1253,1,0.0801,0,0,0,0
r4k4memgy6ac1.webp,6,1,2,2,0.9902,adaptive,0.1485,1,0.0909,0,0,0,0
r4k4memgy6ac1.webp,6,2,4,4,0.9263,adaptive,0.123,1,0.0794,0,0,0,0
r4k4memgy6ac1.webp,6,3,8,8,0.9995,adaptive,0.1664,1,0.1109,0,0,0,0
r4k4memgy6ac1.webp,6,4,5,5,0.9984,adaptive,0.1616,1,0.0898,0,0,0,0
r4k4memgy6ac1.webp,6,5,1,1,0.9946,adaptive,0.1201,1,0.0631,0,0,0,0
r4k4memgy6ac1.webp,6,6,3,3,0.9991,adaptive,0.1276,1,0.0826,0,0,0,0
r4k4memgy6ac1.webp,6,7,6,6,0.9776,adaptive,0.1745,1,0.1031,0,0,0,0
r4k4memgy6ac1.webp,6,8,9,9,0.9991,adaptive,0.16,1,0.1028,0,0,0,0
r4k4memgy6ac1.webp,6,9,7,7,0.999,adaptive,0.127,1,0.0714,0,0,0,0
r4k4memgy6ac1.webp,7,2,8,8,0.9998,adaptive,0.1568,1,0.1113,0,0,0,0
r4k4memgy6ac1.webp,7,3,2,2,0.9875,adaptive,0.1635,1,0.0932,0,0,0,0
r4k4memgy6ac1.webp,7,4,6,6,0.9791,adaptive,0.1921,1,0.1038,0,0,0,0
r4k4memgy6ac1.webp,7,6,4,4,0.9138,adaptive,0.14,1,0.0806,0,0,0,0
r4k4memgy6ac1.webp,7,7,9,9,0.9995,adaptive,0.191,1,0.1022,0,0,0,0
r4k4memgy6ac1.webp,7,8,7,7,0.9991,adaptive,0.1414,1,0.07,0,0,0,0
r4k4memgy6ac1.webp,8,1,4,4,0.927,adaptive,0.1389,1,0.0813,0,0,0,0
r4k4memgy6ac1.webp,8,3,7,7,0.9986,adaptive,0.1263,1,0.0702,0,0,0,0
r4k4memgy6ac1.webp,8,4,2,2,0.996,adaptive,0.1616,1,0.0898,0,0,0,0
r4k4memgy6ac1.webp,8,6,9,9,0.9989,adaptive,0.1488,1,0.1033,0,0,0,0
r4k4memgy6ac1.webp,8,8,8,8,0.9988,adaptive,0.169,1,0.1109,0,0,0,0
r4k4memgy6ac1.webp,9,1,5,5,0.9992,adaptive,0.1449,1,0.0884,0,0,0,0
r4k4memgy6ac1.webp,9,3,9,9,0.9982,adaptive,0.1639,1,0.1031,0,0,0,0
r4k4memgy6ac1.webp,9,4,1,1,0.9928,adaptive,0.124,1,0.0652,0,0,0,0
r4k4memgy6ac1.webp,9,5,7,7,0.9992,adaptive,0.118,1,0.0751,0,0,0,0
r4k4memgy6ac1.webp,9,6,8,8,0.9994,adaptive,0.1433,1,0.1123,0,0,0,0
r4k4memgy6ac1.webp,9,7,4,4,0.8496,adaptive,0.1389,1,0.0806,0,0,0,0
r4k4memgy6ac1.webp,9,8,2,2,0.9925,adaptive,0.1375,1,0.0925,0,0,0,0
9p3wy0w89x0d1.webp,1,1,7,7,0.9948,adaptive,0.1793,1,0.0705,0,0,0,0
9p3wy0w89x0d1.webp,1,2,4,4,0.9667,adaptive,0.1614,1,0.0783,0,0,0,0
9p3wy0w89x0d1.webp,1,3,0,0,0.9569,adaptive,0.084,0,0.0,0,0,0,0
9p3wy0w89x0d1.webp,1,4,9,9,0.9957,adaptive,0.1931,1,0.1008,0,0,0,0
9p3wy0w89x0d1.webp,1,5,0,0,0.9569,adaptive,0.0822,0,0.0,0,0,0,0
9p3wy0w89x0d1.webp,1,6,0,0,0.9569,adaptive,0.0797,0,0.0,0,0,0,0
9p3wy0w89x0d1.webp,1,7,6,6,0.9665,adaptive,0.2119,1,0.1019,0,0,0,0
9p3wy0w89x0d1.webp,1,8,0,0,0.9569,adaptive,0.1038,0,0.0,0,0,0,0
9p3wy0w89x0d1.webp,1,9,0,0,0.9569,adaptive,0.1031,1,0.0,0,1,0,0
9p3wy0w89x0d1.webp,2,1,0,0,0.9569,adaptive,0.0725,0,0.0,0,0,0,0
9p3wy0w89x0d1.webp,2,2,0,0,0.9569,adaptive,0.0432,0,0.0,0,0,0,0
9p3wy0w89x0d1.webp,2,3,2,2,0.9944,adaptive,0.1304,1,0.087,0,0,0,0
9p3wy0w89x0d1.webp,2,4,6,6,0.945,adaptive,0.1614,1,0.1026,0,0,0,0
9p3wy0w89x0d1.webp,2,5,0,0,0.9569,adaptive,0.0471,0,0.0,0,0,0,0
9p3wy0w89x0d1.webp,2,6,0,0,0.9569,adaptive,0.0441,0,0.0,0,0,0,0
9p3wy0w89x0d1.webp,2,7,0,0,0.9569,adaptive,0.0728,0,0.0,0,0,0,0
9p3wy0w89x0d1.webp,2,8,3,3,0.9967,adaptive,0.1439,1,0.079,0,0,0,0
9p3wy0w89x0d1.webp,2,9,0,0,0.9569,adaptive,0.0675,3,0.0051,2,0,0,0
9p3wy0w89x0d1.webp,3,1,0,0,0.9569,adaptive,0.0849,0,0.0,0,0,0,0
9p3wy0w89x0d1.webp,3,2,0,0,0.9569,adaptive,0.0565,0,0.0,0,0,0,0
9p3wy0w89x0d1.webp,3,3,0,0,0.9569,adaptive,0.0588,0,0.0,0,0,0,0
9p3wy0w89x0d1.webp,3,4,2,2,0.9955,adaptive,0.1625,1,0.0891,0,0,0,0
9p3wy0w89x0d1.webp,3,5,0,0,0.9569,adaptive,0.0579,0,0.0,0,0,0,0
9p3wy0w89x0d1.webp,3,6,0,0,0.9569,adaptive,0.0579,0,0.0,0,0,0,0
9p3wy0w89x0d1.webp,3,7,5,5,0.998,adaptive,0.1724,1,0.0849,0,0,0,0
9p3wy0w89x0d1.webp,3,8,0,0,0.9569,adaptive,0.0803,0,0.0,0,0,0,0
9p3wy0w89x0d1.webp,3,9,0,0,0.9569,adaptive,0.081,4,0.0051,3,0,0,0
9p3wy0w89x0d1.webp,4,1,0,0,0.9569,adaptive,0.0996,0,0.0,0,0,0,0
9p3wy0w89x0d1.webp,4,2,0,0,0.9569,adaptive,0.0712,0,0.0,0,0,0,0
9p3wy0w89x0d1.webp,4,3,0,0,0.9569,adaptive,0.0742,0,0.0,0,0,0,0
9p3wy0w89x0d1.webp,4,4,0,0,0.9569,adaptive,0.0888,0,0.0,0,0,0,0
9p3wy0w89x0d1.webp,4,5,0,0,0.9569,adaptive,0.0719,0,0.0,0,0,0,0
9p3wy0w89x0d1.webp,4,6,0,0,0.9569,adaptive,0.0725,0,0.0,0,0,0,0
9p3wy0w89x0d1.webp,4,7,0,0,0.9569,adaptive,0.1033,0,0.0,0,0,0,0
9p3wy0w89x0d1.webp,4,8,0,0,0.9569,adaptive,0.093,0,0.0,0,0,0,0
9p3wy0w89x0d1.webp,4,9,0,0,0.9569,adaptive,0.0932,1,0.0,0,1,0,0
9p3wy0w89x0d1.webp,5,1,0,0,0.9569,adaptive,0.0854,0,0.0,0,0,0,0
9p3wy0w89x0d1.webp,5,2,1,1,0.9905,adaptive,0.1244,1,0.0668,0,0,0,0
9p3wy0w89x0d1.webp,5,3,5,5,0.9987,adaptive,0.1439,1,0.0875,0,0,0,0
9p3wy0w89x0d1.webp,5,4,0,0,0.9569,adaptive,0.07,0,0.0,0,0,0,0
9p3wy0w89x0d1.webp,5,5,0,0,0.9569,adaptive,0.0657,0,0.0,0,0,0,0
9p3wy0w89x0d1.webp,5,6,4,4,0.8481,adaptive,0.1366,1,0.0794,0,0,0,0
9p3wy0w89x0d1.webp,5,7,0,0,0.9569,adaptive,0.0838,0,0.0,0,0,0,0
9p3wy0w89x0d1.webp,5,8,0,0,0.9569,adaptive,0.0794,0,0.0,0,0,0,0
9p3wy0w89x0d1.webp,5,9,3,3,0.9986,adaptive,0.1517,1,0.0813,0,0,0,0
9p3wy0w89x0d1.webp,6,1,4,4,0.9109,adaptive,0.1667,1,0.0803,0,0,0,0
9p3wy0w89x0d1.webp,6,2,7,7,0.9991,adaptive,0.1304,1,0.0735,0,0,0,0
9p3wy0w89x0d1.webp,6,3,0,0,0.9569,adaptive,0.0574,0,0.0,0,0,0,0
9p3wy0w89x0d1.webp,6,4,0,0,0.9569,adaptive,0.0716,0,0.0,0,0,0,0
9p3wy0w89x0d1.webp,6,5,0,0,0.9569,adaptive,0.0645,0,0.0,0,0,0,0
9p3wy0w89x0d1.webp,6,6,8,8,0.9997,adaptive,0.1699,1,0.11,0,0,0,0
9p3wy0w89x0d1.webp,6,7,0,0,0.9569,adaptive,0.0854,0,0.0,0,0,0,0
9p3wy0w89x0d1.webp,6,8,0,0,0.9569,adaptive,0.0774,0,0.0,0,0,0,0
9p3wy0w89x0d1.webp,6,9,9,9,0.9978,adaptive,0.1786,3,0.1003,2,0,0,0
9p3wy0w89x0d1.webp,7,1,5,5,0.9988,adaptive,0.2,1,0.087,0,0,0,0
9p3wy0w89x0d1.webp,7,2,0,0,0.9569,adaptive,0.0852,0,0.0,0,0,0,0
9p3wy0w89x0d1.webp,7,3,0,0,0.9569,adaptive,0.0886,0,0.0,0,0,0,0
9p3wy0w89x0d1.webp,7,4,0,0,0.9569,adaptive,0.1028,0,0.0,0,0,0,0
9p3wy0w89x0d1.webp,7,5,0,0,0.9569,adaptive,0.0902,0,0.0,0,0,0,0
9p3wy0w89x0d1.webp,7,6,0,0,0.9569,adaptive,0.0863,0,0.0,0,0,0,0
9p3wy0w89x0d1.webp,7,7,0,0,0.9569,adaptive,0.1175,0,0.0,0,0,0,0
9p3wy0w89x0d1.webp,7,8,0,0,0.9569,adaptive,0.1012,0,0.0,0,0,0,0
9p3wy0w89x0d1.webp,7,9,0,0,0.9569,adaptive,0.1001,2,0.0,2,0,0,0
9p3wy0w89x0d1.webp,8,1,0,0,0.9569,adaptive,0.0985,0,0.0,0,0,0,0
9p3wy0w89x0d1.webp,8,2,0,0,0.9569,adaptive,0.0702,0,0.0,0,0,0,0
9p3wy0w89x0d1.webp,8,3,0,0,0.9569,adaptive,0.0705,0,0.0,0,0,0,0
9p3wy0w89x0d1.webp,8,4,0,0,0.9569,adaptive,0.0847,0,0.0,0,0,0,0
9p3wy0w89x0d1.webp,8,5,0,0,0.9569,adaptive,0.0817,0,0.0,0,0,0,0
9p3wy0w89x0d1.webp,8,6,0,0,0.9569,adaptive,0.0753,0,0.0,0,0,0,0
9p3wy0w89x0d1.webp,8,7,0,0,0.9569,adaptive,0.0983,0,0.0,0,0,0,0
9p3wy0w89x0d1.webp,8,8,4,4,0.8451,adaptive,0.1685,1,0.079,0,0,0,0
9p3wy0w89x0d1.webp,8,9,8,8,0.9995,adaptive,0.1954,1,0.1097,0,0,0,0
9p3wy0w89x0d1.webp,9,1,0,0,0.9569,adaptive,0.0989,0,0.0,0,0,0,0
9p3wy0w89x0d1.webp,9,2,6,6,0.9444,adaptive,0.1736,1,0.1026,0,0,0,0
9p3wy0w89x0d1.webp,9,3,9,9,0.9988,adaptive,0.1717,1,0.101,0,0,0,0
9p3wy0w89x0d1.webp,9,4,0,0,0.9569,adaptive,0.0852,0,0.0,0,0,0,0
9p3wy0w89x0d1.webp,9,5,3,3,0.9994,adaptive,0.154,1,0.081,0,0,0,0
9p3wy0w89x0d1.webp,9,6,0,0,0.9569,adaptive,0.0748,0,0.0,0,0,0,0
9p3wy0w89x0d1.webp,9,7,0,0,0.9569,adaptive,0.0983,0,0.0,0,0,0,0
9p3wy0w89x0d1.webp,9,8,1,1,0.9945,adaptive,0.1478,1,0.062,0,0,0,0
9p3wy0w89x0d1.webp,9,9,0,0,0.9569,adaptive,0.0856,0,0.0,0,0,0,0
uf3lgp4i6wdc1.webp,1,2,4,4,0.9983,adaptive,0.1738,1,0.0923,0,0,0,0
uf3lgp4i6wdc1.webp,1,3,3,3,0.9968,adaptive,0.194,1,0.0944,0,0,0,0
uf3lgp4i6wdc1.webp,1,9,5,5,0.9961,adaptive,0.1915,1,0.104,0,0,0,0
uf3lgp4i6wdc1.webp,2,2,5,5,0.9972,adaptive,0.1915,1,0.104,0,0,0,0
uf3lgp4i6wdc1.webp,2,5,6,6,0.9669,adaptive,0.1988,1,0.1116,0,0,0,0
uf3lgp4i6wdc1.webp,2,6,3,3,0.9987,adaptive,0.1944,1,0.0941,0,0,0,0
uf3lgp4i6wdc1.webp,3,4,2,2,0.9988,adaptive,0.2103,1,0.0964,0,0,0,0
uf3lgp4i6wdc1.webp,3,5,4,4,0.9979,adaptive,0.1919,1,0.0914,0,0,0,0
uf3lgp4i6wdc1.webp,3,6,5,5,0.9967,adaptive,0.216,1,0.1042,0,0,0,0
uf3lgp4i6wdc1.webp,4,1,1,1,0.9734,adaptive,0.1467,1,0.0581,0,0,0,0
uf3lgp4i6wdc1.webp,4,2,8,8,0.9996,adaptive,0.214,1,0.1127,0,0,0,0
uf3lgp4i6wdc1.webp,4,4,5,5,0.9961,adaptive,0.2188,1,0.1038,0,0,0,0
uf3lgp4i6wdc1.webp,4,6,4,4,0.9985,adaptive,0.2057,1,0.0914,0,0,0,0
uf3lgp4i6wdc1.webp,4,8,9,9,0.9973,adaptive,0.2128,1,0.1113,0,0,0,0
uf3lgp4i6wdc1.webp,4,9,6,6,0.9569,adaptive,0.2117,1,0.1102,0,0,0,0
uf3lgp4i6wdc1.webp,5,1,5,5,0.9968,adaptive,0.177,1,0.104,0,0,0,0
uf3lgp4i6wdc1.webp,5,2,6,6,0.9857,adaptive,0.2,1,0.1127,0,0,0,0
uf3lgp4i6wdc1.webp,5,3,4,4,0.998,adaptive,0.1928,1,0.0921,0,0,0,0
uf3lgp4i6wdc1.webp,5,8,8,8,0.9995,adaptive,0.2,1,0.1127,0,0,0,0
uf3lgp4i6wdc1.webp,5,9,2,2,0.9989,adaptive,0.1839,1,0.0966,0,0,0,0
uf3lgp4i6wdc1.webp,6,4,6,6,0.9841,adaptive,0.2158,1,0.1125,0,0,0,0
uf3lgp4i6wdc1.webp,6,7,5,5,0.997,adaptive,0.2068,1,0.1024,0,0,0,0
uf3lgp4i6wdc1.webp,7,1,4,4,0.9964,adaptive,0.1798,1,0.0914,0,0,0,0
uf3lgp4i6wdc1.webp,7,4,3,3,0.9967,adaptive,0.2098,1,0.0946,0,0,0,0
uf3lgp4i6wdc1.webp,7,7,9,9,0.9957,adaptive,0.2259,1,0.1109,0,0,0,0
uf3lgp4i6wdc1.webp,7,8,5,5,0.9969,adaptive,0.2045,1,0.1028,0,0,0,0
uf3lgp4i6wdc1.webp,8,1,2,2,0.9991,adaptive,0.1699,1,0.0969,0,0,0,0
uf3lgp4i6wdc1.webp,8,4,4,4,0.998,adaptive,0.1949,1,0.093,0,0,0,0
uf3lgp4i6wdc1.webp,8,5,5,5,0.997,adaptive,0.1915,1,0.1035,0,0,0,0
uf3lgp4i6wdc1.webp,8,7,1,1,0.9749,adaptive,0.1593,1,0.0576,0,0,0,0
uf3lgp4i6wdc1.webp,9,3,5,5,0.9976,adaptive,0.2043,1,0.1028,0,0,0,0
uf3lgp4i6wdc1.webp,9,4,8,8,0.9996,adaptive,0.2149,1,0.1134,0,0,0,0
uf3lgp4i6wdc1.webp,9,5,7,7,0.9997,adaptive,0.1609,1,0.0728,0,0,0,0
